2025-07-03T19:32:25.7895466Z Current runner version: '2.325.0'
2025-07-03T19:32:25.7920631Z ##[group]Runner Image Provisioner
2025-07-03T19:32:25.7921678Z Hosted Compute Agent
2025-07-03T19:32:25.7922273Z Version: 20250703.357
2025-07-03T19:32:25.7922852Z Commit: 07daf62238a21140d93e045a38f3784d75c509e1
2025-07-03T19:32:25.7923611Z Build Date: 2025-07-03T14:39:09Z
2025-07-03T19:32:25.7924216Z ##[endgroup]
2025-07-03T19:32:25.7924762Z ##[group]Operating System
2025-07-03T19:32:25.7925410Z Ubuntu
2025-07-03T19:32:25.7925872Z 24.04.2
2025-07-03T19:32:25.7926335Z LTS
2025-07-03T19:32:25.7926878Z ##[endgroup]
2025-07-03T19:32:25.7927427Z ##[group]Runner Image
2025-07-03T19:32:25.7928037Z Image: ubuntu-24.04
2025-07-03T19:32:25.7928776Z Version: 20250622.1.0
2025-07-03T19:32:25.7929793Z Included Software: https://github.com/actions/runner-images/blob/ubuntu24/20250622.1/images/ubuntu/Ubuntu2404-Readme.md
2025-07-03T19:32:25.7931425Z Image Release: https://github.com/actions/runner-images/releases/tag/ubuntu24%2F20250622.1
2025-07-03T19:32:25.7932462Z ##[endgroup]
2025-07-03T19:32:25.7933587Z ##[group]GITHUB_TOKEN Permissions
2025-07-03T19:32:25.7935532Z Contents: write
2025-07-03T19:32:25.7936223Z Metadata: read
2025-07-03T19:32:25.7936811Z ##[endgroup]
2025-07-03T19:32:25.7939244Z Secret source: Actions
2025-07-03T19:32:25.7940099Z Prepare workflow directory
2025-07-03T19:32:25.8333668Z Prepare all required actions
2025-07-03T19:32:25.8371585Z Getting action download info
2025-07-03T19:32:26.2603344Z ##[group]Download immutable action package 'actions/checkout@v4'
2025-07-03T19:32:26.2604573Z Version: 4.2.2
2025-07-03T19:32:26.2605751Z Digest: sha256:ccb2698953eaebd21c7bf6268a94f9c26518a7e38e27e0b83c1fe1ad049819b1
2025-07-03T19:32:26.2606919Z Source commit SHA: 11bd71901bbe5b1630ceea73d27597364c9af683
2025-07-03T19:32:26.2607635Z ##[endgroup]
2025-07-03T19:32:26.3498781Z Download action repository 'oven-sh/setup-bun@v2' (SHA:735343b667d3e6f658f44d0eca948eb6282f2b76)
2025-07-03T19:32:27.0659344Z ##[group]Download immutable action package 'actions/setup-python@v4'
2025-07-03T19:32:27.0660809Z Version: 4.9.1
2025-07-03T19:32:27.0662041Z Digest: sha256:f03e505388af670b5a108629e0ba26befc08d5c62b41f46146a45fe29ae509a5
2025-07-03T19:32:27.0663765Z Source commit SHA: 7f4fc3e22c37d6ff65e88745f38bd3157c663f7c
2025-07-03T19:32:27.0665053Z ##[endgroup]
2025-07-03T19:32:27.4570978Z Download action repository 'stefanzweifel/git-auto-commit-action@v5' (SHA:b863ae1933cb653a53c021fe36dbb774e1fb9403)
2025-07-03T19:32:27.9953473Z Complete job name: combined-workflow
2025-07-03T19:32:28.0664019Z ##[group]Run actions/checkout@v4
2025-07-03T19:32:28.0665114Z with:
2025-07-03T19:32:28.0666330Z   token: ***
2025-07-03T19:32:28.0666850Z   fetch-depth: 0
2025-07-03T19:32:28.0667403Z   repository: exball/sing-box-config
2025-07-03T19:32:28.0668015Z   ssh-strict: true
2025-07-03T19:32:28.0668746Z   ssh-user: git
2025-07-03T19:32:28.0669300Z   persist-credentials: true
2025-07-03T19:32:28.0669898Z   clean: true
2025-07-03T19:32:28.0670431Z   sparse-checkout-cone-mode: true
2025-07-03T19:32:28.0671059Z   fetch-tags: false
2025-07-03T19:32:28.0671581Z   show-progress: true
2025-07-03T19:32:28.0672094Z   lfs: false
2025-07-03T19:32:28.0672574Z   submodules: false
2025-07-03T19:32:28.0673092Z   set-safe-directory: true
2025-07-03T19:32:28.0674099Z ##[endgroup]
2025-07-03T19:32:28.1742994Z Syncing repository: exball/sing-box-config
2025-07-03T19:32:28.1744692Z ##[group]Getting Git version info
2025-07-03T19:32:28.1745339Z Working directory is '/home/runner/work/sing-box-config/sing-box-config'
2025-07-03T19:32:28.1746117Z [command]/usr/bin/git version
2025-07-03T19:32:28.1784548Z git version 2.49.0
2025-07-03T19:32:28.1810226Z ##[endgroup]
2025-07-03T19:32:28.1823896Z Temporarily overriding HOME='/home/runner/work/_temp/b5093349-47ae-4103-ada1-08eab91a81ba' before making global git config changes
2025-07-03T19:32:28.1824999Z Adding repository directory to the temporary git global config as a safe directory
2025-07-03T19:32:28.1836526Z [command]/usr/bin/git config --global --add safe.directory /home/runner/work/sing-box-config/sing-box-config
2025-07-03T19:32:28.1871469Z Deleting the contents of '/home/runner/work/sing-box-config/sing-box-config'
2025-07-03T19:32:28.1874731Z ##[group]Initializing the repository
2025-07-03T19:32:28.1879221Z [command]/usr/bin/git init /home/runner/work/sing-box-config/sing-box-config
2025-07-03T19:32:28.1949762Z hint: Using 'master' as the name for the initial branch. This default branch name
2025-07-03T19:32:28.1950893Z hint: is subject to change. To configure the initial branch name to use in all
2025-07-03T19:32:28.1951769Z hint: of your new repositories, which will suppress this warning, call:
2025-07-03T19:32:28.1952535Z hint:
2025-07-03T19:32:28.1953432Z hint: 	git config --global init.defaultBranch <name>
2025-07-03T19:32:28.1954176Z hint:
2025-07-03T19:32:28.1954873Z hint: Names commonly chosen instead of 'master' are 'main', 'trunk' and
2025-07-03T19:32:28.1955954Z hint: 'development'. The just-created branch can be renamed via this command:
2025-07-03T19:32:28.1956812Z hint:
2025-07-03T19:32:28.1957339Z hint: 	git branch -m <name>
2025-07-03T19:32:28.1958232Z Initialized empty Git repository in /home/runner/work/sing-box-config/sing-box-config/.git/
2025-07-03T19:32:28.1969413Z [command]/usr/bin/git remote add origin https://github.com/exball/sing-box-config
2025-07-03T19:32:28.2001808Z ##[endgroup]
2025-07-03T19:32:28.2002945Z ##[group]Disabling automatic garbage collection
2025-07-03T19:32:28.2005619Z [command]/usr/bin/git config --local gc.auto 0
2025-07-03T19:32:28.2033344Z ##[endgroup]
2025-07-03T19:32:28.2034004Z ##[group]Setting up auth
2025-07-03T19:32:28.2040172Z [command]/usr/bin/git config --local --name-only --get-regexp core\.sshCommand
2025-07-03T19:32:28.2069219Z [command]/usr/bin/git submodule foreach --recursive sh -c "git config --local --name-only --get-regexp 'core\.sshCommand' && git config --local --unset-all 'core.sshCommand' || :"
2025-07-03T19:32:28.2337611Z [command]/usr/bin/git config --local --name-only --get-regexp http\.https\:\/\/github\.com\/\.extraheader
2025-07-03T19:32:28.2367790Z [command]/usr/bin/git submodule foreach --recursive sh -c "git config --local --name-only --get-regexp 'http\.https\:\/\/github\.com\/\.extraheader' && git config --local --unset-all 'http.https://github.com/.extraheader' || :"
2025-07-03T19:32:28.2584307Z [command]/usr/bin/git config --local http.https://github.com/.extraheader AUTHORIZATION: basic ***
2025-07-03T19:32:28.2618144Z ##[endgroup]
2025-07-03T19:32:28.2619750Z ##[group]Fetching the repository
2025-07-03T19:32:28.2636021Z [command]/usr/bin/git -c protocol.version=2 fetch --prune --no-recurse-submodules origin +refs/heads/*:refs/remotes/origin/* +refs/tags/*:refs/tags/*
2025-07-03T19:32:29.7330296Z From https://github.com/exball/sing-box-config
2025-07-03T19:32:29.7330980Z  * [new branch]      Master     -> origin/Master
2025-07-03T19:32:29.7373195Z [command]/usr/bin/git branch --list --remote origin/Master
2025-07-03T19:32:29.7396818Z   origin/Master
2025-07-03T19:32:29.7409990Z [command]/usr/bin/git rev-parse refs/remotes/origin/Master
2025-07-03T19:32:29.7432228Z d63ea68e00cefa1d84823d9440a3f138facc2412
2025-07-03T19:32:29.7439837Z ##[endgroup]
2025-07-03T19:32:29.7440346Z ##[group]Determining the checkout info
2025-07-03T19:32:29.7441800Z ##[endgroup]
2025-07-03T19:32:29.7446625Z [command]/usr/bin/git sparse-checkout disable
2025-07-03T19:32:29.7487540Z [command]/usr/bin/git config --local --unset-all extensions.worktreeConfig
2025-07-03T19:32:29.7514823Z ##[group]Checking out the ref
2025-07-03T19:32:29.7518861Z [command]/usr/bin/git checkout --progress --force -B Master refs/remotes/origin/Master
2025-07-03T19:32:30.1331543Z Switched to a new branch 'Master'
2025-07-03T19:32:30.1332568Z branch 'Master' set up to track 'origin/Master'.
2025-07-03T19:32:30.1352399Z ##[endgroup]
2025-07-03T19:32:30.1393509Z [command]/usr/bin/git log -1 --format=%H
2025-07-03T19:32:30.1416936Z d63ea68e00cefa1d84823d9440a3f138facc2412
2025-07-03T19:32:30.1602013Z ##[group]Run oven-sh/setup-bun@v2
2025-07-03T19:32:30.1602452Z with:
2025-07-03T19:32:30.1602641Z   no-cache: false
2025-07-03T19:32:30.1602833Z ##[endgroup]
2025-07-03T19:32:30.2840164Z Downloading a new version of Bun: https://bun.sh/download/latest/linux/x64?avx2=true&profile=false
2025-07-03T19:32:31.4950373Z [command]/usr/bin/unzip -o -q /home/runner/work/_temp/f99b447a-1e6d-459e-b33a-a96f15c81c81.zip
2025-07-03T19:32:32.2543277Z [command]/home/runner/.bun/bin/bun --revision
2025-07-03T19:32:32.2580276Z 1.2.18+0d4089ea7
2025-07-03T19:32:32.2771499Z ##[group]Run cd proxy-scaner && bun install && bun run ./proxyip.ts
2025-07-03T19:32:32.2772050Z [36;1mcd proxy-scaner && bun install && bun run ./proxyip.ts[0m
2025-07-03T19:32:32.2865046Z shell: /usr/bin/bash -e {0}
2025-07-03T19:32:32.2865343Z ##[endgroup]
2025-07-03T19:32:32.2996313Z bun install v1.2.18 (0d4089ea)
2025-07-03T19:32:32.3019557Z 
2025-07-03T19:32:32.3019951Z Checked 102 installs across 101 packages (no changes) [4.00ms]
2025-07-03T19:32:32.9748205Z [1/12541] Proxy disimpan: 1
2025-07-03T19:32:32.9784622Z [2/12541] Proxy disimpan: 2
2025-07-03T19:32:32.9822048Z [42/12541] Proxy disimpan: 3
2025-07-03T19:32:33.0008038Z [56/12541] Proxy disimpan: 4
2025-07-03T19:32:33.0070481Z [64/12541] Proxy disimpan: 5
2025-07-03T19:32:33.0660048Z [65/12541] Proxy disimpan: 6
2025-07-03T19:32:33.0775676Z [95/12541] Proxy disimpan: 7
2025-07-03T19:32:33.0823072Z [97/12541] Proxy disimpan: 8
2025-07-03T19:32:33.0956477Z [67/12541] Proxy disimpan: 9
2025-07-03T19:32:33.1161837Z [69/12541] Proxy disimpan: 10
2025-07-03T19:32:33.1216462Z [99/12541] Proxy disimpan: 11
2025-07-03T19:32:33.1474322Z [85/12541] Proxy disimpan: 12
2025-07-03T19:32:33.1503491Z [70/12541] Proxy disimpan: 13
2025-07-03T19:32:33.1606527Z [73/12541] Proxy disimpan: 14
2025-07-03T19:32:33.1625701Z [78/12541] Proxy disimpan: 15
2025-07-03T19:32:33.1687740Z [84/12541] Proxy disimpan: 16
2025-07-03T19:32:33.1782724Z [102/12541] Proxy disimpan: 17
2025-07-03T19:32:33.1818673Z [14/12541] Proxy disimpan: 18
2025-07-03T19:32:33.1825951Z [13/12541] Proxy disimpan: 19
2025-07-03T19:32:33.1856811Z [21/12541] Proxy disimpan: 20
2025-07-03T19:32:33.1880758Z [10/12541] Proxy disimpan: 21
2025-07-03T19:32:33.1900650Z [76/12541] Proxy disimpan: 22
2025-07-03T19:32:33.1933608Z [50/12541] Proxy disimpan: 23
2025-07-03T19:32:33.1949657Z [66/12541] Proxy disimpan: 24
2025-07-03T19:32:33.1966419Z [19/12541] Proxy disimpan: 25
2025-07-03T19:32:33.1983830Z [75/12541] Proxy disimpan: 26
2025-07-03T19:32:33.2019963Z [18/12541] Proxy disimpan: 27
2025-07-03T19:32:33.2057422Z [41/12541] Proxy disimpan: 28
2025-07-03T19:32:33.2083265Z [28/12541] Proxy disimpan: 29
2025-07-03T19:32:33.2136580Z [53/12541] Proxy disimpan: 30
2025-07-03T19:32:33.2137848Z [30/12541] Proxy disimpan: 31
2025-07-03T19:32:33.2139873Z [24/12541] Proxy disimpan: 32
2025-07-03T19:32:33.2728887Z [114/12541] Proxy disimpan: 33
2025-07-03T19:32:33.2851429Z [115/12541] Proxy disimpan: 34
2025-07-03T19:32:33.3038108Z [117/12541] Proxy disimpan: 35
2025-07-03T19:32:33.3077070Z [118/12541] Proxy disimpan: 36
2025-07-03T19:32:33.3115262Z [119/12541] Proxy disimpan: 37
2025-07-03T19:32:33.3341618Z [120/12541] Proxy disimpan: 38
2025-07-03T19:32:33.3508049Z [121/12541] Proxy disimpan: 39
2025-07-03T19:32:33.3609848Z [122/12541] Proxy disimpan: 40
2025-07-03T19:32:33.3665484Z [123/12541] Proxy disimpan: 41
2025-07-03T19:32:33.3692785Z [124/12541] Proxy disimpan: 42
2025-07-03T19:32:33.3717701Z [26/12541] Proxy disimpan: 43
2025-07-03T19:32:33.3757412Z [125/12541] Proxy disimpan: 44
2025-07-03T19:32:33.3804130Z [127/12541] Proxy disimpan: 45
2025-07-03T19:32:33.3824562Z [126/12541] Proxy disimpan: 46
2025-07-03T19:32:33.3851360Z [72/12541] Proxy disimpan: 47
2025-07-03T19:32:33.4077410Z [17/12541] Proxy disimpan: 48
2025-07-03T19:32:33.4222804Z [128/12541] Proxy disimpan: 49
2025-07-03T19:32:33.4262308Z [130/12541] Proxy disimpan: 50
2025-07-03T19:32:33.4309417Z [129/12541] Proxy disimpan: 51
2025-07-03T19:32:33.4383112Z [132/12541] Proxy disimpan: 52
2025-07-03T19:32:33.4421333Z [131/12541] Proxy disimpan: 53
2025-07-03T19:32:33.4474702Z [20/12541] Proxy disimpan: 54
2025-07-03T19:32:33.4559575Z [35/12541] Proxy disimpan: 55
2025-07-03T19:32:33.4576466Z [134/12541] Proxy disimpan: 56
2025-07-03T19:32:33.4594167Z [25/12541] Proxy disimpan: 57
2025-07-03T19:32:33.4649935Z [133/12541] Proxy disimpan: 58
2025-07-03T19:32:33.4807892Z [136/12541] Proxy disimpan: 59
2025-07-03T19:32:33.4889589Z [135/12541] Proxy disimpan: 60
2025-07-03T19:32:33.4920615Z [109/12541] Proxy disimpan: 61
2025-07-03T19:32:33.5247764Z [12/12541] Proxy disimpan: 62
2025-07-03T19:32:33.5343088Z [137/12541] Proxy disimpan: 63
2025-07-03T19:32:33.6289164Z [143/12541] Proxy disimpan: 64
2025-07-03T19:32:33.6402687Z [147/12541] Proxy disimpan: 65
2025-07-03T19:32:33.6586908Z [149/12541] Proxy disimpan: 66
2025-07-03T19:32:33.6653450Z [155/12541] Proxy disimpan: 67
2025-07-03T19:32:33.6773690Z [151/12541] Proxy disimpan: 68
2025-07-03T19:32:33.6873440Z [158/12541] Proxy disimpan: 69
2025-07-03T19:32:33.6896142Z [160/12541] Proxy disimpan: 70
2025-07-03T19:32:33.7110702Z [164/12541] Proxy disimpan: 71
2025-07-03T19:32:33.7175244Z [166/12541] Proxy disimpan: 72
2025-07-03T19:32:33.7209413Z [33/12541] Proxy disimpan: 73
2025-07-03T19:32:33.7314257Z [7/12541] Proxy disimpan: 74
2025-07-03T19:32:33.7668410Z [3/12541] Proxy disimpan: 75
2025-07-03T19:32:33.7867367Z [170/12541] Proxy disimpan: 76
2025-07-03T19:32:33.8187240Z [173/12541] Proxy disimpan: 77
2025-07-03T19:32:33.8341533Z [184/12541] Proxy disimpan: 78
2025-07-03T19:32:33.8372224Z [185/12541] Proxy disimpan: 79
2025-07-03T19:32:33.8422369Z [176/12541] Proxy disimpan: 80
2025-07-03T19:32:33.8497325Z [183/12541] Proxy disimpan: 81
2025-07-03T19:32:33.8498635Z [186/12541] Proxy disimpan: 82
2025-07-03T19:32:33.8716710Z [144/12541] Proxy disimpan: 83
2025-07-03T19:32:33.8852675Z [192/12541] Proxy disimpan: 84
2025-07-03T19:32:33.8987901Z [189/12541] Proxy disimpan: 85
2025-07-03T19:32:33.9044214Z [194/12541] Proxy disimpan: 86
2025-07-03T19:32:33.9072188Z [190/12541] Proxy disimpan: 87
2025-07-03T19:32:33.9254126Z [191/12541] Proxy disimpan: 88
2025-07-03T19:32:33.9457991Z [199/12541] Proxy disimpan: 89
2025-07-03T19:32:33.9622441Z [198/12541] Proxy disimpan: 90
2025-07-03T19:32:33.9742393Z [202/12541] Proxy disimpan: 91
2025-07-03T19:32:34.0103829Z [205/12541] Proxy disimpan: 92
2025-07-03T19:32:34.0188089Z [201/12541] Proxy disimpan: 93
2025-07-03T19:32:34.0281071Z [204/12541] Proxy disimpan: 94
2025-07-03T19:32:34.0297348Z [207/12541] Proxy disimpan: 95
2025-07-03T19:32:34.0328352Z [171/12541] Proxy disimpan: 96
2025-07-03T19:32:34.0710010Z [209/12541] Proxy disimpan: 97
2025-07-03T19:32:34.0988756Z [213/12541] Proxy disimpan: 98
2025-07-03T19:32:34.1063351Z [214/12541] Proxy disimpan: 99
2025-07-03T19:32:34.1086228Z [211/12541] Proxy disimpan: 100
2025-07-03T19:32:34.1143471Z [163/12541] Proxy disimpan: 101
2025-07-03T19:32:34.1285076Z [210/12541] Proxy disimpan: 102
2025-07-03T19:32:34.1578284Z [161/12541] Proxy disimpan: 103
2025-07-03T19:32:34.1653873Z [219/12541] Proxy disimpan: 104
2025-07-03T19:32:34.1821127Z [104/12541] Proxy disimpan: 105
2025-07-03T19:32:34.2055680Z [106/12541] Proxy disimpan: 106
2025-07-03T19:32:34.2496808Z [220/12541] Proxy disimpan: 107
2025-07-03T19:32:34.2567196Z [224/12541] Proxy disimpan: 108
2025-07-03T19:32:34.2824498Z [22/12541] Proxy disimpan: 109
2025-07-03T19:32:34.3035873Z [226/12541] Proxy disimpan: 110
2025-07-03T19:32:34.3463418Z [229/12541] Proxy disimpan: 111
2025-07-03T19:32:34.3490552Z [230/12541] Proxy disimpan: 112
2025-07-03T19:32:34.3665522Z [233/12541] Proxy disimpan: 113
2025-07-03T19:32:34.3772977Z [231/12541] Proxy disimpan: 114
2025-07-03T19:32:34.3789684Z [236/12541] Proxy disimpan: 115
2025-07-03T19:32:34.3889653Z [234/12541] Proxy disimpan: 116
2025-07-03T19:32:34.3986098Z [237/12541] Proxy disimpan: 117
2025-07-03T19:32:34.4302414Z [240/12541] Proxy disimpan: 118
2025-07-03T19:32:34.4329702Z [238/12541] Proxy disimpan: 119
2025-07-03T19:32:34.4390580Z [239/12541] Proxy disimpan: 120
2025-07-03T19:32:34.4480286Z [145/12541] Proxy disimpan: 121
2025-07-03T19:32:34.4627787Z [242/12541] Proxy disimpan: 122
2025-07-03T19:32:34.4637396Z [247/12541] Proxy disimpan: 123
2025-07-03T19:32:34.4902524Z [248/12541] Proxy disimpan: 124
2025-07-03T19:32:34.5058979Z [217/12541] Proxy disimpan: 125
2025-07-03T19:32:34.5169696Z [250/12541] Proxy disimpan: 126
2025-07-03T19:32:34.5536857Z [241/12541] Proxy disimpan: 127
2025-07-03T19:32:34.6290761Z [243/12541] Proxy disimpan: 128
2025-07-03T19:32:34.6352271Z [244/12541] Proxy disimpan: 129
2025-07-03T19:32:34.7016714Z [261/12541] Proxy disimpan: 130
2025-07-03T19:32:34.7134920Z [263/12541] Proxy disimpan: 131
2025-07-03T19:32:34.7308050Z [262/12541] Proxy disimpan: 132
2025-07-03T19:32:34.7598921Z [264/12541] Proxy disimpan: 133
2025-07-03T19:32:34.8032925Z [267/12541] Proxy disimpan: 134
2025-07-03T19:32:34.8259137Z [168/12541] Proxy disimpan: 135
2025-07-03T19:32:34.8350106Z [269/12541] Proxy disimpan: 136
2025-07-03T19:32:34.8648981Z [275/12541] Proxy disimpan: 137
2025-07-03T19:32:34.8830346Z [278/12541] Proxy disimpan: 138
2025-07-03T19:32:34.8881643Z [152/12541] Proxy disimpan: 139
2025-07-03T19:32:34.9029490Z [279/12541] Proxy disimpan: 140
2025-07-03T19:32:34.9053437Z [280/12541] Proxy disimpan: 141
2025-07-03T19:32:35.1130576Z [297/12541] Proxy disimpan: 142
2025-07-03T19:32:35.1319897Z [302/12541] Proxy disimpan: 143
2025-07-03T19:32:35.1719852Z [306/12541] Proxy disimpan: 144
2025-07-03T19:32:35.1740305Z [307/12541] Proxy disimpan: 145
2025-07-03T19:32:35.1810824Z [300/12541] Proxy disimpan: 146
2025-07-03T19:32:35.1956925Z [304/12541] Proxy disimpan: 147
2025-07-03T19:32:35.2060907Z [308/12541] Proxy disimpan: 148
2025-07-03T19:32:35.2103125Z [305/12541] Proxy disimpan: 149
2025-07-03T19:32:35.2613936Z [299/12541] Proxy disimpan: 150
2025-07-03T19:32:35.2871052Z [315/12541] Proxy disimpan: 151
2025-07-03T19:32:35.2912093Z [313/12541] Proxy disimpan: 152
2025-07-03T19:32:35.2947913Z [314/12541] Proxy disimpan: 153
2025-07-03T19:32:35.3594013Z [321/12541] Proxy disimpan: 154
2025-07-03T19:32:35.3688260Z [346/12541] Proxy disimpan: 155
2025-07-03T19:32:35.4014664Z [334/12541] Proxy disimpan: 156
2025-07-03T19:32:35.4049084Z [324/12541] Proxy disimpan: 157
2025-07-03T19:32:35.4088372Z [322/12541] Proxy disimpan: 158
2025-07-03T19:32:35.4142104Z [325/12541] Proxy disimpan: 159
2025-07-03T19:32:35.4158424Z [327/12541] Proxy disimpan: 160
2025-07-03T19:32:35.4342561Z [336/12541] Proxy disimpan: 161
2025-07-03T19:32:35.4552480Z [323/12541] Proxy disimpan: 162
2025-07-03T19:32:35.4792224Z [303/12541] Proxy disimpan: 163
2025-07-03T19:32:35.4833600Z [330/12541] Proxy disimpan: 164
2025-07-03T19:32:35.5118008Z [340/12541] Proxy disimpan: 165
2025-07-03T19:32:35.5977164Z [347/12541] Proxy disimpan: 166
2025-07-03T19:32:35.6124977Z [343/12541] Proxy disimpan: 167
2025-07-03T19:32:35.6405053Z [348/12541] Proxy disimpan: 168
2025-07-03T19:32:35.6431857Z [352/12541] Proxy disimpan: 169
2025-07-03T19:32:35.6733342Z [353/12541] Proxy disimpan: 170
2025-07-03T19:32:35.6756579Z [354/12541] Proxy disimpan: 171
2025-07-03T19:32:35.6913904Z [355/12541] Proxy disimpan: 172
2025-07-03T19:32:35.7209324Z [312/12541] Proxy disimpan: 173
2025-07-03T19:32:35.7306483Z [356/12541] Proxy disimpan: 174
2025-07-03T19:32:35.7473540Z [357/12541] Proxy disimpan: 175
2025-07-03T19:32:35.7963293Z [358/12541] Proxy disimpan: 176
2025-07-03T19:32:35.9107079Z [328/12541] Proxy disimpan: 177
2025-07-03T19:32:35.9284562Z [360/12541] Proxy disimpan: 178
2025-07-03T19:32:35.9304678Z [364/12541] Proxy disimpan: 179
2025-07-03T19:32:35.9381513Z [362/12541] Proxy disimpan: 180
2025-07-03T19:32:35.9382978Z [361/12541] Proxy disimpan: 181
2025-07-03T19:32:35.9637213Z [363/12541] Proxy disimpan: 182
2025-07-03T19:32:36.0034860Z [365/12541] Proxy disimpan: 183
2025-07-03T19:32:36.3105001Z [376/12541] Proxy disimpan: 184
2025-07-03T19:32:36.4599841Z [380/12541] Proxy disimpan: 185
2025-07-03T19:32:36.5579658Z [381/12541] Proxy disimpan: 186
2025-07-03T19:32:36.5941243Z [329/12541] Proxy disimpan: 187
2025-07-03T19:32:36.6345041Z [382/12541] Proxy disimpan: 188
2025-07-03T19:32:36.8537774Z [383/12541] Proxy disimpan: 189
2025-07-03T19:32:36.8778983Z [384/12541] Proxy disimpan: 190
2025-07-03T19:32:37.1575632Z [386/12541] Proxy disimpan: 191
2025-07-03T19:32:37.5713282Z [391/12541] Proxy disimpan: 192
2025-07-03T19:32:37.5863593Z [395/12541] Proxy disimpan: 193
2025-07-03T19:32:37.6459622Z [392/12541] Proxy disimpan: 194
2025-07-03T19:32:37.6595978Z [396/12541] Proxy disimpan: 195
2025-07-03T19:32:37.6820686Z [398/12541] Proxy disimpan: 196
2025-07-03T19:32:37.6893791Z [403/12541] Proxy disimpan: 197
2025-07-03T19:32:37.6954750Z [397/12541] Proxy disimpan: 198
2025-07-03T19:32:37.6956277Z [404/12541] Proxy disimpan: 199
2025-07-03T19:32:37.7186645Z [400/12541] Proxy disimpan: 200
2025-07-03T19:32:37.7301477Z [393/12541] Proxy disimpan: 201
2025-07-03T19:32:37.8237465Z [423/12541] Proxy disimpan: 202
2025-07-03T19:32:37.8509487Z [424/12541] Proxy disimpan: 203
2025-07-03T19:32:37.8855935Z [435/12541] Proxy disimpan: 204
2025-07-03T19:32:37.9878410Z [441/12541] Proxy disimpan: 205
2025-07-03T19:32:38.0164587Z [440/12541] Proxy disimpan: 206
2025-07-03T19:32:38.1917061Z [169/12541] Proxy disimpan: 207
2025-07-03T19:32:38.4262542Z [436/12541] Proxy disimpan: 208
2025-07-03T19:32:38.4278761Z [477/12541] Proxy disimpan: 209
2025-07-03T19:32:38.4974236Z [489/12541] Proxy disimpan: 210
2025-07-03T19:32:38.5080328Z [490/12541] Proxy disimpan: 211
2025-07-03T19:32:38.7241098Z [493/12541] Proxy disimpan: 212
2025-07-03T19:32:38.7945166Z [497/12541] Proxy disimpan: 213
2025-07-03T19:32:38.8005953Z [495/12541] Proxy disimpan: 214
2025-07-03T19:32:38.8130962Z [499/12541] Proxy disimpan: 215
2025-07-03T19:32:38.8151243Z [503/12541] Proxy disimpan: 216
2025-07-03T19:32:38.8167334Z [498/12541] Proxy disimpan: 217
2025-07-03T19:32:38.8226960Z [507/12541] Proxy disimpan: 218
2025-07-03T19:32:38.8424143Z [506/12541] Proxy disimpan: 219
2025-07-03T19:32:38.8490959Z [501/12541] Proxy disimpan: 220
2025-07-03T19:32:38.8647898Z [500/12541] Proxy disimpan: 221
2025-07-03T19:32:38.9028121Z [511/12541] Proxy disimpan: 222
2025-07-03T19:32:38.9164372Z [513/12541] Proxy disimpan: 223
2025-07-03T19:32:38.9191717Z [510/12541] Proxy disimpan: 224
2025-07-03T19:32:38.9463289Z [515/12541] Proxy disimpan: 225
2025-07-03T19:32:38.9464351Z [516/12541] Proxy disimpan: 226
2025-07-03T19:32:38.9665540Z [517/12541] Proxy disimpan: 227
2025-07-03T19:32:38.9909336Z [518/12541] Proxy disimpan: 228
2025-07-03T19:32:39.0682923Z [519/12541] Proxy disimpan: 229
2025-07-03T19:32:39.1835692Z [520/12541] Proxy disimpan: 230
2025-07-03T19:32:39.1856088Z [522/12541] Proxy disimpan: 231
2025-07-03T19:32:39.1934136Z [521/12541] Proxy disimpan: 232
2025-07-03T19:32:39.2363525Z [523/12541] Proxy disimpan: 233
2025-07-03T19:32:39.2482719Z [525/12541] Proxy disimpan: 234
2025-07-03T19:32:39.2531457Z [527/12541] Proxy disimpan: 235
2025-07-03T19:32:39.2551761Z [528/12541] Proxy disimpan: 236
2025-07-03T19:32:39.2596099Z [526/12541] Proxy disimpan: 237
2025-07-03T19:32:39.2648913Z [530/12541] Proxy disimpan: 238
2025-07-03T19:32:39.2829304Z [531/12541] Proxy disimpan: 239
2025-07-03T19:32:39.3363426Z [538/12541] Proxy disimpan: 240
2025-07-03T19:32:39.4080569Z [539/12541] Proxy disimpan: 241
2025-07-03T19:32:39.4708937Z [549/12541] Proxy disimpan: 242
2025-07-03T19:32:39.5439335Z [552/12541] Proxy disimpan: 243
2025-07-03T19:32:39.5854639Z [554/12541] Proxy disimpan: 244
2025-07-03T19:32:39.5970960Z [556/12541] Proxy disimpan: 245
2025-07-03T19:32:39.6007019Z [557/12541] Proxy disimpan: 246
2025-07-03T19:32:39.6469731Z [558/12541] Proxy disimpan: 247
2025-07-03T19:32:39.6635585Z [559/12541] Proxy disimpan: 248
2025-07-03T19:32:39.6686906Z [560/12541] Proxy disimpan: 249
2025-07-03T19:32:39.7101247Z [562/12541] Proxy disimpan: 250
2025-07-03T19:32:39.7155960Z [566/12541] Proxy disimpan: 251
2025-07-03T19:32:39.7355854Z [565/12541] Proxy disimpan: 252
2025-07-03T19:32:39.7377969Z [564/12541] Proxy disimpan: 253
2025-07-03T19:32:39.7460775Z [569/12541] Proxy disimpan: 254
2025-07-03T19:32:39.7490512Z [568/12541] Proxy disimpan: 255
2025-07-03T19:32:39.8043814Z [572/12541] Proxy disimpan: 256
2025-07-03T19:32:39.8045983Z [571/12541] Proxy disimpan: 257
2025-07-03T19:32:39.8430829Z [576/12541] Proxy disimpan: 258
2025-07-03T19:32:39.8709714Z [578/12541] Proxy disimpan: 259
2025-07-03T19:32:39.9116039Z [580/12541] Proxy disimpan: 260
2025-07-03T19:32:39.9527324Z [583/12541] Proxy disimpan: 261
2025-07-03T19:32:39.9528701Z [581/12541] Proxy disimpan: 262
2025-07-03T19:32:39.9530385Z [584/12541] Proxy disimpan: 263
2025-07-03T19:32:40.0076095Z [585/12541] Proxy disimpan: 264
2025-07-03T19:32:40.0443528Z [586/12541] Proxy disimpan: 265
2025-07-03T19:32:40.0693497Z [587/12541] Proxy disimpan: 266
2025-07-03T19:32:40.1000679Z [589/12541] Proxy disimpan: 267
2025-07-03T19:32:40.1276910Z [592/12541] Proxy disimpan: 268
2025-07-03T19:32:40.2596445Z [603/12541] Proxy disimpan: 269
2025-07-03T19:32:40.2665936Z [606/12541] Proxy disimpan: 270
2025-07-03T19:32:40.2813598Z [605/12541] Proxy disimpan: 271
2025-07-03T19:32:40.3975078Z [609/12541] Proxy disimpan: 272
2025-07-03T19:32:40.4961095Z [608/12541] Proxy disimpan: 273
2025-07-03T19:32:40.8336102Z [634/12541] Proxy disimpan: 274
2025-07-03T19:32:40.8352334Z [635/12541] Proxy disimpan: 275
2025-07-03T19:32:40.8480599Z [632/12541] Proxy disimpan: 276
2025-07-03T19:32:40.8595066Z [640/12541] Proxy disimpan: 277
2025-07-03T19:32:40.9174546Z [650/12541] Proxy disimpan: 278
2025-07-03T19:32:40.9305811Z [647/12541] Proxy disimpan: 279
2025-07-03T19:32:40.9701894Z [654/12541] Proxy disimpan: 280
2025-07-03T19:32:40.9795305Z [652/12541] Proxy disimpan: 281
2025-07-03T19:32:41.0143007Z [656/12541] Proxy disimpan: 282
2025-07-03T19:32:41.0187659Z [653/12541] Proxy disimpan: 283
2025-07-03T19:32:41.0429661Z [649/12541] Proxy disimpan: 284
2025-07-03T19:32:41.0739463Z [659/12541] Proxy disimpan: 285
2025-07-03T19:32:41.1383837Z [655/12541] Proxy disimpan: 286
2025-07-03T19:32:41.1454848Z [661/12541] Proxy disimpan: 287
2025-07-03T19:32:41.2377958Z [665/12541] Proxy disimpan: 288
2025-07-03T19:32:41.3086557Z [667/12541] Proxy disimpan: 289
2025-07-03T19:32:41.4412943Z [693/12541] Proxy disimpan: 290
2025-07-03T19:32:41.4783693Z [676/12541] Proxy disimpan: 291
2025-07-03T19:32:41.5038976Z [696/12541] Proxy disimpan: 292
2025-07-03T19:32:41.5149050Z [682/12541] Proxy disimpan: 293
2025-07-03T19:32:41.5299011Z [697/12541] Proxy disimpan: 294
2025-07-03T19:32:41.5673630Z [688/12541] Proxy disimpan: 295
2025-07-03T19:32:41.5784422Z [700/12541] Proxy disimpan: 296
2025-07-03T19:32:41.7277799Z [712/12541] Proxy disimpan: 297
2025-07-03T19:32:41.7461007Z [670/12541] Proxy disimpan: 298
2025-07-03T19:32:41.7495277Z [707/12541] Proxy disimpan: 299
2025-07-03T19:32:41.7896522Z [711/12541] Proxy disimpan: 300
2025-07-03T19:32:41.8440256Z [713/12541] Proxy disimpan: 301
2025-07-03T19:32:41.8655338Z [718/12541] Proxy disimpan: 302
2025-07-03T19:32:41.8773483Z [715/12541] Proxy disimpan: 303
2025-07-03T19:32:41.9023156Z [716/12541] Proxy disimpan: 304
2025-07-03T19:32:41.9659966Z [717/12541] Proxy disimpan: 305
2025-07-03T19:32:41.9729575Z [721/12541] Proxy disimpan: 306
2025-07-03T19:32:41.9764176Z [719/12541] Proxy disimpan: 307
2025-07-03T19:32:41.9943970Z [722/12541] Proxy disimpan: 308
2025-07-03T19:32:42.4325894Z [737/12541] Proxy disimpan: 309
2025-07-03T19:32:42.5122212Z [741/12541] Proxy disimpan: 310
2025-07-03T19:32:42.6093287Z [672/12541] Proxy disimpan: 311
2025-07-03T19:32:42.6747211Z [553/12541] Proxy disimpan: 312
2025-07-03T19:32:42.7776812Z [686/12541] Proxy disimpan: 313
2025-07-03T19:32:42.8180651Z [746/12541] Proxy disimpan: 314
2025-07-03T19:32:42.8753894Z [744/12541] Proxy disimpan: 315
2025-07-03T19:32:43.0010770Z [759/12541] Proxy disimpan: 316
2025-07-03T19:32:43.1494581Z [774/12541] Proxy disimpan: 317
2025-07-03T19:32:44.2193687Z [817/12541] Proxy disimpan: 318
2025-07-03T19:32:44.3712147Z [822/12541] Proxy disimpan: 319
2025-07-03T19:32:44.3878068Z [823/12541] Proxy disimpan: 320
2025-07-03T19:32:44.4452537Z [828/12541] Proxy disimpan: 321
2025-07-03T19:32:44.4919637Z [833/12541] Proxy disimpan: 322
2025-07-03T19:32:44.4926498Z [830/12541] Proxy disimpan: 323
2025-07-03T19:32:44.5354607Z [834/12541] Proxy disimpan: 324
2025-07-03T19:32:44.5768030Z [836/12541] Proxy disimpan: 325
2025-07-03T19:32:44.5820314Z [835/12541] Proxy disimpan: 326
2025-07-03T19:32:44.6203178Z [838/12541] Proxy disimpan: 327
2025-07-03T19:32:44.7350071Z [841/12541] Proxy disimpan: 328
2025-07-03T19:32:44.8968331Z [846/12541] Proxy disimpan: 329
2025-07-03T19:32:44.9354736Z [847/12541] Proxy disimpan: 330
2025-07-03T19:32:44.9913991Z [850/12541] Proxy disimpan: 331
2025-07-03T19:32:45.0533354Z [853/12541] Proxy disimpan: 332
2025-07-03T19:32:45.0934311Z [854/12541] Proxy disimpan: 333
2025-07-03T19:32:45.1224171Z [858/12541] Proxy disimpan: 334
2025-07-03T19:32:45.1998871Z [863/12541] Proxy disimpan: 335
2025-07-03T19:32:45.2744730Z [868/12541] Proxy disimpan: 336
2025-07-03T19:32:45.3738856Z [870/12541] Proxy disimpan: 337
2025-07-03T19:32:45.3891760Z [871/12541] Proxy disimpan: 338
2025-07-03T19:32:45.3947251Z [872/12541] Proxy disimpan: 339
2025-07-03T19:32:45.5175947Z [880/12541] Proxy disimpan: 340
2025-07-03T19:32:45.5896636Z [883/12541] Proxy disimpan: 341
2025-07-03T19:32:45.6680497Z [890/12541] Proxy disimpan: 342
2025-07-03T19:32:45.6775139Z [891/12541] Proxy disimpan: 343
2025-07-03T19:32:45.7305509Z [888/12541] Proxy disimpan: 344
2025-07-03T19:32:45.8923991Z [899/12541] Proxy disimpan: 345
2025-07-03T19:32:45.9936201Z [903/12541] Proxy disimpan: 346
2025-07-03T19:32:46.0865606Z [905/12541] Proxy disimpan: 347
2025-07-03T19:32:46.1815903Z [907/12541] Proxy disimpan: 348
2025-07-03T19:32:46.3922159Z [913/12541] Proxy disimpan: 349
2025-07-03T19:32:46.6253579Z [922/12541] Proxy disimpan: 350
2025-07-03T19:32:46.6426857Z [923/12541] Proxy disimpan: 351
2025-07-03T19:32:46.7528859Z [916/12541] Proxy disimpan: 352
2025-07-03T19:32:46.7937049Z [927/12541] Proxy disimpan: 353
2025-07-03T19:32:46.9986488Z [929/12541] Proxy disimpan: 354
2025-07-03T19:32:47.0931317Z [934/12541] Proxy disimpan: 355
2025-07-03T19:32:47.0942090Z [933/12541] Proxy disimpan: 356
2025-07-03T19:32:47.1965137Z [940/12541] Proxy disimpan: 357
2025-07-03T19:32:47.2046938Z [939/12541] Proxy disimpan: 358
2025-07-03T19:32:47.2331606Z [941/12541] Proxy disimpan: 359
2025-07-03T19:32:47.2916234Z [944/12541] Proxy disimpan: 360
2025-07-03T19:32:47.3195561Z [946/12541] Proxy disimpan: 361
2025-07-03T19:32:47.3227372Z [948/12541] Proxy disimpan: 362
2025-07-03T19:32:47.3829403Z [950/12541] Proxy disimpan: 363
2025-07-03T19:32:47.4367006Z [953/12541] Proxy disimpan: 364
2025-07-03T19:32:47.4953156Z [954/12541] Proxy disimpan: 365
2025-07-03T19:32:47.5581018Z [956/12541] Proxy disimpan: 366
2025-07-03T19:32:47.5634337Z [958/12541] Proxy disimpan: 367
2025-07-03T19:32:47.6532949Z [964/12541] Proxy disimpan: 368
2025-07-03T19:32:47.6696023Z [963/12541] Proxy disimpan: 369
2025-07-03T19:32:47.7581647Z [967/12541] Proxy disimpan: 370
2025-07-03T19:32:47.7794873Z [969/12541] Proxy disimpan: 371
2025-07-03T19:32:47.8002118Z [970/12541] Proxy disimpan: 372
2025-07-03T19:32:47.8134739Z [968/12541] Proxy disimpan: 373
2025-07-03T19:32:47.8220285Z [971/12541] Proxy disimpan: 374
2025-07-03T19:32:47.8328148Z [974/12541] Proxy disimpan: 375
2025-07-03T19:32:47.8417153Z [979/12541] Proxy disimpan: 376
2025-07-03T19:32:47.8533519Z [975/12541] Proxy disimpan: 377
2025-07-03T19:32:47.9067921Z [981/12541] Proxy disimpan: 378
2025-07-03T19:32:47.9320181Z [983/12541] Proxy disimpan: 379
2025-07-03T19:32:48.0100788Z [995/12541] Proxy disimpan: 380
2025-07-03T19:32:48.0155243Z [991/12541] Proxy disimpan: 381
2025-07-03T19:32:48.0453058Z [996/12541] Proxy disimpan: 382
2025-07-03T19:32:48.0487217Z [997/12541] Proxy disimpan: 383
2025-07-03T19:32:48.1041131Z [1001/12541] Proxy disimpan: 384
2025-07-03T19:32:48.1213722Z [998/12541] Proxy disimpan: 385
2025-07-03T19:32:48.1357996Z [1002/12541] Proxy disimpan: 386
2025-07-03T19:32:48.2424419Z [1006/12541] Proxy disimpan: 387
2025-07-03T19:32:48.2626351Z [999/12541] Proxy disimpan: 388
2025-07-03T19:32:48.2810884Z [1011/12541] Proxy disimpan: 389
2025-07-03T19:32:48.3120964Z [1013/12541] Proxy disimpan: 390
2025-07-03T19:32:48.3405372Z [1018/12541] Proxy disimpan: 391
2025-07-03T19:32:48.3457834Z [1017/12541] Proxy disimpan: 392
2025-07-03T19:32:48.3609322Z [1019/12541] Proxy disimpan: 393
2025-07-03T19:32:48.3686038Z [1014/12541] Proxy disimpan: 394
2025-07-03T19:32:48.3704927Z [1012/12541] Proxy disimpan: 395
2025-07-03T19:32:48.4291902Z [1023/12541] Proxy disimpan: 396
2025-07-03T19:32:48.5678788Z [1033/12541] Proxy disimpan: 397
2025-07-03T19:32:48.5868946Z [1032/12541] Proxy disimpan: 398
2025-07-03T19:32:48.5893960Z [1039/12541] Proxy disimpan: 399
2025-07-03T19:32:48.6146593Z [1037/12541] Proxy disimpan: 400
2025-07-03T19:32:48.6282953Z [1041/12541] Proxy disimpan: 401
2025-07-03T19:32:48.6499865Z [1043/12541] Proxy disimpan: 402
2025-07-03T19:32:48.6615475Z [1046/12541] Proxy disimpan: 403
2025-07-03T19:32:48.6674137Z [1042/12541] Proxy disimpan: 404
2025-07-03T19:32:48.7162574Z [1020/12541] Proxy disimpan: 405
2025-07-03T19:32:48.7171094Z [1050/12541] Proxy disimpan: 406
2025-07-03T19:32:48.7576448Z [1051/12541] Proxy disimpan: 407
2025-07-03T19:32:48.8205668Z [1052/12541] Proxy disimpan: 408
2025-07-03T19:32:48.8301394Z [1058/12541] Proxy disimpan: 409
2025-07-03T19:32:48.8362956Z [1056/12541] Proxy disimpan: 410
2025-07-03T19:32:48.9452018Z [1067/12541] Proxy disimpan: 411
2025-07-03T19:32:48.9780190Z [1065/12541] Proxy disimpan: 412
2025-07-03T19:32:48.9925286Z [1068/12541] Proxy disimpan: 413
2025-07-03T19:32:49.0129150Z [1069/12541] Proxy disimpan: 414
2025-07-03T19:32:49.0331502Z [1072/12541] Proxy disimpan: 415
2025-07-03T19:32:49.0716105Z [1076/12541] Proxy disimpan: 416
2025-07-03T19:32:49.0746498Z [1077/12541] Proxy disimpan: 417
2025-07-03T19:32:49.0898564Z [1078/12541] Proxy disimpan: 418
2025-07-03T19:32:49.1236021Z [1079/12541] Proxy disimpan: 419
2025-07-03T19:32:49.1336668Z [1082/12541] Proxy disimpan: 420
2025-07-03T19:32:49.3080788Z [1093/12541] Proxy disimpan: 421
2025-07-03T19:32:49.4943194Z [1103/12541] Proxy disimpan: 422
2025-07-03T19:32:50.1740381Z [1125/12541] Proxy disimpan: 423
2025-07-03T19:32:50.6094702Z [1131/12541] Proxy disimpan: 424
2025-07-03T19:32:50.6410325Z [1136/12541] Proxy disimpan: 425
2025-07-03T19:32:50.6437127Z [1137/12541] Proxy disimpan: 426
2025-07-03T19:32:50.6621030Z [1138/12541] Proxy disimpan: 427
2025-07-03T19:32:50.7218965Z [1130/12541] Proxy disimpan: 428
2025-07-03T19:32:50.8722069Z [1146/12541] Proxy disimpan: 429
2025-07-03T19:32:50.9992764Z [1149/12541] Proxy disimpan: 430
2025-07-03T19:32:51.0455000Z [1141/12541] Proxy disimpan: 431
2025-07-03T19:32:51.0923199Z [1151/12541] Proxy disimpan: 432
2025-07-03T19:32:51.3627451Z [1160/12541] Proxy disimpan: 433
2025-07-03T19:32:51.3652640Z [1161/12541] Proxy disimpan: 434
2025-07-03T19:32:51.3940220Z [1162/12541] Proxy disimpan: 435
2025-07-03T19:32:51.4659052Z [1166/12541] Proxy disimpan: 436
2025-07-03T19:32:51.5447177Z [1169/12541] Proxy disimpan: 437
2025-07-03T19:32:52.1633314Z [1183/12541] Proxy disimpan: 438
2025-07-03T19:32:52.5306057Z [1189/12541] Proxy disimpan: 439
2025-07-03T19:32:52.9886355Z [1201/12541] Proxy disimpan: 440
2025-07-03T19:32:53.1376097Z [1215/12541] Proxy disimpan: 441
2025-07-03T19:32:53.2298422Z [1217/12541] Proxy disimpan: 442
2025-07-03T19:32:53.3043368Z [1221/12541] Proxy disimpan: 443
2025-07-03T19:32:53.3070742Z [1218/12541] Proxy disimpan: 444
2025-07-03T19:32:53.4076103Z [1223/12541] Proxy disimpan: 445
2025-07-03T19:32:53.4709324Z [1224/12541] Proxy disimpan: 446
2025-07-03T19:32:53.5291591Z [1226/12541] Proxy disimpan: 447
2025-07-03T19:32:53.6041549Z [1228/12541] Proxy disimpan: 448
2025-07-03T19:32:53.7727215Z [1233/12541] Proxy disimpan: 449
2025-07-03T19:32:53.7830482Z [1231/12541] Proxy disimpan: 450
2025-07-03T19:32:53.8416057Z [1238/12541] Proxy disimpan: 451
2025-07-03T19:32:53.8615094Z [1239/12541] Proxy disimpan: 452
2025-07-03T19:32:53.9256139Z [1240/12541] Proxy disimpan: 453
2025-07-03T19:32:54.0350850Z [1242/12541] Proxy disimpan: 454
2025-07-03T19:32:54.0598931Z [1249/12541] Proxy disimpan: 455
2025-07-03T19:32:54.1045958Z [1250/12541] Proxy disimpan: 456
2025-07-03T19:32:54.1075252Z [1252/12541] Proxy disimpan: 457
2025-07-03T19:32:54.1851125Z [1256/12541] Proxy disimpan: 458
2025-07-03T19:32:54.2336988Z [1251/12541] Proxy disimpan: 459
2025-07-03T19:32:54.2570835Z [1263/12541] Proxy disimpan: 460
2025-07-03T19:32:54.2610546Z [1260/12541] Proxy disimpan: 461
2025-07-03T19:32:54.2709624Z [1261/12541] Proxy disimpan: 462
2025-07-03T19:32:54.2839343Z [1264/12541] Proxy disimpan: 463
2025-07-03T19:32:54.3118938Z [1268/12541] Proxy disimpan: 464
2025-07-03T19:32:54.3214916Z [1269/12541] Proxy disimpan: 465
2025-07-03T19:32:54.3392266Z [1267/12541] Proxy disimpan: 466
2025-07-03T19:32:54.3596126Z [1271/12541] Proxy disimpan: 467
2025-07-03T19:32:54.4039601Z [1276/12541] Proxy disimpan: 468
2025-07-03T19:32:54.4128152Z [1278/12541] Proxy disimpan: 469
2025-07-03T19:32:54.4277269Z [1280/12541] Proxy disimpan: 470
2025-07-03T19:32:54.5214827Z [1283/12541] Proxy disimpan: 471
2025-07-03T19:32:54.5427904Z [1285/12541] Proxy disimpan: 472
2025-07-03T19:32:54.6944392Z [1298/12541] Proxy disimpan: 473
2025-07-03T19:32:54.7265041Z [1307/12541] Proxy disimpan: 474
2025-07-03T19:32:54.7360961Z [1308/12541] Proxy disimpan: 475
2025-07-03T19:32:54.7381679Z [1301/12541] Proxy disimpan: 476
2025-07-03T19:32:54.7486077Z [1277/12541] Proxy disimpan: 477
2025-07-03T19:32:54.7490964Z [1309/12541] Proxy disimpan: 478
2025-07-03T19:32:54.7589805Z [1304/12541] Proxy disimpan: 479
2025-07-03T19:32:54.8899700Z [1321/12541] Proxy disimpan: 480
2025-07-03T19:32:54.9039790Z [1324/12541] Proxy disimpan: 481
2025-07-03T19:32:54.9301553Z [1328/12541] Proxy disimpan: 482
2025-07-03T19:32:54.9602259Z [1327/12541] Proxy disimpan: 483
2025-07-03T19:32:54.9658365Z [1334/12541] Proxy disimpan: 484
2025-07-03T19:32:55.0319693Z [1336/12541] Proxy disimpan: 485
2025-07-03T19:32:55.0605885Z [1340/12541] Proxy disimpan: 486
2025-07-03T19:32:55.0609443Z [1341/12541] Proxy disimpan: 487
2025-07-03T19:32:55.0651646Z [1338/12541] Proxy disimpan: 488
2025-07-03T19:32:55.0791450Z [1342/12541] Proxy disimpan: 489
2025-07-03T19:32:55.0882024Z [1343/12541] Proxy disimpan: 490
2025-07-03T19:32:55.1266361Z [1344/12541] Proxy disimpan: 491
2025-07-03T19:32:55.1344388Z [1345/12541] Proxy disimpan: 492
2025-07-03T19:32:55.2013814Z [1351/12541] Proxy disimpan: 493
2025-07-03T19:32:55.2464546Z [1346/12541] Proxy disimpan: 494
2025-07-03T19:32:55.2473347Z [1348/12541] Proxy disimpan: 495
2025-07-03T19:32:55.3611587Z [1356/12541] Proxy disimpan: 496
2025-07-03T19:32:55.3665534Z [1357/12541] Proxy disimpan: 497
2025-07-03T19:32:55.3741783Z [1358/12541] Proxy disimpan: 498
2025-07-03T19:32:55.4560737Z [1363/12541] Proxy disimpan: 499
2025-07-03T19:32:55.5304607Z [1366/12541] Proxy disimpan: 500
2025-07-03T19:32:55.5473548Z [1370/12541] Proxy disimpan: 501
2025-07-03T19:32:55.5594116Z [1368/12541] Proxy disimpan: 502
2025-07-03T19:32:55.6482926Z [1378/12541] Proxy disimpan: 503
2025-07-03T19:32:55.7191214Z [1381/12541] Proxy disimpan: 504
2025-07-03T19:32:55.7569932Z [1386/12541] Proxy disimpan: 505
2025-07-03T19:32:55.8342893Z [1393/12541] Proxy disimpan: 506
2025-07-03T19:32:55.9848842Z [1402/12541] Proxy disimpan: 507
2025-07-03T19:32:56.0730529Z [1406/12541] Proxy disimpan: 508
2025-07-03T19:32:56.0747252Z [1361/12541] Proxy disimpan: 509
2025-07-03T19:32:56.1527475Z [1411/12541] Proxy disimpan: 510
2025-07-03T19:32:56.2175850Z [1413/12541] Proxy disimpan: 511
2025-07-03T19:32:56.2275291Z [1414/12541] Proxy disimpan: 512
2025-07-03T19:32:56.2332354Z [1374/12541] Proxy disimpan: 513
2025-07-03T19:32:56.2577162Z [1416/12541] Proxy disimpan: 514
2025-07-03T19:32:56.2687883Z [1364/12541] Proxy disimpan: 515
2025-07-03T19:32:56.2745567Z [1415/12541] Proxy disimpan: 516
2025-07-03T19:32:56.2780597Z [1419/12541] Proxy disimpan: 517
2025-07-03T19:32:56.3537023Z [1316/12541] Proxy disimpan: 518
2025-07-03T19:32:56.3683262Z [1322/12541] Proxy disimpan: 519
2025-07-03T19:32:56.3709974Z [1318/12541] Proxy disimpan: 520
2025-07-03T19:32:56.4600425Z [1365/12541] Proxy disimpan: 521
2025-07-03T19:32:56.6031133Z [1373/12541] Proxy disimpan: 522
2025-07-03T19:32:56.7447155Z [1432/12541] Proxy disimpan: 523
2025-07-03T19:32:56.8536720Z [1441/12541] Proxy disimpan: 524
2025-07-03T19:32:56.8758973Z [1443/12541] Proxy disimpan: 525
2025-07-03T19:32:56.9205811Z [1317/12541] Proxy disimpan: 526
2025-07-03T19:32:56.9232749Z [1449/12541] Proxy disimpan: 527
2025-07-03T19:32:56.9362660Z [1447/12541] Proxy disimpan: 528
2025-07-03T19:32:56.9404615Z [1448/12541] Proxy disimpan: 529
2025-07-03T19:32:57.0749431Z [1452/12541] Proxy disimpan: 530
2025-07-03T19:32:57.1277129Z [1455/12541] Proxy disimpan: 531
2025-07-03T19:32:57.1419627Z [1453/12541] Proxy disimpan: 532
2025-07-03T19:32:57.1935465Z [1456/12541] Proxy disimpan: 533
2025-07-03T19:32:57.1970752Z [1398/12541] Proxy disimpan: 534
2025-07-03T19:32:57.3734605Z [1461/12541] Proxy disimpan: 535
2025-07-03T19:32:57.3738662Z [1460/12541] Proxy disimpan: 536
2025-07-03T19:32:57.3774919Z [1462/12541] Proxy disimpan: 537
2025-07-03T19:32:57.4398864Z [1465/12541] Proxy disimpan: 538
2025-07-03T19:32:57.4444739Z [1464/12541] Proxy disimpan: 539
2025-07-03T19:32:57.5226037Z [1466/12541] Proxy disimpan: 540
2025-07-03T19:32:57.5287508Z [1467/12541] Proxy disimpan: 541
2025-07-03T19:32:57.5742156Z [1470/12541] Proxy disimpan: 542
2025-07-03T19:32:57.5963990Z [1468/12541] Proxy disimpan: 543
2025-07-03T19:32:57.5965045Z [1469/12541] Proxy disimpan: 544
2025-07-03T19:32:57.6112712Z [1385/12541] Proxy disimpan: 545
2025-07-03T19:32:57.6151776Z [1471/12541] Proxy disimpan: 546
2025-07-03T19:32:57.6380373Z [1473/12541] Proxy disimpan: 547
2025-07-03T19:32:57.6397274Z [1472/12541] Proxy disimpan: 548
2025-07-03T19:32:57.7917356Z [1379/12541] Proxy disimpan: 549
2025-07-03T19:32:57.8159644Z [1474/12541] Proxy disimpan: 550
2025-07-03T19:32:57.8250384Z [1475/12541] Proxy disimpan: 551
2025-07-03T19:32:57.8302696Z [1476/12541] Proxy disimpan: 552
2025-07-03T19:32:57.8719929Z [1477/12541] Proxy disimpan: 553
2025-07-03T19:32:57.8742682Z [1479/12541] Proxy disimpan: 554
2025-07-03T19:32:57.8802985Z [1478/12541] Proxy disimpan: 555
2025-07-03T19:32:57.9226876Z [1480/12541] Proxy disimpan: 556
2025-07-03T19:32:57.9587186Z [1481/12541] Proxy disimpan: 557
2025-07-03T19:32:57.9603753Z [1484/12541] Proxy disimpan: 558
2025-07-03T19:32:57.9641097Z [1482/12541] Proxy disimpan: 559
2025-07-03T19:32:57.9656834Z [1483/12541] Proxy disimpan: 560
2025-07-03T19:32:57.9863364Z [1310/12541] Proxy disimpan: 561
2025-07-03T19:32:57.9955247Z [1486/12541] Proxy disimpan: 562
2025-07-03T19:32:57.9983068Z [1485/12541] Proxy disimpan: 563
2025-07-03T19:32:58.0197583Z [1487/12541] Proxy disimpan: 564
2025-07-03T19:32:58.0274666Z [1489/12541] Proxy disimpan: 565
2025-07-03T19:32:58.0305124Z [1395/12541] Proxy disimpan: 566
2025-07-03T19:32:58.0386502Z [1488/12541] Proxy disimpan: 567
2025-07-03T19:32:58.0711896Z [1491/12541] Proxy disimpan: 568
2025-07-03T19:32:58.1235519Z [1494/12541] Proxy disimpan: 569
2025-07-03T19:32:58.2311835Z [1390/12541] Proxy disimpan: 570
2025-07-03T19:32:58.2490976Z [1499/12541] Proxy disimpan: 571
2025-07-03T19:32:58.3442997Z [1503/12541] Proxy disimpan: 572
2025-07-03T19:32:58.3505950Z [1505/12541] Proxy disimpan: 573
2025-07-03T19:32:58.3949455Z [1506/12541] Proxy disimpan: 574
2025-07-03T19:32:58.4355846Z [1510/12541] Proxy disimpan: 575
2025-07-03T19:32:58.4666372Z [1511/12541] Proxy disimpan: 576
2025-07-03T19:32:58.5224256Z [1518/12541] Proxy disimpan: 577
2025-07-03T19:32:58.6098913Z [1522/12541] Proxy disimpan: 578
2025-07-03T19:32:58.6351359Z [1527/12541] Proxy disimpan: 579
2025-07-03T19:32:58.6474807Z [1528/12541] Proxy disimpan: 580
2025-07-03T19:32:58.6802374Z [1530/12541] Proxy disimpan: 581
2025-07-03T19:32:58.6980134Z [1525/12541] Proxy disimpan: 582
2025-07-03T19:32:58.7334043Z [1535/12541] Proxy disimpan: 583
2025-07-03T19:32:58.7421440Z [1534/12541] Proxy disimpan: 584
2025-07-03T19:32:58.8653169Z [1541/12541] Proxy disimpan: 585
2025-07-03T19:32:58.9149348Z [1401/12541] Proxy disimpan: 586
2025-07-03T19:32:58.9294858Z [1542/12541] Proxy disimpan: 587
2025-07-03T19:32:59.0504562Z [1550/12541] Proxy disimpan: 588
2025-07-03T19:32:59.1877406Z [1555/12541] Proxy disimpan: 589
2025-07-03T19:32:59.2460495Z [1557/12541] Proxy disimpan: 590
2025-07-03T19:32:59.2589341Z [1537/12541] Proxy disimpan: 591
2025-07-03T19:32:59.2742560Z [1547/12541] Proxy disimpan: 592
2025-07-03T19:32:59.3014250Z [1548/12541] Proxy disimpan: 593
2025-07-03T19:32:59.4508820Z [1571/12541] Proxy disimpan: 594
2025-07-03T19:32:59.4575859Z [1538/12541] Proxy disimpan: 595
2025-07-03T19:32:59.5215890Z [1573/12541] Proxy disimpan: 596
2025-07-03T19:32:59.5291833Z [1575/12541] Proxy disimpan: 597
2025-07-03T19:32:59.5335606Z [1574/12541] Proxy disimpan: 598
2025-07-03T19:32:59.5481007Z [1544/12541] Proxy disimpan: 599
2025-07-03T19:32:59.5567445Z [1576/12541] Proxy disimpan: 600
2025-07-03T19:32:59.6299790Z [1577/12541] Proxy disimpan: 601
2025-07-03T19:32:59.6635655Z [1578/12541] Proxy disimpan: 602
2025-07-03T19:32:59.7218115Z [1579/12541] Proxy disimpan: 603
2025-07-03T19:32:59.7243713Z [1580/12541] Proxy disimpan: 604
2025-07-03T19:32:59.7278010Z [1581/12541] Proxy disimpan: 605
2025-07-03T19:32:59.7385632Z [1582/12541] Proxy disimpan: 606
2025-07-03T19:32:59.7541724Z [1583/12541] Proxy disimpan: 607
2025-07-03T19:32:59.7590528Z [1584/12541] Proxy disimpan: 608
2025-07-03T19:32:59.7754207Z [1585/12541] Proxy disimpan: 609
2025-07-03T19:32:59.8162277Z [1587/12541] Proxy disimpan: 610
2025-07-03T19:32:59.8292824Z [1588/12541] Proxy disimpan: 611
2025-07-03T19:32:59.8553611Z [1589/12541] Proxy disimpan: 612
2025-07-03T19:32:59.8637786Z [1590/12541] Proxy disimpan: 613
2025-07-03T19:32:59.8700290Z [1536/12541] Proxy disimpan: 614
2025-07-03T19:32:59.9462723Z [1591/12541] Proxy disimpan: 615
2025-07-03T19:32:59.9576553Z [1593/12541] Proxy disimpan: 616
2025-07-03T19:33:00.0052840Z [1594/12541] Proxy disimpan: 617
2025-07-03T19:33:00.0078975Z [1598/12541] Proxy disimpan: 618
2025-07-03T19:33:00.0115388Z [1597/12541] Proxy disimpan: 619
2025-07-03T19:33:00.0197639Z [1546/12541] Proxy disimpan: 620
2025-07-03T19:33:00.0251071Z [1539/12541] Proxy disimpan: 621
2025-07-03T19:33:00.0291717Z [1599/12541] Proxy disimpan: 622
2025-07-03T19:33:00.0327217Z [1596/12541] Proxy disimpan: 623
2025-07-03T19:33:00.1123315Z [1606/12541] Proxy disimpan: 624
2025-07-03T19:33:00.1774291Z [1607/12541] Proxy disimpan: 625
2025-07-03T19:33:00.1850441Z [1605/12541] Proxy disimpan: 626
2025-07-03T19:33:00.1945353Z [1613/12541] Proxy disimpan: 627
2025-07-03T19:33:00.2214312Z [1610/12541] Proxy disimpan: 628
2025-07-03T19:33:00.3444328Z [1624/12541] Proxy disimpan: 629
2025-07-03T19:33:00.5118146Z [1637/12541] Proxy disimpan: 630
2025-07-03T19:33:00.6133736Z [1645/12541] Proxy disimpan: 631
2025-07-03T19:33:00.6144150Z [1646/12541] Proxy disimpan: 632
2025-07-03T19:33:00.6185536Z [1648/12541] Proxy disimpan: 633
2025-07-03T19:33:00.6521091Z [1650/12541] Proxy disimpan: 634
2025-07-03T19:33:00.6829546Z [1651/12541] Proxy disimpan: 635
2025-07-03T19:33:00.7119907Z [1656/12541] Proxy disimpan: 636
2025-07-03T19:33:00.7180329Z [1652/12541] Proxy disimpan: 637
2025-07-03T19:33:00.7303896Z [1657/12541] Proxy disimpan: 638
2025-07-03T19:33:00.7422751Z [1658/12541] Proxy disimpan: 639
2025-07-03T19:33:00.7530205Z [1636/12541] Proxy disimpan: 640
2025-07-03T19:33:00.7669552Z [1659/12541] Proxy disimpan: 641
2025-07-03T19:33:00.7849374Z [1660/12541] Proxy disimpan: 642
2025-07-03T19:33:00.8263157Z [1662/12541] Proxy disimpan: 643
2025-07-03T19:33:01.0561528Z [1666/12541] Proxy disimpan: 644
2025-07-03T19:33:01.0805530Z [1670/12541] Proxy disimpan: 645
2025-07-03T19:33:01.1209295Z [1671/12541] Proxy disimpan: 646
2025-07-03T19:33:01.1972851Z [1675/12541] Proxy disimpan: 647
2025-07-03T19:33:01.1988402Z [1664/12541] Proxy disimpan: 648
2025-07-03T19:33:01.2097971Z [1676/12541] Proxy disimpan: 649
2025-07-03T19:33:01.2176951Z [1634/12541] Proxy disimpan: 650
2025-07-03T19:33:01.2699536Z [1669/12541] Proxy disimpan: 651
2025-07-03T19:33:01.4970945Z [1682/12541] Proxy disimpan: 652
2025-07-03T19:33:01.5154716Z [1692/12541] Proxy disimpan: 653
2025-07-03T19:33:01.5497624Z [1700/12541] Proxy disimpan: 654
2025-07-03T19:33:01.5526140Z [1698/12541] Proxy disimpan: 655
2025-07-03T19:33:01.5678869Z [1683/12541] Proxy disimpan: 656
2025-07-03T19:33:01.5713505Z [1696/12541] Proxy disimpan: 657
2025-07-03T19:33:01.5756794Z [1693/12541] Proxy disimpan: 658
2025-07-03T19:33:01.6165795Z [1704/12541] Proxy disimpan: 659
2025-07-03T19:33:01.6207417Z [1699/12541] Proxy disimpan: 660
2025-07-03T19:33:01.6545705Z [1677/12541] Proxy disimpan: 661
2025-07-03T19:33:01.6757556Z [1707/12541] Proxy disimpan: 662
2025-07-03T19:33:01.6807590Z [1706/12541] Proxy disimpan: 663
2025-07-03T19:33:01.7166535Z [1695/12541] Proxy disimpan: 664
2025-07-03T19:33:01.7234535Z [1705/12541] Proxy disimpan: 665
2025-07-03T19:33:01.7520235Z [1713/12541] Proxy disimpan: 666
2025-07-03T19:33:01.8675196Z [1723/12541] Proxy disimpan: 667
2025-07-03T19:33:01.9805989Z [1728/12541] Proxy disimpan: 668
2025-07-03T19:33:01.9996118Z [1726/12541] Proxy disimpan: 669
2025-07-03T19:33:02.0256262Z [1733/12541] Proxy disimpan: 670
2025-07-03T19:33:02.0274889Z [1729/12541] Proxy disimpan: 671
2025-07-03T19:33:02.0353928Z [1731/12541] Proxy disimpan: 672
2025-07-03T19:33:02.0399046Z [1690/12541] Proxy disimpan: 673
2025-07-03T19:33:02.0856246Z [1735/12541] Proxy disimpan: 674
2025-07-03T19:33:02.1081672Z [1738/12541] Proxy disimpan: 675
2025-07-03T19:33:02.1129189Z [1739/12541] Proxy disimpan: 676
2025-07-03T19:33:02.1428710Z [1742/12541] Proxy disimpan: 677
2025-07-03T19:33:02.1476521Z [1741/12541] Proxy disimpan: 678
2025-07-03T19:33:02.1942565Z [1730/12541] Proxy disimpan: 679
2025-07-03T19:33:02.2169401Z [1744/12541] Proxy disimpan: 680
2025-07-03T19:33:02.2250797Z [1747/12541] Proxy disimpan: 681
2025-07-03T19:33:02.2316578Z [1746/12541] Proxy disimpan: 682
2025-07-03T19:33:02.2334590Z [1750/12541] Proxy disimpan: 683
2025-07-03T19:33:02.2355234Z [1674/12541] Proxy disimpan: 684
2025-07-03T19:33:02.2453215Z [1745/12541] Proxy disimpan: 685
2025-07-03T19:33:02.2615279Z [1749/12541] Proxy disimpan: 686
2025-07-03T19:33:02.2616352Z [1748/12541] Proxy disimpan: 687
2025-07-03T19:33:02.3292640Z [1743/12541] Proxy disimpan: 688
2025-07-03T19:33:02.3398214Z [1752/12541] Proxy disimpan: 689
2025-07-03T19:33:02.3682397Z [1688/12541] Proxy disimpan: 690
2025-07-03T19:33:02.4189142Z [1697/12541] Proxy disimpan: 691
2025-07-03T19:33:02.4413018Z [1753/12541] Proxy disimpan: 692
2025-07-03T19:33:02.4688399Z [1754/12541] Proxy disimpan: 693
2025-07-03T19:33:02.4719660Z [1734/12541] Proxy disimpan: 694
2025-07-03T19:33:02.4902338Z [1736/12541] Proxy disimpan: 695
2025-07-03T19:33:02.5000993Z [1755/12541] Proxy disimpan: 696
2025-07-03T19:33:02.5112156Z [1756/12541] Proxy disimpan: 697
2025-07-03T19:33:02.5336652Z [1759/12541] Proxy disimpan: 698
2025-07-03T19:33:02.5522077Z [1760/12541] Proxy disimpan: 699
2025-07-03T19:33:02.6121203Z [1763/12541] Proxy disimpan: 700
2025-07-03T19:33:02.7279815Z [1767/12541] Proxy disimpan: 701
2025-07-03T19:33:02.7589686Z [1772/12541] Proxy disimpan: 702
2025-07-03T19:33:02.8015454Z [1776/12541] Proxy disimpan: 703
2025-07-03T19:33:02.8758801Z [1779/12541] Proxy disimpan: 704
2025-07-03T19:33:02.9179531Z [1782/12541] Proxy disimpan: 705
2025-07-03T19:33:02.9443844Z [1784/12541] Proxy disimpan: 706
2025-07-03T19:33:02.9940376Z [1788/12541] Proxy disimpan: 707
2025-07-03T19:33:03.2398361Z [1796/12541] Proxy disimpan: 708
2025-07-03T19:33:03.2454731Z [1795/12541] Proxy disimpan: 709
2025-07-03T19:33:03.3601782Z [1802/12541] Proxy disimpan: 710
2025-07-03T19:33:03.4107643Z [1803/12541] Proxy disimpan: 711
2025-07-03T19:33:03.4360287Z [1806/12541] Proxy disimpan: 712
2025-07-03T19:33:03.4434741Z [1807/12541] Proxy disimpan: 713
2025-07-03T19:33:03.4847176Z [1811/12541] Proxy disimpan: 714
2025-07-03T19:33:03.5091575Z [1812/12541] Proxy disimpan: 715
2025-07-03T19:33:03.5706488Z [1691/12541] Proxy disimpan: 716
2025-07-03T19:33:03.7617600Z [1817/12541] Proxy disimpan: 717
2025-07-03T19:33:03.8281571Z [1625/12541] Proxy disimpan: 718
2025-07-03T19:33:03.9577639Z [1820/12541] Proxy disimpan: 719
2025-07-03T19:33:04.0457940Z [1827/12541] Proxy disimpan: 720
2025-07-03T19:33:04.0597653Z [1825/12541] Proxy disimpan: 721
2025-07-03T19:33:04.1059980Z [1829/12541] Proxy disimpan: 722
2025-07-03T19:33:04.3052899Z [1838/12541] Proxy disimpan: 723
2025-07-03T19:33:04.6154162Z [1849/12541] Proxy disimpan: 724
2025-07-03T19:33:04.8639081Z [1844/12541] Proxy disimpan: 725
2025-07-03T19:33:05.0051318Z [1852/12541] Proxy disimpan: 726
2025-07-03T19:33:05.1132638Z [1856/12541] Proxy disimpan: 727
2025-07-03T19:33:05.1228983Z [1857/12541] Proxy disimpan: 728
2025-07-03T19:33:05.4232050Z [1871/12541] Proxy disimpan: 729
2025-07-03T19:33:05.6120722Z [1878/12541] Proxy disimpan: 730
2025-07-03T19:33:05.6860216Z [1883/12541] Proxy disimpan: 731
2025-07-03T19:33:05.7933197Z [1887/12541] Proxy disimpan: 732
2025-07-03T19:33:05.8872452Z [1889/12541] Proxy disimpan: 733
2025-07-03T19:33:05.9397329Z [1892/12541] Proxy disimpan: 734
2025-07-03T19:33:06.1872087Z [1899/12541] Proxy disimpan: 735
2025-07-03T19:33:06.2128320Z [1898/12541] Proxy disimpan: 736
2025-07-03T19:33:06.3059552Z [1900/12541] Proxy disimpan: 737
2025-07-03T19:33:06.3322448Z [1896/12541] Proxy disimpan: 738
2025-07-03T19:33:06.6508375Z [1906/12541] Proxy disimpan: 739
2025-07-03T19:33:06.6864894Z [1897/12541] Proxy disimpan: 740
2025-07-03T19:33:06.7170947Z [1908/12541] Proxy disimpan: 741
2025-07-03T19:33:06.8417303Z [1915/12541] Proxy disimpan: 742
2025-07-03T19:33:06.8625427Z [1919/12541] Proxy disimpan: 743
2025-07-03T19:33:06.8759204Z [1914/12541] Proxy disimpan: 744
2025-07-03T19:33:06.9446103Z [1911/12541] Proxy disimpan: 745
2025-07-03T19:33:06.9556417Z [1922/12541] Proxy disimpan: 746
2025-07-03T19:33:06.9713914Z [1921/12541] Proxy disimpan: 747
2025-07-03T19:33:07.0164430Z [1923/12541] Proxy disimpan: 748
2025-07-03T19:33:07.0648328Z [1912/12541] Proxy disimpan: 749
2025-07-03T19:33:07.0921575Z [1924/12541] Proxy disimpan: 750
2025-07-03T19:33:07.1349955Z [1925/12541] Proxy disimpan: 751
2025-07-03T19:33:07.2280007Z [1926/12541] Proxy disimpan: 752
2025-07-03T19:33:07.2791904Z [1928/12541] Proxy disimpan: 753
2025-07-03T19:33:07.3292561Z [1930/12541] Proxy disimpan: 754
2025-07-03T19:33:07.4048951Z [1932/12541] Proxy disimpan: 755
2025-07-03T19:33:07.4049880Z [1933/12541] Proxy disimpan: 756
2025-07-03T19:33:07.4082009Z [1931/12541] Proxy disimpan: 757
2025-07-03T19:33:07.4529059Z [1934/12541] Proxy disimpan: 758
2025-07-03T19:33:07.4606249Z [1936/12541] Proxy disimpan: 759
2025-07-03T19:33:07.5069983Z [1940/12541] Proxy disimpan: 760
2025-07-03T19:33:07.5368743Z [1939/12541] Proxy disimpan: 761
2025-07-03T19:33:07.5391040Z [1938/12541] Proxy disimpan: 762
2025-07-03T19:33:07.5784934Z [1942/12541] Proxy disimpan: 763
2025-07-03T19:33:07.7237811Z [1947/12541] Proxy disimpan: 764
2025-07-03T19:33:07.7524532Z [1949/12541] Proxy disimpan: 765
2025-07-03T19:33:07.8252964Z [1955/12541] Proxy disimpan: 766
2025-07-03T19:33:07.8279124Z [1954/12541] Proxy disimpan: 767
2025-07-03T19:33:07.8430280Z [1905/12541] Proxy disimpan: 768
2025-07-03T19:33:07.9163059Z [1958/12541] Proxy disimpan: 769
2025-07-03T19:33:07.9191481Z [1960/12541] Proxy disimpan: 770
2025-07-03T19:33:07.9260503Z [1964/12541] Proxy disimpan: 771
2025-07-03T19:33:07.9483845Z [1965/12541] Proxy disimpan: 772
2025-07-03T19:33:08.0272840Z [1971/12541] Proxy disimpan: 773
2025-07-03T19:33:08.0730078Z [1974/12541] Proxy disimpan: 774
2025-07-03T19:33:08.3400646Z [1987/12541] Proxy disimpan: 775
2025-07-03T19:33:08.4025139Z [1989/12541] Proxy disimpan: 776
2025-07-03T19:33:08.4337885Z [1995/12541] Proxy disimpan: 777
2025-07-03T19:33:08.4354918Z [1992/12541] Proxy disimpan: 778
2025-07-03T19:33:08.4493102Z [1996/12541] Proxy disimpan: 779
2025-07-03T19:33:08.4699301Z [1998/12541] Proxy disimpan: 780
2025-07-03T19:33:08.4975134Z [2000/12541] Proxy disimpan: 781
2025-07-03T19:33:08.5227085Z [2002/12541] Proxy disimpan: 782
2025-07-03T19:33:08.5326889Z [2001/12541] Proxy disimpan: 783
2025-07-03T19:33:08.6549127Z [2004/12541] Proxy disimpan: 784
2025-07-03T19:33:09.1028249Z [2022/12541] Proxy disimpan: 785
2025-07-03T19:33:09.1224384Z [2023/12541] Proxy disimpan: 786
2025-07-03T19:33:09.1902355Z [2024/12541] Proxy disimpan: 787
2025-07-03T19:33:09.2030290Z [2027/12541] Proxy disimpan: 788
2025-07-03T19:33:09.4085399Z [2039/12541] Proxy disimpan: 789
2025-07-03T19:33:09.4183742Z [2035/12541] Proxy disimpan: 790
2025-07-03T19:33:09.5771369Z [2047/12541] Proxy disimpan: 791
2025-07-03T19:33:09.6099208Z [2038/12541] Proxy disimpan: 792
2025-07-03T19:33:09.7098164Z [2055/12541] Proxy disimpan: 793
2025-07-03T19:33:09.8383560Z [2053/12541] Proxy disimpan: 794
2025-07-03T19:33:10.1543694Z [2089/12541] Proxy disimpan: 795
2025-07-03T19:33:10.1654540Z [2090/12541] Proxy disimpan: 796
2025-07-03T19:33:10.2112286Z [2096/12541] Proxy disimpan: 797
2025-07-03T19:33:10.2534814Z [2028/12541] Proxy disimpan: 798
2025-07-03T19:33:10.2775361Z [2098/12541] Proxy disimpan: 799
2025-07-03T19:33:10.4068971Z [2100/12541] Proxy disimpan: 800
2025-07-03T19:33:10.4340022Z [2101/12541] Proxy disimpan: 801
2025-07-03T19:33:10.4913935Z [2102/12541] Proxy disimpan: 802
2025-07-03T19:33:10.5307498Z [2104/12541] Proxy disimpan: 803
2025-07-03T19:33:10.5851543Z [2105/12541] Proxy disimpan: 804
2025-07-03T19:33:10.5934416Z [2099/12541] Proxy disimpan: 805
2025-07-03T19:33:10.7226161Z [1904/12541] Proxy disimpan: 806
2025-07-03T19:33:10.7545257Z [2113/12541] Proxy disimpan: 807
2025-07-03T19:33:10.8044137Z [2118/12541] Proxy disimpan: 808
2025-07-03T19:33:10.8272430Z [2119/12541] Proxy disimpan: 809
2025-07-03T19:33:10.8749353Z [2120/12541] Proxy disimpan: 810
2025-07-03T19:33:10.8791359Z [2121/12541] Proxy disimpan: 811
2025-07-03T19:33:10.8827427Z [2122/12541] Proxy disimpan: 812
2025-07-03T19:33:10.9174478Z [2123/12541] Proxy disimpan: 813
2025-07-03T19:33:10.9577955Z [2125/12541] Proxy disimpan: 814
2025-07-03T19:33:10.9658963Z [2126/12541] Proxy disimpan: 815
2025-07-03T19:33:10.9698114Z [2124/12541] Proxy disimpan: 816
2025-07-03T19:33:11.0029904Z [2129/12541] Proxy disimpan: 817
2025-07-03T19:33:11.0057596Z [2127/12541] Proxy disimpan: 818
2025-07-03T19:33:11.0611648Z [2132/12541] Proxy disimpan: 819
2025-07-03T19:33:11.0713275Z [2131/12541] Proxy disimpan: 820
2025-07-03T19:33:11.0750570Z [2133/12541] Proxy disimpan: 821
2025-07-03T19:33:11.0766625Z [2130/12541] Proxy disimpan: 822
2025-07-03T19:33:11.1603820Z [2134/12541] Proxy disimpan: 823
2025-07-03T19:33:11.2375469Z [2086/12541] Proxy disimpan: 824
2025-07-03T19:33:11.2475851Z [2136/12541] Proxy disimpan: 825
2025-07-03T19:33:11.2697969Z [2137/12541] Proxy disimpan: 826
2025-07-03T19:33:11.2938268Z [2138/12541] Proxy disimpan: 827
2025-07-03T19:33:11.3526684Z [2139/12541] Proxy disimpan: 828
2025-07-03T19:33:11.3564216Z [2141/12541] Proxy disimpan: 829
2025-07-03T19:33:11.3664298Z [2140/12541] Proxy disimpan: 830
2025-07-03T19:33:11.3985780Z [2144/12541] Proxy disimpan: 831
2025-07-03T19:33:11.4002212Z [2142/12541] Proxy disimpan: 832
2025-07-03T19:33:11.4087704Z [2143/12541] Proxy disimpan: 833
2025-07-03T19:33:11.4306211Z [2146/12541] Proxy disimpan: 834
2025-07-03T19:33:11.4455885Z [2147/12541] Proxy disimpan: 835
2025-07-03T19:33:11.4482612Z [2145/12541] Proxy disimpan: 836
2025-07-03T19:33:11.4715447Z [2148/12541] Proxy disimpan: 837
2025-07-03T19:33:11.4777879Z [2149/12541] Proxy disimpan: 838
2025-07-03T19:33:11.4801150Z [2150/12541] Proxy disimpan: 839
2025-07-03T19:33:11.5330968Z [2151/12541] Proxy disimpan: 840
2025-07-03T19:33:11.5456667Z [2154/12541] Proxy disimpan: 841
2025-07-03T19:33:11.5488977Z [2153/12541] Proxy disimpan: 842
2025-07-03T19:33:11.5531526Z [2152/12541] Proxy disimpan: 843
2025-07-03T19:33:11.8853652Z [2168/12541] Proxy disimpan: 844
2025-07-03T19:33:11.9264178Z [2172/12541] Proxy disimpan: 845
2025-07-03T19:33:11.9481925Z [2174/12541] Proxy disimpan: 846
2025-07-03T19:33:12.0039871Z [2180/12541] Proxy disimpan: 847
2025-07-03T19:33:12.0136121Z [2181/12541] Proxy disimpan: 848
2025-07-03T19:33:12.0239548Z [2185/12541] Proxy disimpan: 849
2025-07-03T19:33:12.0359012Z [2179/12541] Proxy disimpan: 850
2025-07-03T19:33:12.0405825Z [2183/12541] Proxy disimpan: 851
2025-07-03T19:33:12.1076867Z [2186/12541] Proxy disimpan: 852
2025-07-03T19:33:12.1763108Z [2187/12541] Proxy disimpan: 853
2025-07-03T19:33:12.1815190Z [2189/12541] Proxy disimpan: 854
2025-07-03T19:33:12.1841942Z [2188/12541] Proxy disimpan: 855
2025-07-03T19:33:12.3662092Z [2190/12541] Proxy disimpan: 856
2025-07-03T19:33:12.3971769Z [2191/12541] Proxy disimpan: 857
2025-07-03T19:33:12.4144691Z [2192/12541] Proxy disimpan: 858
2025-07-03T19:33:12.4893185Z [2194/12541] Proxy disimpan: 859
2025-07-03T19:33:12.4990757Z [2196/12541] Proxy disimpan: 860
2025-07-03T19:33:12.5062726Z [2193/12541] Proxy disimpan: 861
2025-07-03T19:33:12.5202980Z [2198/12541] Proxy disimpan: 862
2025-07-03T19:33:12.5389609Z [2197/12541] Proxy disimpan: 863
2025-07-03T19:33:12.5756058Z [2199/12541] Proxy disimpan: 864
2025-07-03T19:33:12.6224290Z [2200/12541] Proxy disimpan: 865
2025-07-03T19:33:12.6496771Z [2202/12541] Proxy disimpan: 866
2025-07-03T19:33:12.6935058Z [2205/12541] Proxy disimpan: 867
2025-07-03T19:33:12.7667491Z [2210/12541] Proxy disimpan: 868
2025-07-03T19:33:12.8149707Z [2212/12541] Proxy disimpan: 869
2025-07-03T19:33:12.8285560Z [2213/12541] Proxy disimpan: 870
2025-07-03T19:33:12.8396528Z [2218/12541] Proxy disimpan: 871
2025-07-03T19:33:12.8449143Z [2215/12541] Proxy disimpan: 872
2025-07-03T19:33:12.8702135Z [2217/12541] Proxy disimpan: 873
2025-07-03T19:33:12.8887377Z [2214/12541] Proxy disimpan: 874
2025-07-03T19:33:12.8925543Z [2220/12541] Proxy disimpan: 875
2025-07-03T19:33:12.9146023Z [2221/12541] Proxy disimpan: 876
2025-07-03T19:33:12.9303170Z [2222/12541] Proxy disimpan: 877
2025-07-03T19:33:12.9390020Z [2223/12541] Proxy disimpan: 878
2025-07-03T19:33:12.9581188Z [2225/12541] Proxy disimpan: 879
2025-07-03T19:33:12.9616892Z [2228/12541] Proxy disimpan: 880
2025-07-03T19:33:12.9779766Z [2226/12541] Proxy disimpan: 881
2025-07-03T19:33:13.0208369Z [2233/12541] Proxy disimpan: 882
2025-07-03T19:33:13.0776000Z [2237/12541] Proxy disimpan: 883
2025-07-03T19:33:13.0816096Z [2234/12541] Proxy disimpan: 884
2025-07-03T19:33:13.1252581Z [2240/12541] Proxy disimpan: 885
2025-07-03T19:33:13.1954775Z [2243/12541] Proxy disimpan: 886
2025-07-03T19:33:13.2305217Z [2244/12541] Proxy disimpan: 887
2025-07-03T19:33:13.2322780Z [2216/12541] Proxy disimpan: 888
2025-07-03T19:33:13.2323930Z [2245/12541] Proxy disimpan: 889
2025-07-03T19:33:13.2661046Z [2247/12541] Proxy disimpan: 890
2025-07-03T19:33:13.2765697Z [2224/12541] Proxy disimpan: 891
2025-07-03T19:33:13.2961960Z [2249/12541] Proxy disimpan: 892
2025-07-03T19:33:13.3356705Z [2257/12541] Proxy disimpan: 893
2025-07-03T19:33:13.3363423Z [2254/12541] Proxy disimpan: 894
2025-07-03T19:33:13.3730899Z [2241/12541] Proxy disimpan: 895
2025-07-03T19:33:13.4048620Z [2268/12541] Proxy disimpan: 896
2025-07-03T19:33:13.4111776Z [2267/12541] Proxy disimpan: 897
2025-07-03T19:33:13.4320984Z [2271/12541] Proxy disimpan: 898
2025-07-03T19:33:13.4388989Z [2274/12541] Proxy disimpan: 899
2025-07-03T19:33:13.5016079Z [2280/12541] Proxy disimpan: 900
2025-07-03T19:33:13.5967051Z [2285/12541] Proxy disimpan: 901
2025-07-03T19:33:13.6973894Z [2288/12541] Proxy disimpan: 902
2025-07-03T19:33:13.7297524Z [2289/12541] Proxy disimpan: 903
2025-07-03T19:33:13.7333378Z [2290/12541] Proxy disimpan: 904
2025-07-03T19:33:13.7494960Z [2294/12541] Proxy disimpan: 905
2025-07-03T19:33:13.7522391Z [2295/12541] Proxy disimpan: 906
2025-07-03T19:33:13.7656749Z [2292/12541] Proxy disimpan: 907
2025-07-03T19:33:13.8555093Z [2301/12541] Proxy disimpan: 908
2025-07-03T19:33:13.8937235Z [2269/12541] Proxy disimpan: 909
2025-07-03T19:33:13.8940193Z [2298/12541] Proxy disimpan: 910
2025-07-03T19:33:13.9459712Z [2310/12541] Proxy disimpan: 911
2025-07-03T19:33:14.0693829Z [2270/12541] Proxy disimpan: 912
2025-07-03T19:33:14.1091069Z [2321/12541] Proxy disimpan: 913
2025-07-03T19:33:14.1349974Z [2265/12541] Proxy disimpan: 914
2025-07-03T19:33:14.1648055Z [2322/12541] Proxy disimpan: 915
2025-07-03T19:33:14.1720775Z [2326/12541] Proxy disimpan: 916
2025-07-03T19:33:14.2624496Z [2300/12541] Proxy disimpan: 917
2025-07-03T19:33:14.2679536Z [2252/12541] Proxy disimpan: 918
2025-07-03T19:33:14.3247727Z [2335/12541] Proxy disimpan: 919
2025-07-03T19:33:14.3274850Z [2306/12541] Proxy disimpan: 920
2025-07-03T19:33:14.3337780Z [2338/12541] Proxy disimpan: 921
2025-07-03T19:33:14.3464329Z [2255/12541] Proxy disimpan: 922
2025-07-03T19:33:14.3715113Z [2262/12541] Proxy disimpan: 923
2025-07-03T19:33:14.3771632Z [2256/12541] Proxy disimpan: 924
2025-07-03T19:33:14.3957762Z [2345/12541] Proxy disimpan: 925
2025-07-03T19:33:14.4078166Z [2297/12541] Proxy disimpan: 926
2025-07-03T19:33:14.4123659Z [2308/12541] Proxy disimpan: 927
2025-07-03T19:33:14.4495452Z [2347/12541] Proxy disimpan: 928
2025-07-03T19:33:14.4748866Z [2346/12541] Proxy disimpan: 929
2025-07-03T19:33:14.6077339Z [2356/12541] Proxy disimpan: 930
2025-07-03T19:33:14.6661160Z [2357/12541] Proxy disimpan: 931
2025-07-03T19:33:14.7534691Z [2359/12541] Proxy disimpan: 932
2025-07-03T19:33:14.7731820Z [2364/12541] Proxy disimpan: 933
2025-07-03T19:33:14.7882264Z [2360/12541] Proxy disimpan: 934
2025-07-03T19:33:14.8259437Z [2365/12541] Proxy disimpan: 935
2025-07-03T19:33:14.8405052Z [2368/12541] Proxy disimpan: 936
2025-07-03T19:33:14.8410849Z [2355/12541] Proxy disimpan: 937
2025-07-03T19:33:14.8579058Z [2367/12541] Proxy disimpan: 938
2025-07-03T19:33:14.9053161Z [2370/12541] Proxy disimpan: 939
2025-07-03T19:33:14.9098205Z [2372/12541] Proxy disimpan: 940
2025-07-03T19:33:14.9525280Z [2307/12541] Proxy disimpan: 941
2025-07-03T19:33:14.9560601Z [2251/12541] Proxy disimpan: 942
2025-07-03T19:33:15.0581944Z [2376/12541] Proxy disimpan: 943
2025-07-03T19:33:15.0812074Z [2381/12541] Proxy disimpan: 944
2025-07-03T19:33:15.0969678Z [2312/12541] Proxy disimpan: 945
2025-07-03T19:33:15.1064047Z [2382/12541] Proxy disimpan: 946
2025-07-03T19:33:15.1357232Z [2379/12541] Proxy disimpan: 947
2025-07-03T19:33:15.1890274Z [2387/12541] Proxy disimpan: 948
2025-07-03T19:33:15.2184913Z [2392/12541] Proxy disimpan: 949
2025-07-03T19:33:15.2657206Z [2304/12541] Proxy disimpan: 950
2025-07-03T19:33:15.2724881Z [2398/12541] Proxy disimpan: 951
2025-07-03T19:33:15.3170283Z [2406/12541] Proxy disimpan: 952
2025-07-03T19:33:15.3273666Z [2403/12541] Proxy disimpan: 953
2025-07-03T19:33:15.3431903Z [2404/12541] Proxy disimpan: 954
2025-07-03T19:33:15.3860073Z [2409/12541] Proxy disimpan: 955
2025-07-03T19:33:15.4045769Z [2412/12541] Proxy disimpan: 956
2025-07-03T19:33:15.4432614Z [2413/12541] Proxy disimpan: 957
2025-07-03T19:33:15.5783984Z [2419/12541] Proxy disimpan: 958
2025-07-03T19:33:15.6734112Z [2348/12541] Proxy disimpan: 959
2025-07-03T19:33:15.7500328Z [2426/12541] Proxy disimpan: 960
2025-07-03T19:33:15.7669708Z [2433/12541] Proxy disimpan: 961
2025-07-03T19:33:15.7685837Z [2431/12541] Proxy disimpan: 962
2025-07-03T19:33:15.7731270Z [2429/12541] Proxy disimpan: 963
2025-07-03T19:33:15.7756827Z [2430/12541] Proxy disimpan: 964
2025-07-03T19:33:15.7829188Z [2427/12541] Proxy disimpan: 965
2025-07-03T19:33:15.7970890Z [2432/12541] Proxy disimpan: 966
2025-07-03T19:33:15.8105195Z [2428/12541] Proxy disimpan: 967
2025-07-03T19:33:15.8353529Z [2434/12541] Proxy disimpan: 968
2025-07-03T19:33:15.8397304Z [2435/12541] Proxy disimpan: 969
2025-07-03T19:33:15.8487233Z [2436/12541] Proxy disimpan: 970
2025-07-03T19:33:16.0455172Z [2440/12541] Proxy disimpan: 971
2025-07-03T19:33:16.4069701Z [2457/12541] Proxy disimpan: 972
2025-07-03T19:33:16.4934099Z [2460/12541] Proxy disimpan: 973
2025-07-03T19:33:16.5220562Z [2461/12541] Proxy disimpan: 974
2025-07-03T19:33:16.5822208Z [2456/12541] Proxy disimpan: 975
2025-07-03T19:33:16.6208961Z [2464/12541] Proxy disimpan: 976
2025-07-03T19:33:16.7087192Z [2465/12541] Proxy disimpan: 977
2025-07-03T19:33:16.7506525Z [2468/12541] Proxy disimpan: 978
2025-07-03T19:33:16.7860628Z [2470/12541] Proxy disimpan: 979
2025-07-03T19:33:16.8220548Z [2450/12541] Proxy disimpan: 980
2025-07-03T19:33:16.8456623Z [2472/12541] Proxy disimpan: 981
2025-07-03T19:33:16.8950938Z [2474/12541] Proxy disimpan: 982
2025-07-03T19:33:16.9466451Z [2480/12541] Proxy disimpan: 983
2025-07-03T19:33:16.9484257Z [2481/12541] Proxy disimpan: 984
2025-07-03T19:33:17.0260897Z [2439/12541] Proxy disimpan: 985
2025-07-03T19:33:17.0643478Z [2441/12541] Proxy disimpan: 986
2025-07-03T19:33:17.1294989Z [2489/12541] Proxy disimpan: 987
2025-07-03T19:33:17.1883234Z [2490/12541] Proxy disimpan: 988
2025-07-03T19:33:17.2447803Z [2494/12541] Proxy disimpan: 989
2025-07-03T19:33:17.2475282Z [2493/12541] Proxy disimpan: 990
2025-07-03T19:33:17.2728632Z [2449/12541] Proxy disimpan: 991
2025-07-03T19:33:17.5735544Z [2462/12541] Proxy disimpan: 992
2025-07-03T19:33:17.8072137Z [2512/12541] Proxy disimpan: 993
2025-07-03T19:33:17.9228905Z [2515/12541] Proxy disimpan: 994
2025-07-03T19:33:18.0261774Z [2516/12541] Proxy disimpan: 995
2025-07-03T19:33:18.0717654Z [2519/12541] Proxy disimpan: 996
2025-07-03T19:33:18.3260591Z [2522/12541] Proxy disimpan: 997
2025-07-03T19:33:18.3733456Z [2526/12541] Proxy disimpan: 998
2025-07-03T19:33:18.4471234Z [2528/12541] Proxy disimpan: 999
2025-07-03T19:33:18.4888366Z [2534/12541] Proxy disimpan: 1000
2025-07-03T19:33:18.5282072Z [2536/12541] Proxy disimpan: 1001
2025-07-03T19:33:18.5583054Z [2537/12541] Proxy disimpan: 1002
2025-07-03T19:33:18.5947097Z [2541/12541] Proxy disimpan: 1003
2025-07-03T19:33:18.6892877Z [2544/12541] Proxy disimpan: 1004
2025-07-03T19:33:18.7313271Z [2533/12541] Proxy disimpan: 1005
2025-07-03T19:33:18.7911605Z [2546/12541] Proxy disimpan: 1006
2025-07-03T19:33:18.7980360Z [2467/12541] Proxy disimpan: 1007
2025-07-03T19:33:18.8549126Z [2547/12541] Proxy disimpan: 1008
2025-07-03T19:33:18.8964992Z [2548/12541] Proxy disimpan: 1009
2025-07-03T19:33:18.9478814Z [2550/12541] Proxy disimpan: 1010
2025-07-03T19:33:18.9743192Z [2552/12541] Proxy disimpan: 1011
2025-07-03T19:33:19.0172799Z [2549/12541] Proxy disimpan: 1012
2025-07-03T19:33:19.0729675Z [2553/12541] Proxy disimpan: 1013
2025-07-03T19:33:19.1376994Z [2556/12541] Proxy disimpan: 1014
2025-07-03T19:33:19.1404266Z [2555/12541] Proxy disimpan: 1015
2025-07-03T19:33:19.2170036Z [2561/12541] Proxy disimpan: 1016
2025-07-03T19:33:19.2473265Z [2559/12541] Proxy disimpan: 1017
2025-07-03T19:33:19.4291506Z [2566/12541] Proxy disimpan: 1018
2025-07-03T19:33:20.4249646Z [2560/12541] Proxy disimpan: 1019
2025-07-03T19:33:20.4702442Z [2596/12541] Proxy disimpan: 1020
2025-07-03T19:33:20.6219041Z [2530/12541] Proxy disimpan: 1021
2025-07-03T19:33:20.6730554Z [2615/12541] Proxy disimpan: 1022
2025-07-03T19:33:20.7650460Z [2445/12541] Proxy disimpan: 1023
2025-07-03T19:33:20.9039893Z [2616/12541] Proxy disimpan: 1024
2025-07-03T19:33:20.9450790Z [2613/12541] Proxy disimpan: 1025
2025-07-03T19:33:21.0965545Z [2619/12541] Proxy disimpan: 1026
2025-07-03T19:33:21.2587996Z [2622/12541] Proxy disimpan: 1027
2025-07-03T19:33:21.4145403Z [2628/12541] Proxy disimpan: 1028
2025-07-03T19:33:21.5111228Z [2630/12541] Proxy disimpan: 1029
2025-07-03T19:33:21.5524520Z [2633/12541] Proxy disimpan: 1030
2025-07-03T19:33:21.8413900Z [2635/12541] Proxy disimpan: 1031
2025-07-03T19:33:21.8828106Z [2637/12541] Proxy disimpan: 1032
2025-07-03T19:33:21.8915017Z [2638/12541] Proxy disimpan: 1033
2025-07-03T19:33:21.9652002Z [2639/12541] Proxy disimpan: 1034
2025-07-03T19:33:22.0336010Z [2643/12541] Proxy disimpan: 1035
2025-07-03T19:33:22.0867488Z [2644/12541] Proxy disimpan: 1036
2025-07-03T19:33:22.1391921Z [2645/12541] Proxy disimpan: 1037
2025-07-03T19:33:22.1588007Z [2646/12541] Proxy disimpan: 1038
2025-07-03T19:33:22.2343070Z [2648/12541] Proxy disimpan: 1039
2025-07-03T19:33:22.3077652Z [2543/12541] Proxy disimpan: 1040
2025-07-03T19:33:22.4081311Z [2660/12541] Proxy disimpan: 1041
2025-07-03T19:33:22.4274873Z [2652/12541] Proxy disimpan: 1042
2025-07-03T19:33:22.4312846Z [2664/12541] Proxy disimpan: 1043
2025-07-03T19:33:22.4708582Z [2661/12541] Proxy disimpan: 1044
2025-07-03T19:33:22.5374746Z [2666/12541] Proxy disimpan: 1045
2025-07-03T19:33:22.5828962Z [2665/12541] Proxy disimpan: 1046
2025-07-03T19:33:22.6413400Z [2677/12541] Proxy disimpan: 1047
2025-07-03T19:33:22.7185228Z [2678/12541] Proxy disimpan: 1048
2025-07-03T19:33:22.7203587Z [2674/12541] Proxy disimpan: 1049
2025-07-03T19:33:22.7656438Z [2675/12541] Proxy disimpan: 1050
2025-07-03T19:33:22.7685284Z [2676/12541] Proxy disimpan: 1051
2025-07-03T19:33:22.7906989Z [2682/12541] Proxy disimpan: 1052
2025-07-03T19:33:22.8028050Z [2680/12541] Proxy disimpan: 1053
2025-07-03T19:33:22.8163298Z [2683/12541] Proxy disimpan: 1054
2025-07-03T19:33:22.8179472Z [2684/12541] Proxy disimpan: 1055
2025-07-03T19:33:22.8326209Z [2686/12541] Proxy disimpan: 1056
2025-07-03T19:33:22.8398092Z [2687/12541] Proxy disimpan: 1057
2025-07-03T19:33:22.8731864Z [2689/12541] Proxy disimpan: 1058
2025-07-03T19:33:22.9625283Z [2690/12541] Proxy disimpan: 1059
2025-07-03T19:33:23.0688595Z [2694/12541] Proxy disimpan: 1060
2025-07-03T19:33:23.0941609Z [2696/12541] Proxy disimpan: 1061
2025-07-03T19:33:23.0942489Z [2692/12541] Proxy disimpan: 1062
2025-07-03T19:33:23.1455339Z [2697/12541] Proxy disimpan: 1063
2025-07-03T19:33:23.1790912Z [2698/12541] Proxy disimpan: 1064
2025-07-03T19:33:23.2427980Z [2708/12541] Proxy disimpan: 1065
2025-07-03T19:33:23.2521448Z [2707/12541] Proxy disimpan: 1066
2025-07-03T19:33:23.2630677Z [2713/12541] Proxy disimpan: 1067
2025-07-03T19:33:23.2927356Z [2704/12541] Proxy disimpan: 1068
2025-07-03T19:33:23.3031034Z [2712/12541] Proxy disimpan: 1069
2025-07-03T19:33:23.3298767Z [2710/12541] Proxy disimpan: 1070
2025-07-03T19:33:23.3659009Z [2716/12541] Proxy disimpan: 1071
2025-07-03T19:33:23.4879190Z [2723/12541] Proxy disimpan: 1072
2025-07-03T19:33:23.4950607Z [2720/12541] Proxy disimpan: 1073
2025-07-03T19:33:23.5393608Z [2721/12541] Proxy disimpan: 1074
2025-07-03T19:33:23.5445183Z [2724/12541] Proxy disimpan: 1075
2025-07-03T19:33:23.6213671Z [2728/12541] Proxy disimpan: 1076
2025-07-03T19:33:23.6463991Z [2731/12541] Proxy disimpan: 1077
2025-07-03T19:33:23.7050293Z [2729/12541] Proxy disimpan: 1078
2025-07-03T19:33:23.7254965Z [2734/12541] Proxy disimpan: 1079
2025-07-03T19:33:23.7284972Z [2730/12541] Proxy disimpan: 1080
2025-07-03T19:33:23.7321288Z [2735/12541] Proxy disimpan: 1081
2025-07-03T19:33:23.8169607Z [2737/12541] Proxy disimpan: 1082
2025-07-03T19:33:23.8541363Z [2738/12541] Proxy disimpan: 1083
2025-07-03T19:33:23.8930759Z [2693/12541] Proxy disimpan: 1084
2025-07-03T19:33:23.9515244Z [2740/12541] Proxy disimpan: 1085
2025-07-03T19:33:23.9737470Z [2741/12541] Proxy disimpan: 1086
2025-07-03T19:33:23.9738412Z [2691/12541] Proxy disimpan: 1087
2025-07-03T19:33:23.9936413Z [2739/12541] Proxy disimpan: 1088
2025-07-03T19:33:23.9973368Z [2742/12541] Proxy disimpan: 1089
2025-07-03T19:33:24.0540864Z [2743/12541] Proxy disimpan: 1090
2025-07-03T19:33:24.2143165Z [2749/12541] Proxy disimpan: 1091
2025-07-03T19:33:24.2410221Z [2753/12541] Proxy disimpan: 1092
2025-07-03T19:33:24.2477430Z [2750/12541] Proxy disimpan: 1093
2025-07-03T19:33:24.3048112Z [2754/12541] Proxy disimpan: 1094
2025-07-03T19:33:24.3152664Z [2756/12541] Proxy disimpan: 1095
2025-07-03T19:33:24.3278709Z [2755/12541] Proxy disimpan: 1096
2025-07-03T19:33:24.4589769Z [2763/12541] Proxy disimpan: 1097
2025-07-03T19:33:24.5057927Z [2772/12541] Proxy disimpan: 1098
2025-07-03T19:33:24.5176972Z [2774/12541] Proxy disimpan: 1099
2025-07-03T19:33:24.5250293Z [2771/12541] Proxy disimpan: 1100
2025-07-03T19:33:24.5266490Z [2770/12541] Proxy disimpan: 1101
2025-07-03T19:33:24.5843601Z [2776/12541] Proxy disimpan: 1102
2025-07-03T19:33:24.5969762Z [2775/12541] Proxy disimpan: 1103
2025-07-03T19:33:24.6836469Z [2780/12541] Proxy disimpan: 1104
2025-07-03T19:33:24.7399607Z [2781/12541] Proxy disimpan: 1105
2025-07-03T19:33:24.7671683Z [2784/12541] Proxy disimpan: 1106
2025-07-03T19:33:24.8165837Z [2788/12541] Proxy disimpan: 1107
2025-07-03T19:33:24.8379888Z [2785/12541] Proxy disimpan: 1108
2025-07-03T19:33:24.8613036Z [2792/12541] Proxy disimpan: 1109
2025-07-03T19:33:24.8630233Z [2787/12541] Proxy disimpan: 1110
2025-07-03T19:33:24.8876774Z [2794/12541] Proxy disimpan: 1111
2025-07-03T19:33:24.9298784Z [2793/12541] Proxy disimpan: 1112
2025-07-03T19:33:24.9300756Z [2791/12541] Proxy disimpan: 1113
2025-07-03T19:33:24.9445057Z [2796/12541] Proxy disimpan: 1114
2025-07-03T19:33:24.9643908Z [2799/12541] Proxy disimpan: 1115
2025-07-03T19:33:24.9709128Z [2802/12541] Proxy disimpan: 1116
2025-07-03T19:33:25.0090939Z [2762/12541] Proxy disimpan: 1117
2025-07-03T19:33:25.0693818Z [2808/12541] Proxy disimpan: 1118
2025-07-03T19:33:25.0739883Z [2804/12541] Proxy disimpan: 1119
2025-07-03T19:33:25.0781280Z [2801/12541] Proxy disimpan: 1120
2025-07-03T19:33:25.1597094Z [2815/12541] Proxy disimpan: 1121
2025-07-03T19:33:25.2200853Z [2820/12541] Proxy disimpan: 1122
2025-07-03T19:33:25.2331411Z [2817/12541] Proxy disimpan: 1123
2025-07-03T19:33:25.2347403Z [2819/12541] Proxy disimpan: 1124
2025-07-03T19:33:25.2363657Z [2818/12541] Proxy disimpan: 1125
2025-07-03T19:33:25.2491518Z [2821/12541] Proxy disimpan: 1126
2025-07-03T19:33:25.2775824Z [2823/12541] Proxy disimpan: 1127
2025-07-03T19:33:25.2820977Z [2824/12541] Proxy disimpan: 1128
2025-07-03T19:33:25.2942947Z [2827/12541] Proxy disimpan: 1129
2025-07-03T19:33:25.3583480Z [2835/12541] Proxy disimpan: 1130
2025-07-03T19:33:25.3747953Z [2836/12541] Proxy disimpan: 1131
2025-07-03T19:33:25.4514282Z [2841/12541] Proxy disimpan: 1132
2025-07-03T19:33:25.4545010Z [2850/12541] Proxy disimpan: 1133
2025-07-03T19:33:25.4730300Z [2849/12541] Proxy disimpan: 1134
2025-07-03T19:33:25.4954268Z [2851/12541] Proxy disimpan: 1135
2025-07-03T19:33:25.5288382Z [2852/12541] Proxy disimpan: 1136
2025-07-03T19:33:25.5401591Z [2856/12541] Proxy disimpan: 1137
2025-07-03T19:33:25.5510850Z [2857/12541] Proxy disimpan: 1138
2025-07-03T19:33:25.5970618Z [2860/12541] Proxy disimpan: 1139
2025-07-03T19:33:25.6249489Z [2859/12541] Proxy disimpan: 1140
2025-07-03T19:33:25.6282245Z [2868/12541] Proxy disimpan: 1141
2025-07-03T19:33:25.6374739Z [2863/12541] Proxy disimpan: 1142
2025-07-03T19:33:25.6404034Z [2870/12541] Proxy disimpan: 1143
2025-07-03T19:33:25.7098078Z [2873/12541] Proxy disimpan: 1144
2025-07-03T19:33:25.7474780Z [2878/12541] Proxy disimpan: 1145
2025-07-03T19:33:25.7660501Z [2875/12541] Proxy disimpan: 1146
2025-07-03T19:33:25.7690342Z [2879/12541] Proxy disimpan: 1147
2025-07-03T19:33:25.7817667Z [2877/12541] Proxy disimpan: 1148
2025-07-03T19:33:25.7986016Z [2880/12541] Proxy disimpan: 1149
2025-07-03T19:33:25.8068035Z [2884/12541] Proxy disimpan: 1150
2025-07-03T19:33:25.8329304Z [2885/12541] Proxy disimpan: 1151
2025-07-03T19:33:25.8733924Z [2889/12541] Proxy disimpan: 1152
2025-07-03T19:33:25.9306614Z [2890/12541] Proxy disimpan: 1153
2025-07-03T19:33:26.0039312Z [2892/12541] Proxy disimpan: 1154
2025-07-03T19:33:26.0504866Z [2898/12541] Proxy disimpan: 1155
2025-07-03T19:33:26.0578828Z [2897/12541] Proxy disimpan: 1156
2025-07-03T19:33:26.0918869Z [2899/12541] Proxy disimpan: 1157
2025-07-03T19:33:26.1595358Z [2906/12541] Proxy disimpan: 1158
2025-07-03T19:33:26.1810381Z [2907/12541] Proxy disimpan: 1159
2025-07-03T19:33:26.1853408Z [2905/12541] Proxy disimpan: 1160
2025-07-03T19:33:26.1960640Z [2904/12541] Proxy disimpan: 1161
2025-07-03T19:33:26.2371221Z [2910/12541] Proxy disimpan: 1162
2025-07-03T19:33:26.2443468Z [2913/12541] Proxy disimpan: 1163
2025-07-03T19:33:26.2672664Z [2914/12541] Proxy disimpan: 1164
2025-07-03T19:33:26.3015355Z [2917/12541] Proxy disimpan: 1165
2025-07-03T19:33:26.3031587Z [2918/12541] Proxy disimpan: 1166
2025-07-03T19:33:26.3474972Z [2922/12541] Proxy disimpan: 1167
2025-07-03T19:33:26.4333053Z [2929/12541] Proxy disimpan: 1168
2025-07-03T19:33:26.5494243Z [2935/12541] Proxy disimpan: 1169
2025-07-03T19:33:26.5532816Z [2934/12541] Proxy disimpan: 1170
2025-07-03T19:33:26.5951236Z [2938/12541] Proxy disimpan: 1171
2025-07-03T19:33:26.5999242Z [2939/12541] Proxy disimpan: 1172
2025-07-03T19:33:26.6439666Z [2941/12541] Proxy disimpan: 1173
2025-07-03T19:33:26.6865253Z [2944/12541] Proxy disimpan: 1174
2025-07-03T19:33:26.6925267Z [2943/12541] Proxy disimpan: 1175
2025-07-03T19:33:26.7092824Z [2896/12541] Proxy disimpan: 1176
2025-07-03T19:33:26.7135544Z [2946/12541] Proxy disimpan: 1177
2025-07-03T19:33:26.7260886Z [2947/12541] Proxy disimpan: 1178
2025-07-03T19:33:26.7950057Z [2952/12541] Proxy disimpan: 1179
2025-07-03T19:33:26.8001030Z [2940/12541] Proxy disimpan: 1180
2025-07-03T19:33:26.8433091Z [2954/12541] Proxy disimpan: 1181
2025-07-03T19:33:26.9481697Z [2957/12541] Proxy disimpan: 1182
2025-07-03T19:33:27.0217214Z [2958/12541] Proxy disimpan: 1183
2025-07-03T19:33:27.0320126Z [2959/12541] Proxy disimpan: 1184
2025-07-03T19:33:27.0943603Z [2961/12541] Proxy disimpan: 1185
2025-07-03T19:33:27.1241582Z [2963/12541] Proxy disimpan: 1186
2025-07-03T19:33:27.1773158Z [2965/12541] Proxy disimpan: 1187
2025-07-03T19:33:27.1874532Z [2967/12541] Proxy disimpan: 1188
2025-07-03T19:33:27.2201806Z [2950/12541] Proxy disimpan: 1189
2025-07-03T19:33:27.2613070Z [2975/12541] Proxy disimpan: 1190
2025-07-03T19:33:27.3334813Z [2976/12541] Proxy disimpan: 1191
2025-07-03T19:33:27.3899303Z [2978/12541] Proxy disimpan: 1192
2025-07-03T19:33:27.4024979Z [2980/12541] Proxy disimpan: 1193
2025-07-03T19:33:27.4429754Z [2989/12541] Proxy disimpan: 1194
2025-07-03T19:33:27.5304869Z [2993/12541] Proxy disimpan: 1195
2025-07-03T19:33:27.5359077Z [2991/12541] Proxy disimpan: 1196
2025-07-03T19:33:27.5713381Z [2996/12541] Proxy disimpan: 1197
2025-07-03T19:33:27.6138420Z [2999/12541] Proxy disimpan: 1198
2025-07-03T19:33:27.6686539Z [3005/12541] Proxy disimpan: 1199
2025-07-03T19:33:27.7038839Z [3009/12541] Proxy disimpan: 1200
2025-07-03T19:33:27.7602657Z [3011/12541] Proxy disimpan: 1201
2025-07-03T19:33:27.7957581Z [3010/12541] Proxy disimpan: 1202
2025-07-03T19:33:27.8009828Z [3012/12541] Proxy disimpan: 1203
2025-07-03T19:33:27.8062508Z [3016/12541] Proxy disimpan: 1204
2025-07-03T19:33:27.8665440Z [3015/12541] Proxy disimpan: 1205
2025-07-03T19:33:27.8693002Z [3022/12541] Proxy disimpan: 1206
2025-07-03T19:33:27.9060733Z [3024/12541] Proxy disimpan: 1207
2025-07-03T19:33:27.9158862Z [3023/12541] Proxy disimpan: 1208
2025-07-03T19:33:27.9884189Z [3020/12541] Proxy disimpan: 1209
2025-07-03T19:33:28.0412217Z [3033/12541] Proxy disimpan: 1210
2025-07-03T19:33:28.0429268Z [3032/12541] Proxy disimpan: 1211
2025-07-03T19:33:28.0452533Z [3031/12541] Proxy disimpan: 1212
2025-07-03T19:33:28.0666477Z [3030/12541] Proxy disimpan: 1213
2025-07-03T19:33:28.1570660Z [3035/12541] Proxy disimpan: 1214
2025-07-03T19:33:28.2736136Z [3039/12541] Proxy disimpan: 1215
2025-07-03T19:33:28.2752555Z [3040/12541] Proxy disimpan: 1216
2025-07-03T19:33:28.3216206Z [3046/12541] Proxy disimpan: 1217
2025-07-03T19:33:28.3233294Z [3042/12541] Proxy disimpan: 1218
2025-07-03T19:33:28.3263633Z [3044/12541] Proxy disimpan: 1219
2025-07-03T19:33:28.3264833Z [3043/12541] Proxy disimpan: 1220
2025-07-03T19:33:28.3331255Z [3045/12541] Proxy disimpan: 1221
2025-07-03T19:33:28.3555379Z [3047/12541] Proxy disimpan: 1222
2025-07-03T19:33:28.3777654Z [3049/12541] Proxy disimpan: 1223
2025-07-03T19:33:28.3925166Z [3017/12541] Proxy disimpan: 1224
2025-07-03T19:33:28.5552383Z [3064/12541] Proxy disimpan: 1225
2025-07-03T19:33:28.5623864Z [3058/12541] Proxy disimpan: 1226
2025-07-03T19:33:28.5663402Z [3060/12541] Proxy disimpan: 1227
2025-07-03T19:33:28.5908813Z [3066/12541] Proxy disimpan: 1228
2025-07-03T19:33:28.5946309Z [3065/12541] Proxy disimpan: 1229
2025-07-03T19:33:28.6269208Z [3062/12541] Proxy disimpan: 1230
2025-07-03T19:33:28.6367076Z [3061/12541] Proxy disimpan: 1231
2025-07-03T19:33:28.6441251Z [3063/12541] Proxy disimpan: 1232
2025-07-03T19:33:28.6468315Z [3067/12541] Proxy disimpan: 1233
2025-07-03T19:33:28.6745354Z [3068/12541] Proxy disimpan: 1234
2025-07-03T19:33:28.8222814Z [3071/12541] Proxy disimpan: 1235
2025-07-03T19:33:28.8748383Z [3082/12541] Proxy disimpan: 1236
2025-07-03T19:33:29.0435939Z [3091/12541] Proxy disimpan: 1237
2025-07-03T19:33:29.0818123Z [3095/12541] Proxy disimpan: 1238
2025-07-03T19:33:29.1110348Z [3094/12541] Proxy disimpan: 1239
2025-07-03T19:33:29.1264405Z [3099/12541] Proxy disimpan: 1240
2025-07-03T19:33:29.1798159Z [3096/12541] Proxy disimpan: 1241
2025-07-03T19:33:29.2003474Z [3105/12541] Proxy disimpan: 1242
2025-07-03T19:33:29.2034719Z [3104/12541] Proxy disimpan: 1243
2025-07-03T19:33:29.2308392Z [3108/12541] Proxy disimpan: 1244
2025-07-03T19:33:29.3094043Z [3113/12541] Proxy disimpan: 1245
2025-07-03T19:33:29.3522153Z [3119/12541] Proxy disimpan: 1246
2025-07-03T19:33:29.3650380Z [3122/12541] Proxy disimpan: 1247
2025-07-03T19:33:29.3796068Z [3114/12541] Proxy disimpan: 1248
2025-07-03T19:33:29.3814191Z [3121/12541] Proxy disimpan: 1249
2025-07-03T19:33:29.3876692Z [3120/12541] Proxy disimpan: 1250
2025-07-03T19:33:29.4100331Z [3124/12541] Proxy disimpan: 1251
2025-07-03T19:33:29.4324635Z [3127/12541] Proxy disimpan: 1252
2025-07-03T19:33:29.4351032Z [3123/12541] Proxy disimpan: 1253
2025-07-03T19:33:29.4438791Z [3112/12541] Proxy disimpan: 1254
2025-07-03T19:33:29.4487475Z [3129/12541] Proxy disimpan: 1255
2025-07-03T19:33:29.4706346Z [3128/12541] Proxy disimpan: 1256
2025-07-03T19:33:29.4927310Z [3132/12541] Proxy disimpan: 1257
2025-07-03T19:33:29.5727586Z [3134/12541] Proxy disimpan: 1258
2025-07-03T19:33:29.5805344Z [3135/12541] Proxy disimpan: 1259
2025-07-03T19:33:29.5941857Z [3137/12541] Proxy disimpan: 1260
2025-07-03T19:33:29.7116526Z [3147/12541] Proxy disimpan: 1261
2025-07-03T19:33:29.7311447Z [3146/12541] Proxy disimpan: 1262
2025-07-03T19:33:29.7340084Z [3150/12541] Proxy disimpan: 1263
2025-07-03T19:33:29.7367553Z [3148/12541] Proxy disimpan: 1264
2025-07-03T19:33:29.7577659Z [3149/12541] Proxy disimpan: 1265
2025-07-03T19:33:29.8107170Z [3036/12541] Proxy disimpan: 1266
2025-07-03T19:33:29.8286462Z [3156/12541] Proxy disimpan: 1267
2025-07-03T19:33:29.8503998Z [3161/12541] Proxy disimpan: 1268
2025-07-03T19:33:29.8510785Z [3159/12541] Proxy disimpan: 1269
2025-07-03T19:33:29.8541625Z [3160/12541] Proxy disimpan: 1270
2025-07-03T19:33:29.8557567Z [3028/12541] Proxy disimpan: 1271
2025-07-03T19:33:29.8911674Z [3163/12541] Proxy disimpan: 1272
2025-07-03T19:33:29.8927910Z [3158/12541] Proxy disimpan: 1273
2025-07-03T19:33:29.8944910Z [3162/12541] Proxy disimpan: 1274
2025-07-03T19:33:29.9303423Z [3165/12541] Proxy disimpan: 1275
2025-07-03T19:33:29.9473467Z [3166/12541] Proxy disimpan: 1276
2025-07-03T19:33:29.9586440Z [3171/12541] Proxy disimpan: 1277
2025-07-03T19:33:29.9626781Z [3172/12541] Proxy disimpan: 1278
2025-07-03T19:33:29.9783564Z [3138/12541] Proxy disimpan: 1279
2025-07-03T19:33:29.9856904Z [3176/12541] Proxy disimpan: 1280
2025-07-03T19:33:29.9873106Z [3175/12541] Proxy disimpan: 1281
2025-07-03T19:33:30.0340771Z [3178/12541] Proxy disimpan: 1282
2025-07-03T19:33:30.0532897Z [3180/12541] Proxy disimpan: 1283
2025-07-03T19:33:30.0600428Z [3179/12541] Proxy disimpan: 1284
2025-07-03T19:33:30.1311627Z [3151/12541] Proxy disimpan: 1285
2025-07-03T19:33:30.1721602Z [3191/12541] Proxy disimpan: 1286
2025-07-03T19:33:30.2192607Z [3193/12541] Proxy disimpan: 1287
2025-07-03T19:33:30.2218896Z [3192/12541] Proxy disimpan: 1288
2025-07-03T19:33:30.2814777Z [3199/12541] Proxy disimpan: 1289
2025-07-03T19:33:30.3144785Z [3198/12541] Proxy disimpan: 1290
2025-07-03T19:33:30.3386831Z [3204/12541] Proxy disimpan: 1291
2025-07-03T19:33:30.3512482Z [3206/12541] Proxy disimpan: 1292
2025-07-03T19:33:30.4289486Z [3215/12541] Proxy disimpan: 1293
2025-07-03T19:33:30.4640050Z [3218/12541] Proxy disimpan: 1294
2025-07-03T19:33:30.4817750Z [3219/12541] Proxy disimpan: 1295
2025-07-03T19:33:30.5006689Z [3221/12541] Proxy disimpan: 1296
2025-07-03T19:33:30.5085029Z [3224/12541] Proxy disimpan: 1297
2025-07-03T19:33:30.5234757Z [3222/12541] Proxy disimpan: 1298
2025-07-03T19:33:30.5440958Z [3225/12541] Proxy disimpan: 1299
2025-07-03T19:33:30.5488914Z [3226/12541] Proxy disimpan: 1300
2025-07-03T19:33:30.5685647Z [3228/12541] Proxy disimpan: 1301
2025-07-03T19:33:30.5843333Z [3227/12541] Proxy disimpan: 1302
2025-07-03T19:33:30.5873354Z [3230/12541] Proxy disimpan: 1303
2025-07-03T19:33:30.7039221Z [3239/12541] Proxy disimpan: 1304
2025-07-03T19:33:30.7141347Z [3231/12541] Proxy disimpan: 1305
2025-07-03T19:33:30.8371804Z [3240/12541] Proxy disimpan: 1306
2025-07-03T19:33:30.8701930Z [3247/12541] Proxy disimpan: 1307
2025-07-03T19:33:30.9679780Z [3249/12541] Proxy disimpan: 1308
2025-07-03T19:33:30.9919784Z [3250/12541] Proxy disimpan: 1309
2025-07-03T19:33:31.0411681Z [3253/12541] Proxy disimpan: 1310
2025-07-03T19:33:31.0789467Z [3251/12541] Proxy disimpan: 1311
2025-07-03T19:33:31.0876330Z [3258/12541] Proxy disimpan: 1312
2025-07-03T19:33:31.0941052Z [3260/12541] Proxy disimpan: 1313
2025-07-03T19:33:31.1864480Z [3259/12541] Proxy disimpan: 1314
2025-07-03T19:33:31.2527734Z [3264/12541] Proxy disimpan: 1315
2025-07-03T19:33:31.2566352Z [3266/12541] Proxy disimpan: 1316
2025-07-03T19:33:31.2626816Z [3263/12541] Proxy disimpan: 1317
2025-07-03T19:33:31.2873276Z [3267/12541] Proxy disimpan: 1318
2025-07-03T19:33:31.3367290Z [3261/12541] Proxy disimpan: 1319
2025-07-03T19:33:31.3585661Z [3270/12541] Proxy disimpan: 1320
2025-07-03T19:33:31.3891358Z [3272/12541] Proxy disimpan: 1321
2025-07-03T19:33:31.4317151Z [3276/12541] Proxy disimpan: 1322
2025-07-03T19:33:31.4561951Z [3275/12541] Proxy disimpan: 1323
2025-07-03T19:33:31.4986408Z [3277/12541] Proxy disimpan: 1324
2025-07-03T19:33:31.6034782Z [3273/12541] Proxy disimpan: 1325
2025-07-03T19:33:31.6351019Z [3285/12541] Proxy disimpan: 1326
2025-07-03T19:33:31.6537485Z [3283/12541] Proxy disimpan: 1327
2025-07-03T19:33:31.6566386Z [3116/12541] Proxy disimpan: 1328
2025-07-03T19:33:31.6574186Z [3102/12541] Proxy disimpan: 1329
2025-07-03T19:33:31.7071518Z [3289/12541] Proxy disimpan: 1330
2025-07-03T19:33:31.7507787Z [3293/12541] Proxy disimpan: 1331
2025-07-03T19:33:31.7535947Z [3296/12541] Proxy disimpan: 1332
2025-07-03T19:33:31.7887854Z [3298/12541] Proxy disimpan: 1333
2025-07-03T19:33:31.8007192Z [3290/12541] Proxy disimpan: 1334
2025-07-03T19:33:31.8160091Z [3299/12541] Proxy disimpan: 1335
2025-07-03T19:33:31.9105114Z [3304/12541] Proxy disimpan: 1336
2025-07-03T19:33:31.9208060Z [3305/12541] Proxy disimpan: 1337
2025-07-03T19:33:31.9280968Z [3306/12541] Proxy disimpan: 1338
2025-07-03T19:33:31.9385636Z [3308/12541] Proxy disimpan: 1339
2025-07-03T19:33:31.9548216Z [3309/12541] Proxy disimpan: 1340
2025-07-03T19:33:31.9740197Z [3307/12541] Proxy disimpan: 1341
2025-07-03T19:33:32.0283955Z [3314/12541] Proxy disimpan: 1342
2025-07-03T19:33:32.0431874Z [3312/12541] Proxy disimpan: 1343
2025-07-03T19:33:32.0643612Z [3051/12541] Proxy disimpan: 1344
2025-07-03T19:33:32.0670615Z [3316/12541] Proxy disimpan: 1345
2025-07-03T19:33:32.1773380Z [3320/12541] Proxy disimpan: 1346
2025-07-03T19:33:32.2647488Z [3323/12541] Proxy disimpan: 1347
2025-07-03T19:33:32.2906204Z [3324/12541] Proxy disimpan: 1348
2025-07-03T19:33:32.3449706Z [3328/12541] Proxy disimpan: 1349
2025-07-03T19:33:32.3588319Z [3330/12541] Proxy disimpan: 1350
2025-07-03T19:33:32.3663786Z [3329/12541] Proxy disimpan: 1351
2025-07-03T19:33:32.4702529Z [3335/12541] Proxy disimpan: 1352
2025-07-03T19:33:32.4719102Z [3334/12541] Proxy disimpan: 1353
2025-07-03T19:33:32.5064647Z [3341/12541] Proxy disimpan: 1354
2025-07-03T19:33:32.5083263Z [3336/12541] Proxy disimpan: 1355
2025-07-03T19:33:32.5606205Z [3339/12541] Proxy disimpan: 1356
2025-07-03T19:33:32.6255167Z [3344/12541] Proxy disimpan: 1357
2025-07-03T19:33:32.6765991Z [3343/12541] Proxy disimpan: 1358
2025-07-03T19:33:32.7129319Z [3351/12541] Proxy disimpan: 1359
2025-07-03T19:33:32.7185232Z [3349/12541] Proxy disimpan: 1360
2025-07-03T19:33:32.7388836Z [3350/12541] Proxy disimpan: 1361
2025-07-03T19:33:32.8379894Z [3356/12541] Proxy disimpan: 1362
2025-07-03T19:33:32.8660465Z [3358/12541] Proxy disimpan: 1363
2025-07-03T19:33:32.8724580Z [3359/12541] Proxy disimpan: 1364
2025-07-03T19:33:32.8976876Z [3361/12541] Proxy disimpan: 1365
2025-07-03T19:33:32.9052536Z [3360/12541] Proxy disimpan: 1366
2025-07-03T19:33:32.9882399Z [3362/12541] Proxy disimpan: 1367
2025-07-03T19:33:33.0473385Z [3363/12541] Proxy disimpan: 1368
2025-07-03T19:33:33.0840906Z [3370/12541] Proxy disimpan: 1369
2025-07-03T19:33:33.1814380Z [3374/12541] Proxy disimpan: 1370
2025-07-03T19:33:33.2501836Z [3379/12541] Proxy disimpan: 1371
2025-07-03T19:33:33.2553991Z [3377/12541] Proxy disimpan: 1372
2025-07-03T19:33:33.2642551Z [3375/12541] Proxy disimpan: 1373
2025-07-03T19:33:33.3023727Z [3381/12541] Proxy disimpan: 1374
2025-07-03T19:33:33.4126080Z [3386/12541] Proxy disimpan: 1375
2025-07-03T19:33:33.4450010Z [3388/12541] Proxy disimpan: 1376
2025-07-03T19:33:33.4983444Z [3390/12541] Proxy disimpan: 1377
2025-07-03T19:33:33.5482411Z [3396/12541] Proxy disimpan: 1378
2025-07-03T19:33:33.5644531Z [3398/12541] Proxy disimpan: 1379
2025-07-03T19:33:33.5720237Z [3393/12541] Proxy disimpan: 1380
2025-07-03T19:33:33.5821340Z [3394/12541] Proxy disimpan: 1381
2025-07-03T19:33:33.5963863Z [3397/12541] Proxy disimpan: 1382
2025-07-03T19:33:33.6156856Z [3402/12541] Proxy disimpan: 1383
2025-07-03T19:33:33.6719413Z [3405/12541] Proxy disimpan: 1384
2025-07-03T19:33:33.7104868Z [3407/12541] Proxy disimpan: 1385
2025-07-03T19:33:33.7141719Z [3406/12541] Proxy disimpan: 1386
2025-07-03T19:33:33.7534843Z [3409/12541] Proxy disimpan: 1387
2025-07-03T19:33:33.7739443Z [3411/12541] Proxy disimpan: 1388
2025-07-03T19:33:33.7860270Z [3412/12541] Proxy disimpan: 1389
2025-07-03T19:33:33.7861241Z [3414/12541] Proxy disimpan: 1390
2025-07-03T19:33:33.8447915Z [3416/12541] Proxy disimpan: 1391
2025-07-03T19:33:33.8509982Z [3418/12541] Proxy disimpan: 1392
2025-07-03T19:33:33.9087192Z [3421/12541] Proxy disimpan: 1393
2025-07-03T19:33:33.9575257Z [3423/12541] Proxy disimpan: 1394
2025-07-03T19:33:33.9695116Z [3425/12541] Proxy disimpan: 1395
2025-07-03T19:33:33.9696104Z [3424/12541] Proxy disimpan: 1396
2025-07-03T19:33:33.9730534Z [3426/12541] Proxy disimpan: 1397
2025-07-03T19:33:34.0346794Z [3429/12541] Proxy disimpan: 1398
2025-07-03T19:33:34.1086062Z [3404/12541] Proxy disimpan: 1399
2025-07-03T19:33:34.1110250Z [3431/12541] Proxy disimpan: 1400
2025-07-03T19:33:34.1142848Z [3437/12541] Proxy disimpan: 1401
2025-07-03T19:33:34.1764785Z [3440/12541] Proxy disimpan: 1402
2025-07-03T19:33:34.2090502Z [3442/12541] Proxy disimpan: 1403
2025-07-03T19:33:34.2383862Z [3444/12541] Proxy disimpan: 1404
2025-07-03T19:33:34.2889023Z [3445/12541] Proxy disimpan: 1405
2025-07-03T19:33:34.3148296Z [3446/12541] Proxy disimpan: 1406
2025-07-03T19:33:34.3299860Z [3447/12541] Proxy disimpan: 1407
2025-07-03T19:33:34.4022664Z [3449/12541] Proxy disimpan: 1408
2025-07-03T19:33:34.4040074Z [3450/12541] Proxy disimpan: 1409
2025-07-03T19:33:34.4056300Z [3451/12541] Proxy disimpan: 1410
2025-07-03T19:33:34.4779106Z [3453/12541] Proxy disimpan: 1411
2025-07-03T19:33:34.5026817Z [3457/12541] Proxy disimpan: 1412
2025-07-03T19:33:34.6171156Z [3462/12541] Proxy disimpan: 1413
2025-07-03T19:33:34.6839736Z [3465/12541] Proxy disimpan: 1414
2025-07-03T19:33:34.7031074Z [3463/12541] Proxy disimpan: 1415
2025-07-03T19:33:34.7809080Z [3467/12541] Proxy disimpan: 1416
2025-07-03T19:33:34.8172578Z [3475/12541] Proxy disimpan: 1417
2025-07-03T19:33:34.8262635Z [3474/12541] Proxy disimpan: 1418
2025-07-03T19:33:34.8643117Z [3476/12541] Proxy disimpan: 1419
2025-07-03T19:33:34.8987197Z [3478/12541] Proxy disimpan: 1420
2025-07-03T19:33:34.9218867Z [3479/12541] Proxy disimpan: 1421
2025-07-03T19:33:34.9404766Z [3481/12541] Proxy disimpan: 1422
2025-07-03T19:33:34.9645629Z [3480/12541] Proxy disimpan: 1423
2025-07-03T19:33:35.1292503Z [3487/12541] Proxy disimpan: 1424
2025-07-03T19:33:35.2737176Z [3494/12541] Proxy disimpan: 1425
2025-07-03T19:33:35.2791313Z [3497/12541] Proxy disimpan: 1426
2025-07-03T19:33:35.2880729Z [3495/12541] Proxy disimpan: 1427
2025-07-03T19:33:35.2964593Z [3499/12541] Proxy disimpan: 1428
2025-07-03T19:33:35.3011150Z [3501/12541] Proxy disimpan: 1429
2025-07-03T19:33:35.3576880Z [3508/12541] Proxy disimpan: 1430
2025-07-03T19:33:35.3631895Z [3502/12541] Proxy disimpan: 1431
2025-07-03T19:33:35.3730812Z [3511/12541] Proxy disimpan: 1432
2025-07-03T19:33:35.3991601Z [3517/12541] Proxy disimpan: 1433
2025-07-03T19:33:35.4027324Z [3518/12541] Proxy disimpan: 1434
2025-07-03T19:33:35.4187946Z [3520/12541] Proxy disimpan: 1435
2025-07-03T19:33:35.4300015Z [3519/12541] Proxy disimpan: 1436
2025-07-03T19:33:35.4583375Z [3524/12541] Proxy disimpan: 1437
2025-07-03T19:33:35.4756887Z [3525/12541] Proxy disimpan: 1438
2025-07-03T19:33:35.4801189Z [3530/12541] Proxy disimpan: 1439
2025-07-03T19:33:35.4818345Z [3523/12541] Proxy disimpan: 1440
2025-07-03T19:33:35.4905774Z [3531/12541] Proxy disimpan: 1441
2025-07-03T19:33:35.4979933Z [3526/12541] Proxy disimpan: 1442
2025-07-03T19:33:35.5016893Z [3527/12541] Proxy disimpan: 1443
2025-07-03T19:33:35.5126518Z [3528/12541] Proxy disimpan: 1444
2025-07-03T19:33:35.5154806Z [3529/12541] Proxy disimpan: 1445
2025-07-03T19:33:35.5512669Z [3534/12541] Proxy disimpan: 1446
2025-07-03T19:33:35.5576497Z [3535/12541] Proxy disimpan: 1447
2025-07-03T19:33:35.5608822Z [3537/12541] Proxy disimpan: 1448
2025-07-03T19:33:35.5936570Z [3540/12541] Proxy disimpan: 1449
2025-07-03T19:33:35.5994226Z [3539/12541] Proxy disimpan: 1450
2025-07-03T19:33:35.6222953Z [3538/12541] Proxy disimpan: 1451
2025-07-03T19:33:35.6397264Z [3541/12541] Proxy disimpan: 1452
2025-07-03T19:33:35.6961899Z [3545/12541] Proxy disimpan: 1453
2025-07-03T19:33:35.7014344Z [3544/12541] Proxy disimpan: 1454
2025-07-03T19:33:35.7604147Z [3550/12541] Proxy disimpan: 1455
2025-07-03T19:33:35.8024688Z [3555/12541] Proxy disimpan: 1456
2025-07-03T19:33:35.8282881Z [3554/12541] Proxy disimpan: 1457
2025-07-03T19:33:35.8310743Z [3551/12541] Proxy disimpan: 1458
2025-07-03T19:33:35.8580547Z [3559/12541] Proxy disimpan: 1459
2025-07-03T19:33:35.8596998Z [3552/12541] Proxy disimpan: 1460
2025-07-03T19:33:35.8757436Z [3561/12541] Proxy disimpan: 1461
2025-07-03T19:33:35.9093852Z [3566/12541] Proxy disimpan: 1462
2025-07-03T19:33:35.9147002Z [3560/12541] Proxy disimpan: 1463
2025-07-03T19:33:35.9278238Z [3569/12541] Proxy disimpan: 1464
2025-07-03T19:33:35.9332484Z [3583/12541] Proxy disimpan: 1465
2025-07-03T19:33:35.9555398Z [3571/12541] Proxy disimpan: 1466
2025-07-03T19:33:36.0056696Z [3579/12541] Proxy disimpan: 1467
2025-07-03T19:33:36.0058700Z [3570/12541] Proxy disimpan: 1468
2025-07-03T19:33:36.0060238Z [3580/12541] Proxy disimpan: 1469
2025-07-03T19:33:36.0185416Z [3592/12541] Proxy disimpan: 1470
2025-07-03T19:33:36.0234427Z [3593/12541] Proxy disimpan: 1471
2025-07-03T19:33:36.0341097Z [3595/12541] Proxy disimpan: 1472
2025-07-03T19:33:36.0377767Z [3581/12541] Proxy disimpan: 1473
2025-07-03T19:33:36.0387989Z [3590/12541] Proxy disimpan: 1474
2025-07-03T19:33:36.0896808Z [3596/12541] Proxy disimpan: 1475
2025-07-03T19:33:36.1259360Z [3601/12541] Proxy disimpan: 1476
2025-07-03T19:33:36.1350806Z [3342/12541] Proxy disimpan: 1477
2025-07-03T19:33:36.1757357Z [3600/12541] Proxy disimpan: 1478
2025-07-03T19:33:36.1877026Z [3602/12541] Proxy disimpan: 1479
2025-07-03T19:33:36.2729150Z [3610/12541] Proxy disimpan: 1480
2025-07-03T19:33:36.3087073Z [3605/12541] Proxy disimpan: 1481
2025-07-03T19:33:36.3103953Z [3606/12541] Proxy disimpan: 1482
2025-07-03T19:33:36.3201492Z [3615/12541] Proxy disimpan: 1483
2025-07-03T19:33:36.3739680Z [3619/12541] Proxy disimpan: 1484
2025-07-03T19:33:36.3757537Z [3620/12541] Proxy disimpan: 1485
2025-07-03T19:33:36.4269255Z [3621/12541] Proxy disimpan: 1486
2025-07-03T19:33:36.4882079Z [3625/12541] Proxy disimpan: 1487
2025-07-03T19:33:36.5065957Z [3624/12541] Proxy disimpan: 1488
2025-07-03T19:33:36.5507023Z [3629/12541] Proxy disimpan: 1489
2025-07-03T19:33:36.5979544Z [3631/12541] Proxy disimpan: 1490
2025-07-03T19:33:36.6618896Z [3634/12541] Proxy disimpan: 1491
2025-07-03T19:33:36.6751748Z [3632/12541] Proxy disimpan: 1492
2025-07-03T19:33:36.7154442Z [3636/12541] Proxy disimpan: 1493
2025-07-03T19:33:36.7236363Z [3637/12541] Proxy disimpan: 1494
2025-07-03T19:33:36.7552611Z [3641/12541] Proxy disimpan: 1495
2025-07-03T19:33:36.8068350Z [3644/12541] Proxy disimpan: 1496
2025-07-03T19:33:36.8298751Z [3645/12541] Proxy disimpan: 1497
2025-07-03T19:33:36.8447719Z [3647/12541] Proxy disimpan: 1498
2025-07-03T19:33:36.8921511Z [3650/12541] Proxy disimpan: 1499
2025-07-03T19:33:37.2351295Z [3669/12541] Proxy disimpan: 1500
2025-07-03T19:33:37.2374315Z [3670/12541] Proxy disimpan: 1501
2025-07-03T19:33:37.2976881Z [3672/12541] Proxy disimpan: 1502
2025-07-03T19:33:37.3582824Z [3673/12541] Proxy disimpan: 1503
2025-07-03T19:33:37.3665998Z [3675/12541] Proxy disimpan: 1504
2025-07-03T19:33:37.4263831Z [3680/12541] Proxy disimpan: 1505
2025-07-03T19:33:37.4314379Z [3679/12541] Proxy disimpan: 1506
2025-07-03T19:33:37.4780202Z [3678/12541] Proxy disimpan: 1507
2025-07-03T19:33:37.7229395Z [3686/12541] Proxy disimpan: 1508
2025-07-03T19:33:37.7313050Z [3685/12541] Proxy disimpan: 1509
2025-07-03T19:33:37.7803808Z [3688/12541] Proxy disimpan: 1510
2025-07-03T19:33:37.7855590Z [3692/12541] Proxy disimpan: 1511
2025-07-03T19:33:37.8474626Z [3693/12541] Proxy disimpan: 1512
2025-07-03T19:33:37.8761619Z [3695/12541] Proxy disimpan: 1513
2025-07-03T19:33:37.8901610Z [3694/12541] Proxy disimpan: 1514
2025-07-03T19:33:37.9579817Z [3698/12541] Proxy disimpan: 1515
2025-07-03T19:33:37.9924048Z [3701/12541] Proxy disimpan: 1516
2025-07-03T19:33:38.1232348Z [3702/12541] Proxy disimpan: 1517
2025-07-03T19:33:38.2095779Z [3704/12541] Proxy disimpan: 1518
2025-07-03T19:33:38.2156431Z [3703/12541] Proxy disimpan: 1519
2025-07-03T19:33:38.2192281Z [3707/12541] Proxy disimpan: 1520
2025-07-03T19:33:38.2684245Z [3706/12541] Proxy disimpan: 1521
2025-07-03T19:33:38.3214207Z [3708/12541] Proxy disimpan: 1522
2025-07-03T19:33:38.3672678Z [3710/12541] Proxy disimpan: 1523
2025-07-03T19:33:38.6554975Z [3716/12541] Proxy disimpan: 1524
2025-07-03T19:33:38.6808798Z [3714/12541] Proxy disimpan: 1525
2025-07-03T19:33:38.7355055Z [3718/12541] Proxy disimpan: 1526
2025-07-03T19:33:38.7424769Z [3720/12541] Proxy disimpan: 1527
2025-07-03T19:33:38.8039287Z [3721/12541] Proxy disimpan: 1528
2025-07-03T19:33:38.8441419Z [3725/12541] Proxy disimpan: 1529
2025-07-03T19:33:38.8639369Z [3723/12541] Proxy disimpan: 1530
2025-07-03T19:33:39.0107122Z [3729/12541] Proxy disimpan: 1531
2025-07-03T19:33:39.0222213Z [3730/12541] Proxy disimpan: 1532
2025-07-03T19:33:39.0308654Z [3727/12541] Proxy disimpan: 1533
2025-07-03T19:33:39.0582528Z [3732/12541] Proxy disimpan: 1534
2025-07-03T19:33:39.1324348Z [3734/12541] Proxy disimpan: 1535
2025-07-03T19:33:39.1342370Z [3735/12541] Proxy disimpan: 1536
2025-07-03T19:33:39.1585526Z [3736/12541] Proxy disimpan: 1537
2025-07-03T19:33:39.2186865Z [3740/12541] Proxy disimpan: 1538
2025-07-03T19:33:39.2244024Z [3739/12541] Proxy disimpan: 1539
2025-07-03T19:33:39.3147841Z [3743/12541] Proxy disimpan: 1540
2025-07-03T19:33:39.3418428Z [3741/12541] Proxy disimpan: 1541
2025-07-03T19:33:39.3535730Z [3745/12541] Proxy disimpan: 1542
2025-07-03T19:33:39.3854412Z [3746/12541] Proxy disimpan: 1543
2025-07-03T19:33:39.4327050Z [3747/12541] Proxy disimpan: 1544
2025-07-03T19:33:39.4928939Z [3750/12541] Proxy disimpan: 1545
2025-07-03T19:33:39.4947586Z [3748/12541] Proxy disimpan: 1546
2025-07-03T19:33:39.5201414Z [3749/12541] Proxy disimpan: 1547
2025-07-03T19:33:39.5410011Z [3751/12541] Proxy disimpan: 1548
2025-07-03T19:33:39.6138159Z [3754/12541] Proxy disimpan: 1549
2025-07-03T19:33:39.6839383Z [3755/12541] Proxy disimpan: 1550
2025-07-03T19:33:39.6921471Z [3756/12541] Proxy disimpan: 1551
2025-07-03T19:33:39.6967147Z [3758/12541] Proxy disimpan: 1552
2025-07-03T19:33:39.7054610Z [3760/12541] Proxy disimpan: 1553
2025-07-03T19:33:39.7681094Z [3762/12541] Proxy disimpan: 1554
2025-07-03T19:33:39.8014818Z [3764/12541] Proxy disimpan: 1555
2025-07-03T19:33:39.8281017Z [3767/12541] Proxy disimpan: 1556
2025-07-03T19:33:39.8601818Z [3768/12541] Proxy disimpan: 1557
2025-07-03T19:33:39.9941623Z [3775/12541] Proxy disimpan: 1558
2025-07-03T19:33:40.0522136Z [3779/12541] Proxy disimpan: 1559
2025-07-03T19:33:40.0644683Z [3778/12541] Proxy disimpan: 1560
2025-07-03T19:33:40.1713364Z [3781/12541] Proxy disimpan: 1561
2025-07-03T19:33:40.1755122Z [3783/12541] Proxy disimpan: 1562
2025-07-03T19:33:40.2160797Z [3787/12541] Proxy disimpan: 1563
2025-07-03T19:33:40.2274270Z [3786/12541] Proxy disimpan: 1564
2025-07-03T19:33:40.2320796Z [3788/12541] Proxy disimpan: 1565
2025-07-03T19:33:40.2955718Z [3793/12541] Proxy disimpan: 1566
2025-07-03T19:33:40.3389100Z [3794/12541] Proxy disimpan: 1567
2025-07-03T19:33:40.3737901Z [3795/12541] Proxy disimpan: 1568
2025-07-03T19:33:40.4251992Z [3797/12541] Proxy disimpan: 1569
2025-07-03T19:33:40.4614468Z [3798/12541] Proxy disimpan: 1570
2025-07-03T19:33:40.5109754Z [3800/12541] Proxy disimpan: 1571
2025-07-03T19:33:40.6463368Z [3803/12541] Proxy disimpan: 1572
2025-07-03T19:33:40.6533512Z [3804/12541] Proxy disimpan: 1573
2025-07-03T19:33:40.7031183Z [3806/12541] Proxy disimpan: 1574
2025-07-03T19:33:40.7660879Z [3808/12541] Proxy disimpan: 1575
2025-07-03T19:33:40.8202712Z [3809/12541] Proxy disimpan: 1576
2025-07-03T19:33:40.8512855Z [3811/12541] Proxy disimpan: 1577
2025-07-03T19:33:40.9216180Z [3813/12541] Proxy disimpan: 1578
2025-07-03T19:33:40.9367503Z [3816/12541] Proxy disimpan: 1579
2025-07-03T19:33:40.9606147Z [3818/12541] Proxy disimpan: 1580
2025-07-03T19:33:40.9988999Z [3821/12541] Proxy disimpan: 1581
2025-07-03T19:33:41.0348080Z [3824/12541] Proxy disimpan: 1582
2025-07-03T19:33:41.0911913Z [3828/12541] Proxy disimpan: 1583
2025-07-03T19:33:41.1522779Z [3833/12541] Proxy disimpan: 1584
2025-07-03T19:33:41.1549850Z [3832/12541] Proxy disimpan: 1585
2025-07-03T19:33:41.1578100Z [3829/12541] Proxy disimpan: 1586
2025-07-03T19:33:41.2750983Z [3838/12541] Proxy disimpan: 1587
2025-07-03T19:33:41.3103702Z [3842/12541] Proxy disimpan: 1588
2025-07-03T19:33:41.3141752Z [3844/12541] Proxy disimpan: 1589
2025-07-03T19:33:41.3142824Z [3841/12541] Proxy disimpan: 1590
2025-07-03T19:33:41.3839067Z [3848/12541] Proxy disimpan: 1591
2025-07-03T19:33:41.4191070Z [3853/12541] Proxy disimpan: 1592
2025-07-03T19:33:41.5699419Z [3863/12541] Proxy disimpan: 1593
2025-07-03T19:33:41.6340952Z [3868/12541] Proxy disimpan: 1594
2025-07-03T19:33:41.6373191Z [3866/12541] Proxy disimpan: 1595
2025-07-03T19:33:41.6462386Z [3869/12541] Proxy disimpan: 1596
2025-07-03T19:33:41.6489498Z [3867/12541] Proxy disimpan: 1597
2025-07-03T19:33:41.7739291Z [3875/12541] Proxy disimpan: 1598
2025-07-03T19:33:41.7870678Z [3874/12541] Proxy disimpan: 1599
2025-07-03T19:33:41.7921390Z [3879/12541] Proxy disimpan: 1600
2025-07-03T19:33:41.8521696Z [3881/12541] Proxy disimpan: 1601
2025-07-03T19:33:41.8777775Z [3884/12541] Proxy disimpan: 1602
2025-07-03T19:33:41.8910881Z [3887/12541] Proxy disimpan: 1603
2025-07-03T19:33:41.8988250Z [3885/12541] Proxy disimpan: 1604
2025-07-03T19:33:41.9837770Z [3889/12541] Proxy disimpan: 1605
2025-07-03T19:33:41.9880213Z [3892/12541] Proxy disimpan: 1606
2025-07-03T19:33:42.0203408Z [3895/12541] Proxy disimpan: 1607
2025-07-03T19:33:42.1147465Z [3901/12541] Proxy disimpan: 1608
2025-07-03T19:33:42.1148979Z [3899/12541] Proxy disimpan: 1609
2025-07-03T19:33:42.1595213Z [3906/12541] Proxy disimpan: 1610
2025-07-03T19:33:42.1816203Z [3905/12541] Proxy disimpan: 1611
2025-07-03T19:33:42.2226390Z [3907/12541] Proxy disimpan: 1612
2025-07-03T19:33:42.2445277Z [3909/12541] Proxy disimpan: 1613
2025-07-03T19:33:42.3131053Z [3918/12541] Proxy disimpan: 1614
2025-07-03T19:33:42.3176125Z [3915/12541] Proxy disimpan: 1615
2025-07-03T19:33:42.3194650Z [3913/12541] Proxy disimpan: 1616
2025-07-03T19:33:42.3332963Z [3917/12541] Proxy disimpan: 1617
2025-07-03T19:33:42.3640411Z [3916/12541] Proxy disimpan: 1618
2025-07-03T19:33:42.3863443Z [3919/12541] Proxy disimpan: 1619
2025-07-03T19:33:42.4509341Z [3920/12541] Proxy disimpan: 1620
2025-07-03T19:33:42.5307485Z [3923/12541] Proxy disimpan: 1621
2025-07-03T19:33:42.5661200Z [3925/12541] Proxy disimpan: 1622
2025-07-03T19:33:42.5839228Z [3927/12541] Proxy disimpan: 1623
2025-07-03T19:33:42.5953670Z [3926/12541] Proxy disimpan: 1624
2025-07-03T19:33:42.6593860Z [3929/12541] Proxy disimpan: 1625
2025-07-03T19:33:42.6766451Z [3930/12541] Proxy disimpan: 1626
2025-07-03T19:33:42.7022336Z [3931/12541] Proxy disimpan: 1627
2025-07-03T19:33:42.7377830Z [3937/12541] Proxy disimpan: 1628
2025-07-03T19:33:42.8636487Z [3940/12541] Proxy disimpan: 1629
2025-07-03T19:33:42.8654473Z [3941/12541] Proxy disimpan: 1630
2025-07-03T19:33:42.8682965Z [3939/12541] Proxy disimpan: 1631
2025-07-03T19:33:42.9381301Z [3946/12541] Proxy disimpan: 1632
2025-07-03T19:33:43.0149868Z [3947/12541] Proxy disimpan: 1633
2025-07-03T19:33:43.0167038Z [3948/12541] Proxy disimpan: 1634
2025-07-03T19:33:43.0412861Z [3949/12541] Proxy disimpan: 1635
2025-07-03T19:33:43.0740918Z [3951/12541] Proxy disimpan: 1636
2025-07-03T19:33:43.2121243Z [3957/12541] Proxy disimpan: 1637
2025-07-03T19:33:43.2139044Z [3956/12541] Proxy disimpan: 1638
2025-07-03T19:33:43.2505950Z [3959/12541] Proxy disimpan: 1639
2025-07-03T19:33:43.2799640Z [3960/12541] Proxy disimpan: 1640
2025-07-03T19:33:43.3283185Z [3961/12541] Proxy disimpan: 1641
2025-07-03T19:33:43.5042334Z [3973/12541] Proxy disimpan: 1642
2025-07-03T19:33:43.5198701Z [3972/12541] Proxy disimpan: 1643
2025-07-03T19:33:43.5215606Z [3974/12541] Proxy disimpan: 1644
2025-07-03T19:33:43.6335752Z [3976/12541] Proxy disimpan: 1645
2025-07-03T19:33:43.6896706Z [3982/12541] Proxy disimpan: 1646
2025-07-03T19:33:43.7101797Z [3981/12541] Proxy disimpan: 1647
2025-07-03T19:33:43.7851325Z [3985/12541] Proxy disimpan: 1648
2025-07-03T19:33:43.9501970Z [3989/12541] Proxy disimpan: 1649
2025-07-03T19:33:43.9863118Z [3992/12541] Proxy disimpan: 1650
2025-07-03T19:33:44.0351301Z [3994/12541] Proxy disimpan: 1651
2025-07-03T19:33:44.0725663Z [3991/12541] Proxy disimpan: 1652
2025-07-03T19:33:44.1145179Z [3996/12541] Proxy disimpan: 1653
2025-07-03T19:33:44.1646324Z [3997/12541] Proxy disimpan: 1654
2025-07-03T19:33:44.1721323Z [3998/12541] Proxy disimpan: 1655
2025-07-03T19:33:44.2730265Z [4002/12541] Proxy disimpan: 1656
2025-07-03T19:33:44.4213642Z [4004/12541] Proxy disimpan: 1657
2025-07-03T19:33:44.4607177Z [4005/12541] Proxy disimpan: 1658
2025-07-03T19:33:44.5144209Z [4008/12541] Proxy disimpan: 1659
2025-07-03T19:33:44.5257526Z [4007/12541] Proxy disimpan: 1660
2025-07-03T19:33:44.5344581Z [4009/12541] Proxy disimpan: 1661
2025-07-03T19:33:44.5498212Z [4012/12541] Proxy disimpan: 1662
2025-07-03T19:33:44.5858729Z [4015/12541] Proxy disimpan: 1663
2025-07-03T19:33:44.5887014Z [4011/12541] Proxy disimpan: 1664
2025-07-03T19:33:44.6062639Z [4013/12541] Proxy disimpan: 1665
2025-07-03T19:33:44.7546607Z [4017/12541] Proxy disimpan: 1666
2025-07-03T19:33:44.8251528Z [4020/12541] Proxy disimpan: 1667
2025-07-03T19:33:44.9266275Z [4023/12541] Proxy disimpan: 1668
2025-07-03T19:33:44.9646783Z [4034/12541] Proxy disimpan: 1669
2025-07-03T19:33:44.9714446Z [4025/12541] Proxy disimpan: 1670
2025-07-03T19:33:44.9716034Z [4026/12541] Proxy disimpan: 1671
2025-07-03T19:33:44.9750076Z [4027/12541] Proxy disimpan: 1672
2025-07-03T19:33:45.0200314Z [4031/12541] Proxy disimpan: 1673
2025-07-03T19:33:45.0277203Z [4028/12541] Proxy disimpan: 1674
2025-07-03T19:33:45.0278842Z [4033/12541] Proxy disimpan: 1675
2025-07-03T19:33:45.0642542Z [4035/12541] Proxy disimpan: 1676
2025-07-03T19:33:45.0796567Z [4037/12541] Proxy disimpan: 1677
2025-07-03T19:33:45.1178974Z [4038/12541] Proxy disimpan: 1678
2025-07-03T19:33:45.1576851Z [4040/12541] Proxy disimpan: 1679
2025-07-03T19:33:45.2472059Z [4046/12541] Proxy disimpan: 1680
2025-07-03T19:33:45.2800277Z [4047/12541] Proxy disimpan: 1681
2025-07-03T19:33:45.3262093Z [4049/12541] Proxy disimpan: 1682
2025-07-03T19:33:45.3351340Z [4050/12541] Proxy disimpan: 1683
2025-07-03T19:33:45.3369751Z [4052/12541] Proxy disimpan: 1684
2025-07-03T19:33:45.4167218Z [4053/12541] Proxy disimpan: 1685
2025-07-03T19:33:45.4439933Z [4058/12541] Proxy disimpan: 1686
2025-07-03T19:33:45.4458822Z [4056/12541] Proxy disimpan: 1687
2025-07-03T19:33:45.4622132Z [4057/12541] Proxy disimpan: 1688
2025-07-03T19:33:45.4638059Z [4054/12541] Proxy disimpan: 1689
2025-07-03T19:33:45.4654681Z [4059/12541] Proxy disimpan: 1690
2025-07-03T19:33:45.4855955Z [4060/12541] Proxy disimpan: 1691
2025-07-03T19:33:45.4879356Z [4061/12541] Proxy disimpan: 1692
2025-07-03T19:33:45.4989363Z [4063/12541] Proxy disimpan: 1693
2025-07-03T19:33:45.5291088Z [4067/12541] Proxy disimpan: 1694
2025-07-03T19:33:45.5615432Z [4068/12541] Proxy disimpan: 1695
2025-07-03T19:33:45.5715614Z [4065/12541] Proxy disimpan: 1696
2025-07-03T19:33:45.6508112Z [4069/12541] Proxy disimpan: 1697
2025-07-03T19:33:45.6526028Z [4070/12541] Proxy disimpan: 1698
2025-07-03T19:33:45.6697804Z [4075/12541] Proxy disimpan: 1699
2025-07-03T19:33:45.6700669Z [4072/12541] Proxy disimpan: 1700
2025-07-03T19:33:45.6733462Z [4071/12541] Proxy disimpan: 1701
2025-07-03T19:33:45.7323300Z [4074/12541] Proxy disimpan: 1702
2025-07-03T19:33:45.8615922Z [4081/12541] Proxy disimpan: 1703
2025-07-03T19:33:45.9098811Z [4084/12541] Proxy disimpan: 1704
2025-07-03T19:33:45.9189170Z [4085/12541] Proxy disimpan: 1705
2025-07-03T19:33:45.9637360Z [4090/12541] Proxy disimpan: 1706
2025-07-03T19:33:46.1508674Z [4104/12541] Proxy disimpan: 1707
2025-07-03T19:33:46.1552645Z [4105/12541] Proxy disimpan: 1708
2025-07-03T19:33:46.2550114Z [4111/12541] Proxy disimpan: 1709
2025-07-03T19:33:46.3284159Z [4116/12541] Proxy disimpan: 1710
2025-07-03T19:33:46.3312289Z [4119/12541] Proxy disimpan: 1711
2025-07-03T19:33:46.3647014Z [4122/12541] Proxy disimpan: 1712
2025-07-03T19:33:46.4044201Z [4118/12541] Proxy disimpan: 1713
2025-07-03T19:33:46.4267596Z [4120/12541] Proxy disimpan: 1714
2025-07-03T19:33:46.4404739Z [4124/12541] Proxy disimpan: 1715
2025-07-03T19:33:46.4597485Z [4127/12541] Proxy disimpan: 1716
2025-07-03T19:33:46.4774532Z [4129/12541] Proxy disimpan: 1717
2025-07-03T19:33:46.4933179Z [4132/12541] Proxy disimpan: 1718
2025-07-03T19:33:46.5625833Z [4133/12541] Proxy disimpan: 1719
2025-07-03T19:33:46.5775455Z [4135/12541] Proxy disimpan: 1720
2025-07-03T19:33:46.6075391Z [4138/12541] Proxy disimpan: 1721
2025-07-03T19:33:46.6107280Z [4140/12541] Proxy disimpan: 1722
2025-07-03T19:33:46.6162382Z [4137/12541] Proxy disimpan: 1723
2025-07-03T19:33:46.6521378Z [4139/12541] Proxy disimpan: 1724
2025-07-03T19:33:46.6710788Z [4141/12541] Proxy disimpan: 1725
2025-07-03T19:33:46.7206451Z [4143/12541] Proxy disimpan: 1726
2025-07-03T19:33:46.7245500Z [4142/12541] Proxy disimpan: 1727
2025-07-03T19:33:46.7969640Z [4146/12541] Proxy disimpan: 1728
2025-07-03T19:33:46.8162265Z [4144/12541] Proxy disimpan: 1729
2025-07-03T19:33:46.8436216Z [4148/12541] Proxy disimpan: 1730
2025-07-03T19:33:46.8684272Z [4150/12541] Proxy disimpan: 1731
2025-07-03T19:33:46.9492444Z [4153/12541] Proxy disimpan: 1732
2025-07-03T19:33:46.9653740Z [4157/12541] Proxy disimpan: 1733
2025-07-03T19:33:46.9681167Z [4159/12541] Proxy disimpan: 1734
2025-07-03T19:33:46.9705595Z [4156/12541] Proxy disimpan: 1735
2025-07-03T19:33:47.0001220Z [4158/12541] Proxy disimpan: 1736
2025-07-03T19:33:47.0484842Z [4168/12541] Proxy disimpan: 1737
2025-07-03T19:33:47.0885376Z [4164/12541] Proxy disimpan: 1738
2025-07-03T19:33:47.0978696Z [4166/12541] Proxy disimpan: 1739
2025-07-03T19:33:47.1014407Z [4162/12541] Proxy disimpan: 1740
2025-07-03T19:33:47.1103206Z [4171/12541] Proxy disimpan: 1741
2025-07-03T19:33:47.1289364Z [4170/12541] Proxy disimpan: 1742
2025-07-03T19:33:47.1361889Z [4167/12541] Proxy disimpan: 1743
2025-07-03T19:33:47.1960931Z [4173/12541] Proxy disimpan: 1744
2025-07-03T19:33:47.2363450Z [4176/12541] Proxy disimpan: 1745
2025-07-03T19:33:47.2409230Z [4174/12541] Proxy disimpan: 1746
2025-07-03T19:33:47.2440345Z [4175/12541] Proxy disimpan: 1747
2025-07-03T19:33:47.2813559Z [4177/12541] Proxy disimpan: 1748
2025-07-03T19:33:47.3141653Z [4181/12541] Proxy disimpan: 1749
2025-07-03T19:33:47.3271772Z [4180/12541] Proxy disimpan: 1750
2025-07-03T19:33:47.3323110Z [4179/12541] Proxy disimpan: 1751
2025-07-03T19:33:47.3556461Z [4182/12541] Proxy disimpan: 1752
2025-07-03T19:33:47.4286597Z [4186/12541] Proxy disimpan: 1753
2025-07-03T19:33:47.4475999Z [4185/12541] Proxy disimpan: 1754
2025-07-03T19:33:47.5594531Z [4190/12541] Proxy disimpan: 1755
2025-07-03T19:33:47.5755830Z [4192/12541] Proxy disimpan: 1756
2025-07-03T19:33:47.5784003Z [4194/12541] Proxy disimpan: 1757
2025-07-03T19:33:47.5986314Z [4195/12541] Proxy disimpan: 1758
2025-07-03T19:33:47.6174504Z [4197/12541] Proxy disimpan: 1759
2025-07-03T19:33:47.7183319Z [4201/12541] Proxy disimpan: 1760
2025-07-03T19:33:47.7205250Z [4199/12541] Proxy disimpan: 1761
2025-07-03T19:33:47.7489191Z [4206/12541] Proxy disimpan: 1762
2025-07-03T19:33:47.7579931Z [4203/12541] Proxy disimpan: 1763
2025-07-03T19:33:47.7703692Z [4207/12541] Proxy disimpan: 1764
2025-07-03T19:33:47.7954584Z [4204/12541] Proxy disimpan: 1765
2025-07-03T19:33:47.7982726Z [4208/12541] Proxy disimpan: 1766
2025-07-03T19:33:47.8111081Z [4209/12541] Proxy disimpan: 1767
2025-07-03T19:33:47.8890447Z [4210/12541] Proxy disimpan: 1768
2025-07-03T19:33:47.9329551Z [4213/12541] Proxy disimpan: 1769
2025-07-03T19:33:48.0102638Z [4216/12541] Proxy disimpan: 1770
2025-07-03T19:33:48.0297966Z [4217/12541] Proxy disimpan: 1771
2025-07-03T19:33:48.0461128Z [4218/12541] Proxy disimpan: 1772
2025-07-03T19:33:48.1411810Z [4223/12541] Proxy disimpan: 1773
2025-07-03T19:33:48.1875439Z [4226/12541] Proxy disimpan: 1774
2025-07-03T19:33:48.1956850Z [4227/12541] Proxy disimpan: 1775
2025-07-03T19:33:48.2145039Z [4225/12541] Proxy disimpan: 1776
2025-07-03T19:33:48.2954344Z [4229/12541] Proxy disimpan: 1777
2025-07-03T19:33:48.3240988Z [4231/12541] Proxy disimpan: 1778
2025-07-03T19:33:48.3333583Z [4234/12541] Proxy disimpan: 1779
2025-07-03T19:33:48.4798379Z [4241/12541] Proxy disimpan: 1780
2025-07-03T19:33:48.6640269Z [4246/12541] Proxy disimpan: 1781
2025-07-03T19:33:48.7016856Z [4248/12541] Proxy disimpan: 1782
2025-07-03T19:33:48.8088425Z [4253/12541] Proxy disimpan: 1783
2025-07-03T19:33:48.8268215Z [4255/12541] Proxy disimpan: 1784
2025-07-03T19:33:48.9825603Z [4254/12541] Proxy disimpan: 1785
2025-07-03T19:33:48.9844533Z [4259/12541] Proxy disimpan: 1786
2025-07-03T19:33:48.9910769Z [4251/12541] Proxy disimpan: 1787
2025-07-03T19:33:48.9937825Z [4261/12541] Proxy disimpan: 1788
2025-07-03T19:33:49.0867716Z [4263/12541] Proxy disimpan: 1789
2025-07-03T19:33:49.1478904Z [4264/12541] Proxy disimpan: 1790
2025-07-03T19:33:49.2058963Z [4267/12541] Proxy disimpan: 1791
2025-07-03T19:33:49.4059998Z [4272/12541] Proxy disimpan: 1792
2025-07-03T19:33:49.4418627Z [4273/12541] Proxy disimpan: 1793
2025-07-03T19:33:49.5740960Z [4279/12541] Proxy disimpan: 1794
2025-07-03T19:33:49.6107791Z [4280/12541] Proxy disimpan: 1795
2025-07-03T19:33:49.6963822Z [4282/12541] Proxy disimpan: 1796
2025-07-03T19:33:49.7526204Z [4283/12541] Proxy disimpan: 1797
2025-07-03T19:33:49.8441936Z [4284/12541] Proxy disimpan: 1798
2025-07-03T19:33:49.8805119Z [4285/12541] Proxy disimpan: 1799
2025-07-03T19:33:49.9072148Z [4286/12541] Proxy disimpan: 1800
2025-07-03T19:33:50.0498958Z [4289/12541] Proxy disimpan: 1801
2025-07-03T19:33:50.0598345Z [4291/12541] Proxy disimpan: 1802
2025-07-03T19:33:50.0649199Z [4290/12541] Proxy disimpan: 1803
2025-07-03T19:33:50.1267357Z [4293/12541] Proxy disimpan: 1804
2025-07-03T19:33:50.1485376Z [4294/12541] Proxy disimpan: 1805
2025-07-03T19:33:50.1701098Z [4297/12541] Proxy disimpan: 1806
2025-07-03T19:33:50.1861111Z [4295/12541] Proxy disimpan: 1807
2025-07-03T19:33:50.2321412Z [4298/12541] Proxy disimpan: 1808
2025-07-03T19:33:50.2995317Z [4299/12541] Proxy disimpan: 1809
2025-07-03T19:33:50.3560101Z [4301/12541] Proxy disimpan: 1810
2025-07-03T19:33:50.5320176Z [4305/12541] Proxy disimpan: 1811
2025-07-03T19:33:50.5924086Z [4307/12541] Proxy disimpan: 1812
2025-07-03T19:33:50.6327950Z [4308/12541] Proxy disimpan: 1813
2025-07-03T19:33:50.7139394Z [4312/12541] Proxy disimpan: 1814
2025-07-03T19:33:50.9439130Z [4320/12541] Proxy disimpan: 1815
2025-07-03T19:33:50.9498246Z [4321/12541] Proxy disimpan: 1816
2025-07-03T19:33:50.9681521Z [4322/12541] Proxy disimpan: 1817
2025-07-03T19:33:50.9860722Z [4328/12541] Proxy disimpan: 1818
2025-07-03T19:33:51.0111677Z [4327/12541] Proxy disimpan: 1819
2025-07-03T19:33:51.0226346Z [4329/12541] Proxy disimpan: 1820
2025-07-03T19:33:51.0762216Z [4332/12541] Proxy disimpan: 1821
2025-07-03T19:33:51.1446277Z [4336/12541] Proxy disimpan: 1822
2025-07-03T19:33:51.1521714Z [4340/12541] Proxy disimpan: 1823
2025-07-03T19:33:51.1549630Z [4339/12541] Proxy disimpan: 1824
2025-07-03T19:33:51.1944376Z [4342/12541] Proxy disimpan: 1825
2025-07-03T19:33:51.2199713Z [4343/12541] Proxy disimpan: 1826
2025-07-03T19:33:51.3029207Z [4345/12541] Proxy disimpan: 1827
2025-07-03T19:33:51.3064336Z [4346/12541] Proxy disimpan: 1828
2025-07-03T19:33:51.4931330Z [4352/12541] Proxy disimpan: 1829
2025-07-03T19:33:51.5431998Z [4358/12541] Proxy disimpan: 1830
2025-07-03T19:33:51.5981803Z [4360/12541] Proxy disimpan: 1831
2025-07-03T19:33:51.6170930Z [4361/12541] Proxy disimpan: 1832
2025-07-03T19:33:51.6202434Z [4362/12541] Proxy disimpan: 1833
2025-07-03T19:33:51.6321882Z [4364/12541] Proxy disimpan: 1834
2025-07-03T19:33:51.9296607Z [4372/12541] Proxy disimpan: 1835
2025-07-03T19:33:52.0775727Z [4380/12541] Proxy disimpan: 1836
2025-07-03T19:33:52.0785730Z [4381/12541] Proxy disimpan: 1837
2025-07-03T19:33:52.0861765Z [4385/12541] Proxy disimpan: 1838
2025-07-03T19:33:52.1463970Z [4388/12541] Proxy disimpan: 1839
2025-07-03T19:33:53.1696913Z [4419/12541] Proxy disimpan: 1840
2025-07-03T19:33:53.2783148Z [4420/12541] Proxy disimpan: 1841
2025-07-03T19:33:53.3403728Z [4422/12541] Proxy disimpan: 1842
2025-07-03T19:33:53.3515282Z [4423/12541] Proxy disimpan: 1843
2025-07-03T19:33:53.3629739Z [4421/12541] Proxy disimpan: 1844
2025-07-03T19:33:53.3958248Z [4424/12541] Proxy disimpan: 1845
2025-07-03T19:33:53.4521312Z [4426/12541] Proxy disimpan: 1846
2025-07-03T19:33:53.4960372Z [4427/12541] Proxy disimpan: 1847
2025-07-03T19:33:53.5102062Z [4428/12541] Proxy disimpan: 1848
2025-07-03T19:33:53.5314915Z [4429/12541] Proxy disimpan: 1849
2025-07-03T19:33:53.6271040Z [4430/12541] Proxy disimpan: 1850
2025-07-03T19:33:53.6399465Z [4431/12541] Proxy disimpan: 1851
2025-07-03T19:33:53.6500670Z [4432/12541] Proxy disimpan: 1852
2025-07-03T19:33:53.7691250Z [4434/12541] Proxy disimpan: 1853
2025-07-03T19:33:53.7714183Z [4433/12541] Proxy disimpan: 1854
2025-07-03T19:33:53.8146234Z [4435/12541] Proxy disimpan: 1855
2025-07-03T19:33:53.8293047Z [4437/12541] Proxy disimpan: 1856
2025-07-03T19:33:53.8410504Z [4436/12541] Proxy disimpan: 1857
2025-07-03T19:33:53.8515911Z [4439/12541] Proxy disimpan: 1858
2025-07-03T19:33:53.8633528Z [4438/12541] Proxy disimpan: 1859
2025-07-03T19:33:53.9103496Z [4440/12541] Proxy disimpan: 1860
2025-07-03T19:33:53.9568827Z [4441/12541] Proxy disimpan: 1861
2025-07-03T19:33:53.9608169Z [4442/12541] Proxy disimpan: 1862
2025-07-03T19:33:53.9872979Z [4443/12541] Proxy disimpan: 1863
2025-07-03T19:33:54.0980391Z [4445/12541] Proxy disimpan: 1864
2025-07-03T19:33:54.2841918Z [4451/12541] Proxy disimpan: 1865
2025-07-03T19:33:54.3295835Z [4457/12541] Proxy disimpan: 1866
2025-07-03T19:33:54.3296746Z [4449/12541] Proxy disimpan: 1867
2025-07-03T19:33:54.3457483Z [4460/12541] Proxy disimpan: 1868
2025-07-03T19:33:54.4210435Z [4469/12541] Proxy disimpan: 1869
2025-07-03T19:33:54.4506780Z [4466/12541] Proxy disimpan: 1870
2025-07-03T19:33:54.4888400Z [4468/12541] Proxy disimpan: 1871
2025-07-03T19:33:54.5191116Z [4473/12541] Proxy disimpan: 1872
2025-07-03T19:33:54.5300792Z [4474/12541] Proxy disimpan: 1873
2025-07-03T19:33:54.5533729Z [4475/12541] Proxy disimpan: 1874
2025-07-03T19:33:54.5611069Z [4478/12541] Proxy disimpan: 1875
2025-07-03T19:33:54.5662392Z [4476/12541] Proxy disimpan: 1876
2025-07-03T19:33:54.5730004Z [4477/12541] Proxy disimpan: 1877
2025-07-03T19:33:54.7604584Z [4481/12541] Proxy disimpan: 1878
2025-07-03T19:33:54.8104589Z [4483/12541] Proxy disimpan: 1879
2025-07-03T19:33:54.8501022Z [4484/12541] Proxy disimpan: 1880
2025-07-03T19:33:55.0278876Z [4493/12541] Proxy disimpan: 1881
2025-07-03T19:33:55.0323575Z [4494/12541] Proxy disimpan: 1882
2025-07-03T19:33:55.0481421Z [4491/12541] Proxy disimpan: 1883
2025-07-03T19:33:55.0499912Z [4492/12541] Proxy disimpan: 1884
2025-07-03T19:33:55.3490524Z [4505/12541] Proxy disimpan: 1885
2025-07-03T19:33:55.5476889Z [4511/12541] Proxy disimpan: 1886
2025-07-03T19:33:55.5952293Z [4509/12541] Proxy disimpan: 1887
2025-07-03T19:33:55.6429217Z [4514/12541] Proxy disimpan: 1888
2025-07-03T19:33:55.6752509Z [4513/12541] Proxy disimpan: 1889
2025-07-03T19:33:55.6940386Z [4515/12541] Proxy disimpan: 1890
2025-07-03T19:33:55.7010825Z [4518/12541] Proxy disimpan: 1891
2025-07-03T19:33:55.8162509Z [4520/12541] Proxy disimpan: 1892
2025-07-03T19:33:55.8189952Z [4519/12541] Proxy disimpan: 1893
2025-07-03T19:33:55.8440497Z [4523/12541] Proxy disimpan: 1894
2025-07-03T19:33:56.0717132Z [4535/12541] Proxy disimpan: 1895
2025-07-03T19:33:56.1231184Z [4537/12541] Proxy disimpan: 1896
2025-07-03T19:33:56.1552612Z [4543/12541] Proxy disimpan: 1897
2025-07-03T19:33:56.1905072Z [4545/12541] Proxy disimpan: 1898
2025-07-03T19:33:56.2617640Z [4550/12541] Proxy disimpan: 1899
2025-07-03T19:33:56.3638959Z [4544/12541] Proxy disimpan: 1900
2025-07-03T19:33:56.4516557Z [4559/12541] Proxy disimpan: 1901
2025-07-03T19:33:56.4868929Z [4561/12541] Proxy disimpan: 1902
2025-07-03T19:33:56.5879752Z [4567/12541] Proxy disimpan: 1903
2025-07-03T19:33:56.8405335Z [4579/12541] Proxy disimpan: 1904
2025-07-03T19:33:56.9616553Z [4583/12541] Proxy disimpan: 1905
2025-07-03T19:33:56.9726437Z [4584/12541] Proxy disimpan: 1906
2025-07-03T19:33:57.0326369Z [4586/12541] Proxy disimpan: 1907
2025-07-03T19:33:57.0327017Z [4585/12541] Proxy disimpan: 1908
2025-07-03T19:33:57.0542502Z [4589/12541] Proxy disimpan: 1909
2025-07-03T19:33:57.0561197Z [4588/12541] Proxy disimpan: 1910
2025-07-03T19:33:57.0594249Z [4591/12541] Proxy disimpan: 1911
2025-07-03T19:33:57.0649719Z [4590/12541] Proxy disimpan: 1912
2025-07-03T19:33:57.1011271Z [4593/12541] Proxy disimpan: 1913
2025-07-03T19:33:57.1042205Z [4592/12541] Proxy disimpan: 1914
2025-07-03T19:33:57.1331655Z [4594/12541] Proxy disimpan: 1915
2025-07-03T19:33:57.1695724Z [4595/12541] Proxy disimpan: 1916
2025-07-03T19:33:57.2141490Z [4596/12541] Proxy disimpan: 1917
2025-07-03T19:33:57.2877838Z [4597/12541] Proxy disimpan: 1918
2025-07-03T19:33:57.3091839Z [4598/12541] Proxy disimpan: 1919
2025-07-03T19:33:57.3834969Z [4599/12541] Proxy disimpan: 1920
2025-07-03T19:33:57.4094877Z [4600/12541] Proxy disimpan: 1921
2025-07-03T19:33:57.4160988Z [4601/12541] Proxy disimpan: 1922
2025-07-03T19:33:57.4400092Z [4602/12541] Proxy disimpan: 1923
2025-07-03T19:33:57.4731934Z [4603/12541] Proxy disimpan: 1924
2025-07-03T19:33:57.4805688Z [4604/12541] Proxy disimpan: 1925
2025-07-03T19:33:57.4933921Z [4606/12541] Proxy disimpan: 1926
2025-07-03T19:33:57.5109324Z [4605/12541] Proxy disimpan: 1927
2025-07-03T19:33:57.5146881Z [4607/12541] Proxy disimpan: 1928
2025-07-03T19:33:57.5218255Z [4610/12541] Proxy disimpan: 1929
2025-07-03T19:33:57.5259718Z [4608/12541] Proxy disimpan: 1930
2025-07-03T19:33:57.5277799Z [4612/12541] Proxy disimpan: 1931
2025-07-03T19:33:57.5355803Z [4609/12541] Proxy disimpan: 1932
2025-07-03T19:33:57.5469286Z [4611/12541] Proxy disimpan: 1933
2025-07-03T19:33:57.5630457Z [4613/12541] Proxy disimpan: 1934
2025-07-03T19:33:57.5711878Z [4615/12541] Proxy disimpan: 1935
2025-07-03T19:33:57.5764876Z [4617/12541] Proxy disimpan: 1936
2025-07-03T19:33:57.5811653Z [4616/12541] Proxy disimpan: 1937
2025-07-03T19:33:57.5853410Z [4614/12541] Proxy disimpan: 1938
2025-07-03T19:33:57.5983736Z [4618/12541] Proxy disimpan: 1939
2025-07-03T19:33:57.6506907Z [4619/12541] Proxy disimpan: 1940
2025-07-03T19:33:57.6828778Z [4620/12541] Proxy disimpan: 1941
2025-07-03T19:33:57.7067318Z [4621/12541] Proxy disimpan: 1942
2025-07-03T19:33:57.7244819Z [4622/12541] Proxy disimpan: 1943
2025-07-03T19:33:57.7274077Z [4623/12541] Proxy disimpan: 1944
2025-07-03T19:33:57.7386480Z [4626/12541] Proxy disimpan: 1945
2025-07-03T19:33:57.7439746Z [4624/12541] Proxy disimpan: 1946
2025-07-03T19:33:57.7868616Z [4625/12541] Proxy disimpan: 1947
2025-07-03T19:33:57.8145218Z [4627/12541] Proxy disimpan: 1948
2025-07-03T19:33:57.8690506Z [4631/12541] Proxy disimpan: 1949
2025-07-03T19:33:57.8715735Z [4664/12541] Proxy disimpan: 1950
2025-07-03T19:33:57.9006239Z [4629/12541] Proxy disimpan: 1951
2025-07-03T19:33:57.9115325Z [4663/12541] Proxy disimpan: 1952
2025-07-03T19:33:57.9167205Z [4630/12541] Proxy disimpan: 1953
2025-07-03T19:33:57.9242555Z [4633/12541] Proxy disimpan: 1954
2025-07-03T19:33:57.9260324Z [4634/12541] Proxy disimpan: 1955
2025-07-03T19:33:57.9288937Z [4632/12541] Proxy disimpan: 1956
2025-07-03T19:33:57.9319498Z [4637/12541] Proxy disimpan: 1957
2025-07-03T19:33:57.9460944Z [4638/12541] Proxy disimpan: 1958
2025-07-03T19:33:58.0253349Z [4645/12541] Proxy disimpan: 1959
2025-07-03T19:33:58.0272771Z [4642/12541] Proxy disimpan: 1960
2025-07-03T19:33:58.0493654Z [4647/12541] Proxy disimpan: 1961
2025-07-03T19:33:58.0607624Z [4652/12541] Proxy disimpan: 1962
2025-07-03T19:33:58.0680683Z [4649/12541] Proxy disimpan: 1963
2025-07-03T19:33:58.1035641Z [4654/12541] Proxy disimpan: 1964
2025-07-03T19:33:58.1330348Z [4653/12541] Proxy disimpan: 1965
2025-07-03T19:33:58.1573564Z [4660/12541] Proxy disimpan: 1966
2025-07-03T19:33:58.1639711Z [4662/12541] Proxy disimpan: 1967
2025-07-03T19:33:58.1713765Z [4655/12541] Proxy disimpan: 1968
2025-07-03T19:33:58.2591995Z [4665/12541] Proxy disimpan: 1969
2025-07-03T19:33:58.3237792Z [4666/12541] Proxy disimpan: 1970
2025-07-03T19:33:58.3553046Z [4672/12541] Proxy disimpan: 1971
2025-07-03T19:33:58.7532174Z [4696/12541] Proxy disimpan: 1972
2025-07-03T19:33:58.8764270Z [4698/12541] Proxy disimpan: 1973
2025-07-03T19:33:59.1842408Z [4658/12541] Proxy disimpan: 1974
2025-07-03T19:33:59.2136358Z [4701/12541] Proxy disimpan: 1975
2025-07-03T19:33:59.2465153Z [4704/12541] Proxy disimpan: 1976
2025-07-03T19:33:59.2997885Z [4706/12541] Proxy disimpan: 1977
2025-07-03T19:33:59.3110522Z [4700/12541] Proxy disimpan: 1978
2025-07-03T19:33:59.3294918Z [4705/12541] Proxy disimpan: 1979
2025-07-03T19:33:59.3337727Z [4707/12541] Proxy disimpan: 1980
2025-07-03T19:33:59.3591774Z [4708/12541] Proxy disimpan: 1981
2025-07-03T19:33:59.4030579Z [4709/12541] Proxy disimpan: 1982
2025-07-03T19:33:59.4220655Z [4711/12541] Proxy disimpan: 1983
2025-07-03T19:33:59.7772055Z [4720/12541] Proxy disimpan: 1984
2025-07-03T19:33:59.7829935Z [4721/12541] Proxy disimpan: 1985
2025-07-03T19:33:59.7900706Z [4719/12541] Proxy disimpan: 1986
2025-07-03T19:33:59.8488327Z [4723/12541] Proxy disimpan: 1987
2025-07-03T19:34:00.0834569Z [4729/12541] Proxy disimpan: 1988
2025-07-03T19:34:00.1816046Z [4732/12541] Proxy disimpan: 1989
2025-07-03T19:34:00.2752886Z [4726/12541] Proxy disimpan: 1990
2025-07-03T19:34:00.3029665Z [4737/12541] Proxy disimpan: 1991
2025-07-03T19:34:00.4592138Z [4739/12541] Proxy disimpan: 1992
2025-07-03T19:34:00.4753648Z [4731/12541] Proxy disimpan: 1993
2025-07-03T19:34:00.6191686Z [4738/12541] Proxy disimpan: 1994
2025-07-03T19:34:00.7179774Z [4745/12541] Proxy disimpan: 1995
2025-07-03T19:34:00.7811126Z [4748/12541] Proxy disimpan: 1996
2025-07-03T19:34:00.7880300Z [4760/12541] Proxy disimpan: 1997
2025-07-03T19:34:00.8114296Z [4762/12541] Proxy disimpan: 1998
2025-07-03T19:34:00.8193670Z [4742/12541] Proxy disimpan: 1999
2025-07-03T19:34:00.8210192Z [4741/12541] Proxy disimpan: 2000
2025-07-03T19:34:00.8323880Z [4765/12541] Proxy disimpan: 2001
2025-07-03T19:34:00.8824310Z [4767/12541] Proxy disimpan: 2002
2025-07-03T19:34:00.8915357Z [4768/12541] Proxy disimpan: 2003
2025-07-03T19:34:00.8981259Z [4751/12541] Proxy disimpan: 2004
2025-07-03T19:34:00.9520239Z [4752/12541] Proxy disimpan: 2005
2025-07-03T19:34:01.0896558Z [4757/12541] Proxy disimpan: 2006
2025-07-03T19:34:01.0904784Z [4759/12541] Proxy disimpan: 2007
2025-07-03T19:34:01.1220853Z [4761/12541] Proxy disimpan: 2008
2025-07-03T19:34:01.1591808Z [4763/12541] Proxy disimpan: 2009
2025-07-03T19:34:01.1592296Z [4764/12541] Proxy disimpan: 2010
2025-07-03T19:34:01.1813058Z [4766/12541] Proxy disimpan: 2011
2025-07-03T19:34:01.2504927Z [4770/12541] Proxy disimpan: 2012
2025-07-03T19:34:01.2759962Z [4776/12541] Proxy disimpan: 2013
2025-07-03T19:34:01.2798881Z [4777/12541] Proxy disimpan: 2014
2025-07-03T19:34:01.3425882Z [4778/12541] Proxy disimpan: 2015
2025-07-03T19:34:01.3705264Z [4781/12541] Proxy disimpan: 2016
2025-07-03T19:34:01.3723140Z [4782/12541] Proxy disimpan: 2017
2025-07-03T19:34:01.3841832Z [4783/12541] Proxy disimpan: 2018
2025-07-03T19:34:01.3863011Z [4785/12541] Proxy disimpan: 2019
2025-07-03T19:34:01.4838074Z [4788/12541] Proxy disimpan: 2020
2025-07-03T19:34:01.4839945Z [4789/12541] Proxy disimpan: 2021
2025-07-03T19:34:01.4917590Z [4779/12541] Proxy disimpan: 2022
2025-07-03T19:34:01.5177325Z [4794/12541] Proxy disimpan: 2023
2025-07-03T19:34:01.5499587Z [4790/12541] Proxy disimpan: 2024
2025-07-03T19:34:01.5692236Z [4795/12541] Proxy disimpan: 2025
2025-07-03T19:34:01.5721595Z [4799/12541] Proxy disimpan: 2026
2025-07-03T19:34:01.5880910Z [4797/12541] Proxy disimpan: 2027
2025-07-03T19:34:01.5959244Z [4796/12541] Proxy disimpan: 2028
2025-07-03T19:34:01.6774915Z [4804/12541] Proxy disimpan: 2029
2025-07-03T19:34:01.7103760Z [4808/12541] Proxy disimpan: 2030
2025-07-03T19:34:01.7938277Z [4816/12541] Proxy disimpan: 2031
2025-07-03T19:34:01.7939330Z [4818/12541] Proxy disimpan: 2032
2025-07-03T19:34:01.8211316Z [4815/12541] Proxy disimpan: 2033
2025-07-03T19:34:01.8395978Z [4807/12541] Proxy disimpan: 2034
2025-07-03T19:34:01.8613359Z [4821/12541] Proxy disimpan: 2035
2025-07-03T19:34:01.8687278Z [4822/12541] Proxy disimpan: 2036
2025-07-03T19:34:01.9007200Z [4824/12541] Proxy disimpan: 2037
2025-07-03T19:34:01.9115545Z [4829/12541] Proxy disimpan: 2038
2025-07-03T19:34:01.9277373Z [4828/12541] Proxy disimpan: 2039
2025-07-03T19:34:01.9608393Z [4832/12541] Proxy disimpan: 2040
2025-07-03T19:34:01.9776159Z [4830/12541] Proxy disimpan: 2041
2025-07-03T19:34:02.0357081Z [4833/12541] Proxy disimpan: 2042
2025-07-03T19:34:02.0532053Z [4809/12541] Proxy disimpan: 2043
2025-07-03T19:34:02.0810943Z [4836/12541] Proxy disimpan: 2044
2025-07-03T19:34:02.1590876Z [4834/12541] Proxy disimpan: 2045
2025-07-03T19:34:02.2883087Z [4842/12541] Proxy disimpan: 2046
2025-07-03T19:34:02.3513816Z [4846/12541] Proxy disimpan: 2047
2025-07-03T19:34:03.1360170Z [4863/12541] Proxy disimpan: 2048
2025-07-03T19:34:03.1519699Z [4866/12541] Proxy disimpan: 2049
2025-07-03T19:34:03.1915856Z [4872/12541] Proxy disimpan: 2050
2025-07-03T19:34:03.2505056Z [4874/12541] Proxy disimpan: 2051
2025-07-03T19:34:03.2826393Z [4875/12541] Proxy disimpan: 2052
2025-07-03T19:34:03.3724138Z [4881/12541] Proxy disimpan: 2053
2025-07-03T19:34:03.3776414Z [4880/12541] Proxy disimpan: 2054
2025-07-03T19:34:03.3843131Z [4883/12541] Proxy disimpan: 2055
2025-07-03T19:34:03.4512388Z [4884/12541] Proxy disimpan: 2056
2025-07-03T19:34:03.5699432Z [4891/12541] Proxy disimpan: 2057
2025-07-03T19:34:03.5851713Z [4894/12541] Proxy disimpan: 2058
2025-07-03T19:34:03.6114749Z [4896/12541] Proxy disimpan: 2059
2025-07-03T19:34:03.6301469Z [4897/12541] Proxy disimpan: 2060
2025-07-03T19:34:03.6395493Z [4898/12541] Proxy disimpan: 2061
2025-07-03T19:34:03.7550591Z [4903/12541] Proxy disimpan: 2062
2025-07-03T19:34:03.8460939Z [4907/12541] Proxy disimpan: 2063
2025-07-03T19:34:04.6235207Z [4930/12541] Proxy disimpan: 2064
2025-07-03T19:34:04.7416694Z [4934/12541] Proxy disimpan: 2065
2025-07-03T19:34:04.8036923Z [4935/12541] Proxy disimpan: 2066
2025-07-03T19:34:04.8812523Z [4936/12541] Proxy disimpan: 2067
2025-07-03T19:34:05.4792318Z [4948/12541] Proxy disimpan: 2068
2025-07-03T19:34:05.6193313Z [4952/12541] Proxy disimpan: 2069
2025-07-03T19:34:05.8614967Z [4955/12541] Proxy disimpan: 2070
2025-07-03T19:34:06.2320536Z [4961/12541] Proxy disimpan: 2071
2025-07-03T19:34:06.2587947Z [4963/12541] Proxy disimpan: 2072
2025-07-03T19:34:06.2771661Z [4965/12541] Proxy disimpan: 2073
2025-07-03T19:34:06.8178013Z [4983/12541] Proxy disimpan: 2074
2025-07-03T19:34:06.9326021Z [4987/12541] Proxy disimpan: 2075
2025-07-03T19:34:07.2687760Z [4995/12541] Proxy disimpan: 2076
2025-07-03T19:34:07.5153493Z [5006/12541] Proxy disimpan: 2077
2025-07-03T19:34:07.6967559Z [5004/12541] Proxy disimpan: 2078
2025-07-03T19:34:07.7515407Z [5012/12541] Proxy disimpan: 2079
2025-07-03T19:34:07.8326115Z [5015/12541] Proxy disimpan: 2080
2025-07-03T19:34:07.9360283Z [5018/12541] Proxy disimpan: 2081
2025-07-03T19:34:07.9897074Z [5019/12541] Proxy disimpan: 2082
2025-07-03T19:34:08.1157769Z [5026/12541] Proxy disimpan: 2083
2025-07-03T19:34:08.1186522Z [5025/12541] Proxy disimpan: 2084
2025-07-03T19:34:08.1781827Z [5030/12541] Proxy disimpan: 2085
2025-07-03T19:34:08.1910039Z [5031/12541] Proxy disimpan: 2086
2025-07-03T19:34:08.3694033Z [5034/12541] Proxy disimpan: 2087
2025-07-03T19:34:08.4041484Z [5037/12541] Proxy disimpan: 2088
2025-07-03T19:34:08.4092370Z [5035/12541] Proxy disimpan: 2089
2025-07-03T19:34:08.4120745Z [5036/12541] Proxy disimpan: 2090
2025-07-03T19:34:08.5409773Z [5042/12541] Proxy disimpan: 2091
2025-07-03T19:34:08.5589117Z [5044/12541] Proxy disimpan: 2092
2025-07-03T19:34:08.6517436Z [5050/12541] Proxy disimpan: 2093
2025-07-03T19:34:08.6526898Z [5055/12541] Proxy disimpan: 2094
2025-07-03T19:34:08.6698426Z [5052/12541] Proxy disimpan: 2095
2025-07-03T19:34:08.7022528Z [5059/12541] Proxy disimpan: 2096
2025-07-03T19:34:08.7047485Z [5058/12541] Proxy disimpan: 2097
2025-07-03T19:34:08.7191367Z [5061/12541] Proxy disimpan: 2098
2025-07-03T19:34:08.7416415Z [5063/12541] Proxy disimpan: 2099
2025-07-03T19:34:08.7794367Z [5086/12541] Proxy disimpan: 2100
2025-07-03T19:34:08.7812456Z [5087/12541] Proxy disimpan: 2101
2025-07-03T19:34:08.8392973Z [5064/12541] Proxy disimpan: 2102
2025-07-03T19:34:09.1129361Z [5088/12541] Proxy disimpan: 2103
2025-07-03T19:34:09.1477941Z [5085/12541] Proxy disimpan: 2104
2025-07-03T19:34:09.1665923Z [5101/12541] Proxy disimpan: 2105
2025-07-03T19:34:09.2420979Z [5092/12541] Proxy disimpan: 2106
2025-07-03T19:34:09.2451038Z [5093/12541] Proxy disimpan: 2107
2025-07-03T19:34:09.2728385Z [5094/12541] Proxy disimpan: 2108
2025-07-03T19:34:09.3423125Z [5106/12541] Proxy disimpan: 2109
2025-07-03T19:34:09.3504671Z [5108/12541] Proxy disimpan: 2110
2025-07-03T19:34:09.4815453Z [5118/12541] Proxy disimpan: 2111
2025-07-03T19:34:09.5756026Z [5122/12541] Proxy disimpan: 2112
2025-07-03T19:34:09.8513207Z [5117/12541] Proxy disimpan: 2113
2025-07-03T19:34:10.1611405Z [5150/12541] Proxy disimpan: 2114
2025-07-03T19:34:10.1924611Z [5128/12541] Proxy disimpan: 2115
2025-07-03T19:34:10.2583617Z [5091/12541] Proxy disimpan: 2116
2025-07-03T19:34:10.3043291Z [5154/12541] Proxy disimpan: 2117
2025-07-03T19:34:10.5017076Z [5160/12541] Proxy disimpan: 2118
2025-07-03T19:34:10.7043633Z [5167/12541] Proxy disimpan: 2119
2025-07-03T19:34:11.0693432Z [5172/12541] Proxy disimpan: 2120
2025-07-03T19:34:11.1818376Z [5177/12541] Proxy disimpan: 2121
2025-07-03T19:34:11.2209437Z [5178/12541] Proxy disimpan: 2122
2025-07-03T19:34:11.3565979Z [5188/12541] Proxy disimpan: 2123
2025-07-03T19:34:11.3846275Z [5183/12541] Proxy disimpan: 2124
2025-07-03T19:34:11.9159073Z [5211/12541] Proxy disimpan: 2125
2025-07-03T19:34:12.0056619Z [5205/12541] Proxy disimpan: 2126
2025-07-03T19:34:12.0468862Z [5214/12541] Proxy disimpan: 2127
2025-07-03T19:34:12.1821092Z [5217/12541] Proxy disimpan: 2128
2025-07-03T19:34:12.4345907Z [5222/12541] Proxy disimpan: 2129
2025-07-03T19:34:12.4626418Z [5226/12541] Proxy disimpan: 2130
2025-07-03T19:34:12.5384665Z [5216/12541] Proxy disimpan: 2131
2025-07-03T19:34:12.6837758Z [5234/12541] Proxy disimpan: 2132
2025-07-03T19:34:12.9672603Z [5238/12541] Proxy disimpan: 2133
2025-07-03T19:34:12.9881552Z [5240/12541] Proxy disimpan: 2134
2025-07-03T19:34:13.0178591Z [5239/12541] Proxy disimpan: 2135
2025-07-03T19:34:13.0229287Z [5237/12541] Proxy disimpan: 2136
2025-07-03T19:34:13.0985738Z [5134/12541] Proxy disimpan: 2137
2025-07-03T19:34:13.4096080Z [5243/12541] Proxy disimpan: 2138
2025-07-03T19:34:13.4145532Z [5252/12541] Proxy disimpan: 2139
2025-07-03T19:34:13.4395808Z [5254/12541] Proxy disimpan: 2140
2025-07-03T19:34:13.5226677Z [5257/12541] Proxy disimpan: 2141
2025-07-03T19:34:13.5501009Z [5262/12541] Proxy disimpan: 2142
2025-07-03T19:34:13.6229562Z [5265/12541] Proxy disimpan: 2143
2025-07-03T19:34:13.6257558Z [5263/12541] Proxy disimpan: 2144
2025-07-03T19:34:13.7047458Z [5268/12541] Proxy disimpan: 2145
2025-07-03T19:34:13.8253816Z [5269/12541] Proxy disimpan: 2146
2025-07-03T19:34:13.8935917Z [5273/12541] Proxy disimpan: 2147
2025-07-03T19:34:14.0952068Z [5278/12541] Proxy disimpan: 2148
2025-07-03T19:34:14.3203709Z [5293/12541] Proxy disimpan: 2149
2025-07-03T19:34:14.3262571Z [5292/12541] Proxy disimpan: 2150
2025-07-03T19:34:14.3343338Z [5280/12541] Proxy disimpan: 2151
2025-07-03T19:34:14.3981261Z [5300/12541] Proxy disimpan: 2152
2025-07-03T19:34:14.4596821Z [5299/12541] Proxy disimpan: 2153
2025-07-03T19:34:14.5741829Z [5298/12541] Proxy disimpan: 2154
2025-07-03T19:34:14.6715639Z [5308/12541] Proxy disimpan: 2155
2025-07-03T19:34:14.7289904Z [5311/12541] Proxy disimpan: 2156
2025-07-03T19:34:14.9040297Z [5328/12541] Proxy disimpan: 2157
2025-07-03T19:34:14.9814747Z [5335/12541] Proxy disimpan: 2158
2025-07-03T19:34:14.9873070Z [5294/12541] Proxy disimpan: 2159
2025-07-03T19:34:15.0169653Z [5338/12541] Proxy disimpan: 2160
2025-07-03T19:34:15.0850851Z [5340/12541] Proxy disimpan: 2161
2025-07-03T19:34:15.2512813Z [5353/12541] Proxy disimpan: 2162
2025-07-03T19:34:15.4476680Z [5362/12541] Proxy disimpan: 2163
2025-07-03T19:34:15.5236070Z [5389/12541] Proxy disimpan: 2164
2025-07-03T19:34:15.6555635Z [5349/12541] Proxy disimpan: 2165
2025-07-03T19:34:15.6571739Z [5377/12541] Proxy disimpan: 2166
2025-07-03T19:34:15.6572540Z [5375/12541] Proxy disimpan: 2167
2025-07-03T19:34:15.6880032Z [5379/12541] Proxy disimpan: 2168
2025-07-03T19:34:15.7598336Z [5355/12541] Proxy disimpan: 2169
2025-07-03T19:34:15.8523308Z [5383/12541] Proxy disimpan: 2170
2025-07-03T19:34:16.0279970Z [5390/12541] Proxy disimpan: 2171
2025-07-03T19:34:16.0331356Z [5391/12541] Proxy disimpan: 2172
2025-07-03T19:34:16.1373846Z [5396/12541] Proxy disimpan: 2173
2025-07-03T19:34:16.1974307Z [5399/12541] Proxy disimpan: 2174
2025-07-03T19:34:16.2445466Z [5401/12541] Proxy disimpan: 2175
2025-07-03T19:34:16.2691469Z [5397/12541] Proxy disimpan: 2176
2025-07-03T19:34:16.6996752Z [5416/12541] Proxy disimpan: 2177
2025-07-03T19:34:16.7504948Z [5417/12541] Proxy disimpan: 2178
2025-07-03T19:34:16.9591140Z [5435/12541] Proxy disimpan: 2179
2025-07-03T19:34:16.9986313Z [5436/12541] Proxy disimpan: 2180
2025-07-03T19:34:17.0024041Z [5427/12541] Proxy disimpan: 2181
2025-07-03T19:34:17.2482713Z [5448/12541] Proxy disimpan: 2182
2025-07-03T19:34:17.3105621Z [5428/12541] Proxy disimpan: 2183
2025-07-03T19:34:17.3233518Z [5452/12541] Proxy disimpan: 2184
2025-07-03T19:34:17.3374776Z [5453/12541] Proxy disimpan: 2185
2025-07-03T19:34:17.3408895Z [5454/12541] Proxy disimpan: 2186
2025-07-03T19:34:17.3938940Z [5456/12541] Proxy disimpan: 2187
2025-07-03T19:34:17.3976786Z [5458/12541] Proxy disimpan: 2188
2025-07-03T19:34:17.4140626Z [5460/12541] Proxy disimpan: 2189
2025-07-03T19:34:17.4285625Z [5459/12541] Proxy disimpan: 2190
2025-07-03T19:34:17.4712345Z [5431/12541] Proxy disimpan: 2191
2025-07-03T19:34:17.5329544Z [5462/12541] Proxy disimpan: 2192
2025-07-03T19:34:17.8427710Z [5468/12541] Proxy disimpan: 2193
2025-07-03T19:34:17.8465912Z [5470/12541] Proxy disimpan: 2194
2025-07-03T19:34:17.9078881Z [5475/12541] Proxy disimpan: 2195
2025-07-03T19:34:17.9196112Z [5471/12541] Proxy disimpan: 2196
2025-07-03T19:34:17.9311114Z [5474/12541] Proxy disimpan: 2197
2025-07-03T19:34:17.9470469Z [5479/12541] Proxy disimpan: 2198
2025-07-03T19:34:18.0110283Z [5481/12541] Proxy disimpan: 2199
2025-07-03T19:34:18.0230675Z [5473/12541] Proxy disimpan: 2200
2025-07-03T19:34:18.0803320Z [5485/12541] Proxy disimpan: 2201
2025-07-03T19:34:18.0804952Z [5484/12541] Proxy disimpan: 2202
2025-07-03T19:34:18.0966478Z [5478/12541] Proxy disimpan: 2203
2025-07-03T19:34:18.1454290Z [5487/12541] Proxy disimpan: 2204
2025-07-03T19:34:18.1912321Z [5488/12541] Proxy disimpan: 2205
2025-07-03T19:34:18.2351159Z [5486/12541] Proxy disimpan: 2206
2025-07-03T19:34:18.3145513Z [5491/12541] Proxy disimpan: 2207
2025-07-03T19:34:18.3415900Z [5490/12541] Proxy disimpan: 2208
2025-07-03T19:34:18.4480188Z [5493/12541] Proxy disimpan: 2209
2025-07-03T19:34:18.4650800Z [5492/12541] Proxy disimpan: 2210
2025-07-03T19:34:18.4808029Z [5494/12541] Proxy disimpan: 2211
2025-07-03T19:34:18.6316914Z [5500/12541] Proxy disimpan: 2212
2025-07-03T19:34:18.6606399Z [5498/12541] Proxy disimpan: 2213
2025-07-03T19:34:18.7293315Z [5503/12541] Proxy disimpan: 2214
2025-07-03T19:34:18.7875446Z [5505/12541] Proxy disimpan: 2215
2025-07-03T19:34:18.8088631Z [5495/12541] Proxy disimpan: 2216
2025-07-03T19:34:18.8221504Z [5507/12541] Proxy disimpan: 2217
2025-07-03T19:34:18.8724793Z [5509/12541] Proxy disimpan: 2218
2025-07-03T19:34:18.8944850Z [5510/12541] Proxy disimpan: 2219
2025-07-03T19:34:18.9655996Z [5513/12541] Proxy disimpan: 2220
2025-07-03T19:34:19.0370653Z [5512/12541] Proxy disimpan: 2221
2025-07-03T19:34:19.0874286Z [5517/12541] Proxy disimpan: 2222
2025-07-03T19:34:19.1147796Z [5519/12541] Proxy disimpan: 2223
2025-07-03T19:34:19.1916464Z [5516/12541] Proxy disimpan: 2224
2025-07-03T19:34:19.1990810Z [5523/12541] Proxy disimpan: 2225
2025-07-03T19:34:19.3213682Z [5525/12541] Proxy disimpan: 2226
2025-07-03T19:34:19.3671355Z [5527/12541] Proxy disimpan: 2227
2025-07-03T19:34:19.4362085Z [5530/12541] Proxy disimpan: 2228
2025-07-03T19:34:19.4589838Z [5528/12541] Proxy disimpan: 2229
2025-07-03T19:34:19.5106867Z [5533/12541] Proxy disimpan: 2230
2025-07-03T19:34:19.5404558Z [5538/12541] Proxy disimpan: 2231
2025-07-03T19:34:19.5415213Z [5536/12541] Proxy disimpan: 2232
2025-07-03T19:34:19.5472979Z [5537/12541] Proxy disimpan: 2233
2025-07-03T19:34:19.5524986Z [5518/12541] Proxy disimpan: 2234
2025-07-03T19:34:19.6060952Z [5541/12541] Proxy disimpan: 2235
2025-07-03T19:34:19.6375385Z [5550/12541] Proxy disimpan: 2236
2025-07-03T19:34:19.8710083Z [5524/12541] Proxy disimpan: 2237
2025-07-03T19:34:20.0219080Z [5526/12541] Proxy disimpan: 2238
2025-07-03T19:34:20.0782193Z [5529/12541] Proxy disimpan: 2239
2025-07-03T19:34:20.4516193Z [5552/12541] Proxy disimpan: 2240
2025-07-03T19:34:20.6601375Z [5582/12541] Proxy disimpan: 2241
2025-07-03T19:34:21.6284216Z [5613/12541] Proxy disimpan: 2242
2025-07-03T19:34:21.7351667Z [5640/12541] Proxy disimpan: 2243
2025-07-03T19:34:21.8117151Z [5641/12541] Proxy disimpan: 2244
2025-07-03T19:34:22.0517264Z [5645/12541] Proxy disimpan: 2245
2025-07-03T19:34:22.1279106Z [5622/12541] Proxy disimpan: 2246
2025-07-03T19:34:22.1539893Z [5648/12541] Proxy disimpan: 2247
2025-07-03T19:34:22.1796802Z [5626/12541] Proxy disimpan: 2248
2025-07-03T19:34:22.1955310Z [5649/12541] Proxy disimpan: 2249
2025-07-03T19:34:22.4497489Z [5651/12541] Proxy disimpan: 2250
2025-07-03T19:34:22.4589189Z [5652/12541] Proxy disimpan: 2251
2025-07-03T19:34:22.4761034Z [5653/12541] Proxy disimpan: 2252
2025-07-03T19:34:22.5619311Z [5656/12541] Proxy disimpan: 2253
2025-07-03T19:34:22.6417748Z [5658/12541] Proxy disimpan: 2254
2025-07-03T19:34:22.6888288Z [5667/12541] Proxy disimpan: 2255
2025-07-03T19:34:22.8244255Z [5668/12541] Proxy disimpan: 2256
2025-07-03T19:34:23.1882494Z [5683/12541] Proxy disimpan: 2257
2025-07-03T19:34:23.2226916Z [5684/12541] Proxy disimpan: 2258
2025-07-03T19:34:23.4326203Z [5685/12541] Proxy disimpan: 2259
2025-07-03T19:34:23.4567504Z [5692/12541] Proxy disimpan: 2260
2025-07-03T19:34:23.5252169Z [5693/12541] Proxy disimpan: 2261
2025-07-03T19:34:23.5958359Z [5695/12541] Proxy disimpan: 2262
2025-07-03T19:34:23.6754144Z [5699/12541] Proxy disimpan: 2263
2025-07-03T19:34:23.6844665Z [5698/12541] Proxy disimpan: 2264
2025-07-03T19:34:23.7247230Z [5701/12541] Proxy disimpan: 2265
2025-07-03T19:34:23.8147242Z [5714/12541] Proxy disimpan: 2266
2025-07-03T19:34:23.9262145Z [5708/12541] Proxy disimpan: 2267
2025-07-03T19:34:24.0026920Z [5711/12541] Proxy disimpan: 2268
2025-07-03T19:34:24.0495844Z [5710/12541] Proxy disimpan: 2269
2025-07-03T19:34:24.0596115Z [5721/12541] Proxy disimpan: 2270
2025-07-03T19:34:24.0771888Z [5722/12541] Proxy disimpan: 2271
2025-07-03T19:34:24.0818866Z [5723/12541] Proxy disimpan: 2272
2025-07-03T19:34:24.1358082Z [5728/12541] Proxy disimpan: 2273
2025-07-03T19:34:24.2165102Z [5736/12541] Proxy disimpan: 2274
2025-07-03T19:34:24.2312432Z [5733/12541] Proxy disimpan: 2275
2025-07-03T19:34:24.2480896Z [5731/12541] Proxy disimpan: 2276
2025-07-03T19:34:24.3737099Z [5741/12541] Proxy disimpan: 2277
2025-07-03T19:34:24.5086864Z [5748/12541] Proxy disimpan: 2278
2025-07-03T19:34:24.5696116Z [5753/12541] Proxy disimpan: 2279
2025-07-03T19:34:24.6616883Z [5759/12541] Proxy disimpan: 2280
2025-07-03T19:34:24.6734966Z [5760/12541] Proxy disimpan: 2281
2025-07-03T19:34:24.8846913Z [5773/12541] Proxy disimpan: 2282
2025-07-03T19:34:24.9016871Z [5776/12541] Proxy disimpan: 2283
2025-07-03T19:34:24.9116126Z [5780/12541] Proxy disimpan: 2284
2025-07-03T19:34:24.9510890Z [5782/12541] Proxy disimpan: 2285
2025-07-03T19:34:24.9578957Z [5784/12541] Proxy disimpan: 2286
2025-07-03T19:34:24.9700182Z [5787/12541] Proxy disimpan: 2287
2025-07-03T19:34:25.0183389Z [5793/12541] Proxy disimpan: 2288
2025-07-03T19:34:25.0282304Z [5795/12541] Proxy disimpan: 2289
2025-07-03T19:34:25.0986971Z [5789/12541] Proxy disimpan: 2290
2025-07-03T19:34:25.1086631Z [5790/12541] Proxy disimpan: 2291
2025-07-03T19:34:25.2377547Z [5800/12541] Proxy disimpan: 2292
2025-07-03T19:34:25.2412253Z [5802/12541] Proxy disimpan: 2293
2025-07-03T19:34:25.3155502Z [5792/12541] Proxy disimpan: 2294
2025-07-03T19:34:25.3496754Z [5801/12541] Proxy disimpan: 2295
2025-07-03T19:34:25.3525764Z [5808/12541] Proxy disimpan: 2296
2025-07-03T19:34:25.3805590Z [5813/12541] Proxy disimpan: 2297
2025-07-03T19:34:25.4033891Z [5814/12541] Proxy disimpan: 2298
2025-07-03T19:34:25.4231642Z [5816/12541] Proxy disimpan: 2299
2025-07-03T19:34:25.4388425Z [5817/12541] Proxy disimpan: 2300
2025-07-03T19:34:25.4409397Z [5818/12541] Proxy disimpan: 2301
2025-07-03T19:34:25.4511413Z [5821/12541] Proxy disimpan: 2302
2025-07-03T19:34:25.4920659Z [5824/12541] Proxy disimpan: 2303
2025-07-03T19:34:25.5045526Z [5826/12541] Proxy disimpan: 2304
2025-07-03T19:34:25.6014906Z [5828/12541] Proxy disimpan: 2305
2025-07-03T19:34:25.6217053Z [5832/12541] Proxy disimpan: 2306
2025-07-03T19:34:25.6924477Z [5834/12541] Proxy disimpan: 2307
2025-07-03T19:34:25.7291574Z [5811/12541] Proxy disimpan: 2308
2025-07-03T19:34:25.7749801Z [5838/12541] Proxy disimpan: 2309
2025-07-03T19:34:25.9639259Z [5850/12541] Proxy disimpan: 2310
2025-07-03T19:34:25.9831475Z [5852/12541] Proxy disimpan: 2311
2025-07-03T19:34:26.0473920Z [5855/12541] Proxy disimpan: 2312
2025-07-03T19:34:26.0753975Z [5853/12541] Proxy disimpan: 2313
2025-07-03T19:34:26.0919097Z [5856/12541] Proxy disimpan: 2314
2025-07-03T19:34:26.1513089Z [5858/12541] Proxy disimpan: 2315
2025-07-03T19:34:26.1561110Z [5859/12541] Proxy disimpan: 2316
2025-07-03T19:34:26.2241978Z [5862/12541] Proxy disimpan: 2317
2025-07-03T19:34:26.3154132Z [5866/12541] Proxy disimpan: 2318
2025-07-03T19:34:26.3206161Z [5864/12541] Proxy disimpan: 2319
2025-07-03T19:34:26.3625007Z [5868/12541] Proxy disimpan: 2320
2025-07-03T19:34:26.4196722Z [5871/12541] Proxy disimpan: 2321
2025-07-03T19:34:26.4353597Z [5874/12541] Proxy disimpan: 2322
2025-07-03T19:34:26.5108878Z [5823/12541] Proxy disimpan: 2323
2025-07-03T19:34:26.5532181Z [5880/12541] Proxy disimpan: 2324
2025-07-03T19:34:26.7172983Z [5892/12541] Proxy disimpan: 2325
2025-07-03T19:34:26.7973821Z [5897/12541] Proxy disimpan: 2326
2025-07-03T19:34:26.8139557Z [5899/12541] Proxy disimpan: 2327
2025-07-03T19:34:26.9305670Z [5906/12541] Proxy disimpan: 2328
2025-07-03T19:34:27.0175940Z [5909/12541] Proxy disimpan: 2329
2025-07-03T19:34:27.0874375Z [5912/12541] Proxy disimpan: 2330
2025-07-03T19:34:27.1763937Z [5916/12541] Proxy disimpan: 2331
2025-07-03T19:34:27.1789732Z [5917/12541] Proxy disimpan: 2332
2025-07-03T19:34:27.4977638Z [5931/12541] Proxy disimpan: 2333
2025-07-03T19:34:27.5015456Z [5930/12541] Proxy disimpan: 2334
2025-07-03T19:34:27.5550688Z [5935/12541] Proxy disimpan: 2335
2025-07-03T19:34:27.5835296Z [5936/12541] Proxy disimpan: 2336
2025-07-03T19:34:27.6153644Z [5938/12541] Proxy disimpan: 2337
2025-07-03T19:34:27.6941006Z [5939/12541] Proxy disimpan: 2338
2025-07-03T19:34:27.8526687Z [5945/12541] Proxy disimpan: 2339
2025-07-03T19:34:27.9181099Z [5947/12541] Proxy disimpan: 2340
2025-07-03T19:34:27.9444167Z [5948/12541] Proxy disimpan: 2341
2025-07-03T19:34:28.0053872Z [5950/12541] Proxy disimpan: 2342
2025-07-03T19:34:28.0387118Z [5951/12541] Proxy disimpan: 2343
2025-07-03T19:34:28.0674672Z [5952/12541] Proxy disimpan: 2344
2025-07-03T19:34:28.2431175Z [5954/12541] Proxy disimpan: 2345
2025-07-03T19:34:28.2978608Z [5956/12541] Proxy disimpan: 2346
2025-07-03T19:34:28.3831201Z [5959/12541] Proxy disimpan: 2347
2025-07-03T19:34:28.4981283Z [5962/12541] Proxy disimpan: 2348
2025-07-03T19:34:28.8791003Z [5971/12541] Proxy disimpan: 2349
2025-07-03T19:34:28.9805119Z [5976/12541] Proxy disimpan: 2350
2025-07-03T19:34:29.0270585Z [5978/12541] Proxy disimpan: 2351
2025-07-03T19:34:29.1125105Z [5977/12541] Proxy disimpan: 2352
2025-07-03T19:34:29.1281136Z [5979/12541] Proxy disimpan: 2353
2025-07-03T19:34:29.2060269Z [5984/12541] Proxy disimpan: 2354
2025-07-03T19:34:29.2706716Z [5987/12541] Proxy disimpan: 2355
2025-07-03T19:34:29.2746116Z [5988/12541] Proxy disimpan: 2356
2025-07-03T19:34:29.3010760Z [5990/12541] Proxy disimpan: 2357
2025-07-03T19:34:29.3572850Z [5980/12541] Proxy disimpan: 2358
2025-07-03T19:34:29.4549524Z [5995/12541] Proxy disimpan: 2359
2025-07-03T19:34:29.4889231Z [5998/12541] Proxy disimpan: 2360
2025-07-03T19:34:29.5076203Z [6000/12541] Proxy disimpan: 2361
2025-07-03T19:34:29.5684157Z [6001/12541] Proxy disimpan: 2362
2025-07-03T19:34:29.5716917Z [6006/12541] Proxy disimpan: 2363
2025-07-03T19:34:29.5857753Z [6005/12541] Proxy disimpan: 2364
2025-07-03T19:34:29.6441965Z [6010/12541] Proxy disimpan: 2365
2025-07-03T19:34:29.6528730Z [6011/12541] Proxy disimpan: 2366
2025-07-03T19:34:29.7458062Z [6016/12541] Proxy disimpan: 2367
2025-07-03T19:34:29.8400994Z [6021/12541] Proxy disimpan: 2368
2025-07-03T19:34:29.8744943Z [6020/12541] Proxy disimpan: 2369
2025-07-03T19:34:29.9204378Z [6024/12541] Proxy disimpan: 2370
2025-07-03T19:34:29.9337538Z [6023/12541] Proxy disimpan: 2371
2025-07-03T19:34:29.9773007Z [6029/12541] Proxy disimpan: 2372
2025-07-03T19:34:29.9981911Z [6030/12541] Proxy disimpan: 2373
2025-07-03T19:34:30.1037620Z [6033/12541] Proxy disimpan: 2374
2025-07-03T19:34:30.1683387Z [6034/12541] Proxy disimpan: 2375
2025-07-03T19:34:30.1759149Z [6026/12541] Proxy disimpan: 2376
2025-07-03T19:34:30.2047128Z [6039/12541] Proxy disimpan: 2377
2025-07-03T19:34:30.3620478Z [6045/12541] Proxy disimpan: 2378
2025-07-03T19:34:30.3920452Z [6046/12541] Proxy disimpan: 2379
2025-07-03T19:34:30.4177838Z [6047/12541] Proxy disimpan: 2380
2025-07-03T19:34:30.4356034Z [5992/12541] Proxy disimpan: 2381
2025-07-03T19:34:30.4388613Z [6053/12541] Proxy disimpan: 2382
2025-07-03T19:34:30.5061853Z [6057/12541] Proxy disimpan: 2383
2025-07-03T19:34:30.6460776Z [6072/12541] Proxy disimpan: 2384
2025-07-03T19:34:30.9067569Z [6087/12541] Proxy disimpan: 2385
2025-07-03T19:34:31.0064437Z [6098/12541] Proxy disimpan: 2386
2025-07-03T19:34:31.0293246Z [6097/12541] Proxy disimpan: 2387
2025-07-03T19:34:31.1114773Z [6104/12541] Proxy disimpan: 2388
2025-07-03T19:34:31.1272896Z [6105/12541] Proxy disimpan: 2389
2025-07-03T19:34:31.1821962Z [6109/12541] Proxy disimpan: 2390
2025-07-03T19:34:31.2815992Z [6110/12541] Proxy disimpan: 2391
2025-07-03T19:34:31.3313398Z [6111/12541] Proxy disimpan: 2392
2025-07-03T19:34:31.4663240Z [6103/12541] Proxy disimpan: 2393
2025-07-03T19:34:31.6242623Z [6128/12541] Proxy disimpan: 2394
2025-07-03T19:34:31.6913824Z [6124/12541] Proxy disimpan: 2395
2025-07-03T19:34:31.7205352Z [6131/12541] Proxy disimpan: 2396
2025-07-03T19:34:31.8311496Z [6134/12541] Proxy disimpan: 2397
2025-07-03T19:34:31.9211166Z [6136/12541] Proxy disimpan: 2398
2025-07-03T19:34:32.3279114Z [6149/12541] Proxy disimpan: 2399
2025-07-03T19:34:32.5692302Z [6156/12541] Proxy disimpan: 2400
2025-07-03T19:34:32.9117063Z [6167/12541] Proxy disimpan: 2401
2025-07-03T19:34:33.7593272Z [6184/12541] Proxy disimpan: 2402
2025-07-03T19:34:35.0565927Z [6211/12541] Proxy disimpan: 2403
2025-07-03T19:34:35.2959382Z [6224/12541] Proxy disimpan: 2404
2025-07-03T19:34:35.4204306Z [6223/12541] Proxy disimpan: 2405
2025-07-03T19:34:35.5178281Z [6229/12541] Proxy disimpan: 2406
2025-07-03T19:34:35.5680885Z [6232/12541] Proxy disimpan: 2407
2025-07-03T19:34:35.8611524Z [6250/12541] Proxy disimpan: 2408
2025-07-03T19:34:35.9969446Z [6261/12541] Proxy disimpan: 2409
2025-07-03T19:34:36.0353419Z [6262/12541] Proxy disimpan: 2410
2025-07-03T19:34:36.0719921Z [6263/12541] Proxy disimpan: 2411
2025-07-03T19:34:36.5644709Z [6278/12541] Proxy disimpan: 2412
2025-07-03T19:34:36.7254172Z [6287/12541] Proxy disimpan: 2413
2025-07-03T19:34:37.0402379Z [6293/12541] Proxy disimpan: 2414
2025-07-03T19:34:37.0638970Z [6294/12541] Proxy disimpan: 2415
2025-07-03T19:34:37.2275853Z [6298/12541] Proxy disimpan: 2416
2025-07-03T19:34:37.2703705Z [6299/12541] Proxy disimpan: 2417
2025-07-03T19:34:37.2909893Z [6301/12541] Proxy disimpan: 2418
2025-07-03T19:34:37.3493915Z [6303/12541] Proxy disimpan: 2419
2025-07-03T19:34:37.3518863Z [6302/12541] Proxy disimpan: 2420
2025-07-03T19:34:37.5263816Z [6307/12541] Proxy disimpan: 2421
2025-07-03T19:34:37.6452273Z [6313/12541] Proxy disimpan: 2422
2025-07-03T19:34:37.9126760Z [6323/12541] Proxy disimpan: 2423
2025-07-03T19:34:38.1481868Z [6337/12541] Proxy disimpan: 2424
2025-07-03T19:34:38.2451829Z [6342/12541] Proxy disimpan: 2425
2025-07-03T19:34:38.3573461Z [6347/12541] Proxy disimpan: 2426
2025-07-03T19:34:38.9229332Z [6366/12541] Proxy disimpan: 2427
2025-07-03T19:34:39.1819315Z [6372/12541] Proxy disimpan: 2428
2025-07-03T19:34:39.4433354Z [6379/12541] Proxy disimpan: 2429
2025-07-03T19:34:39.4746732Z [6380/12541] Proxy disimpan: 2430
2025-07-03T19:34:40.1538396Z [6404/12541] Proxy disimpan: 2431
2025-07-03T19:34:40.2465467Z [6407/12541] Proxy disimpan: 2432
2025-07-03T19:34:40.3867726Z [6408/12541] Proxy disimpan: 2433
2025-07-03T19:34:40.6439295Z [6420/12541] Proxy disimpan: 2434
2025-07-03T19:34:40.6626688Z [6421/12541] Proxy disimpan: 2435
2025-07-03T19:34:40.6904493Z [6419/12541] Proxy disimpan: 2436
2025-07-03T19:34:41.4791795Z [6468/12541] Proxy disimpan: 2437
2025-07-03T19:34:41.6679945Z [6472/12541] Proxy disimpan: 2438
2025-07-03T19:34:41.7205380Z [6475/12541] Proxy disimpan: 2439
2025-07-03T19:34:42.5011560Z [6495/12541] Proxy disimpan: 2440
2025-07-03T19:34:42.8075765Z [6497/12541] Proxy disimpan: 2441
2025-07-03T19:34:42.8497454Z [6496/12541] Proxy disimpan: 2442
2025-07-03T19:34:42.8694350Z [6498/12541] Proxy disimpan: 2443
2025-07-03T19:34:42.9331594Z [6501/12541] Proxy disimpan: 2444
2025-07-03T19:34:42.9472658Z [6502/12541] Proxy disimpan: 2445
2025-07-03T19:34:43.0553884Z [6503/12541] Proxy disimpan: 2446
2025-07-03T19:34:43.0990557Z [6505/12541] Proxy disimpan: 2447
2025-07-03T19:34:43.2057117Z [6509/12541] Proxy disimpan: 2448
2025-07-03T19:34:43.2643306Z [6510/12541] Proxy disimpan: 2449
2025-07-03T19:34:43.2718211Z [6512/12541] Proxy disimpan: 2450
2025-07-03T19:34:43.3460989Z [6516/12541] Proxy disimpan: 2451
2025-07-03T19:34:43.3547545Z [6511/12541] Proxy disimpan: 2452
2025-07-03T19:34:43.3887162Z [6521/12541] Proxy disimpan: 2453
2025-07-03T19:34:43.4435026Z [6519/12541] Proxy disimpan: 2454
2025-07-03T19:34:43.4436160Z [6517/12541] Proxy disimpan: 2455
2025-07-03T19:34:43.4878972Z [6523/12541] Proxy disimpan: 2456
2025-07-03T19:34:43.5277750Z [6525/12541] Proxy disimpan: 2457
2025-07-03T19:34:43.5320975Z [6524/12541] Proxy disimpan: 2458
2025-07-03T19:34:43.6457177Z [6530/12541] Proxy disimpan: 2459
2025-07-03T19:34:43.6666064Z [6532/12541] Proxy disimpan: 2460
2025-07-03T19:34:43.6803978Z [6529/12541] Proxy disimpan: 2461
2025-07-03T19:34:43.7126636Z [6533/12541] Proxy disimpan: 2462
2025-07-03T19:34:43.8110111Z [6537/12541] Proxy disimpan: 2463
2025-07-03T19:34:43.9695012Z [6542/12541] Proxy disimpan: 2464
2025-07-03T19:34:44.1584821Z [6551/12541] Proxy disimpan: 2465
2025-07-03T19:34:44.3121144Z [6554/12541] Proxy disimpan: 2466
2025-07-03T19:34:44.3743348Z [6555/12541] Proxy disimpan: 2467
2025-07-03T19:34:44.9390952Z [6575/12541] Proxy disimpan: 2468
2025-07-03T19:34:45.0780422Z [6582/12541] Proxy disimpan: 2469
2025-07-03T19:34:45.2559941Z [6587/12541] Proxy disimpan: 2470
2025-07-03T19:34:46.3872049Z [6640/12541] Proxy disimpan: 2471
2025-07-03T19:34:46.6641803Z [6629/12541] Proxy disimpan: 2472
2025-07-03T19:34:46.6681718Z [6631/12541] Proxy disimpan: 2473
2025-07-03T19:34:46.7866045Z [6639/12541] Proxy disimpan: 2474
2025-07-03T19:34:48.8144344Z [6690/12541] Proxy disimpan: 2475
2025-07-03T19:34:48.9842902Z [6695/12541] Proxy disimpan: 2476
2025-07-03T19:34:49.8276179Z [6721/12541] Proxy disimpan: 2477
2025-07-03T19:34:49.8486571Z [6725/12541] Proxy disimpan: 2478
2025-07-03T19:34:50.0278388Z [6732/12541] Proxy disimpan: 2479
2025-07-03T19:34:50.2026478Z [6737/12541] Proxy disimpan: 2480
2025-07-03T19:34:50.7182288Z [6753/12541] Proxy disimpan: 2481
2025-07-03T19:34:50.8911726Z [6756/12541] Proxy disimpan: 2482
2025-07-03T19:34:50.9422769Z [6763/12541] Proxy disimpan: 2483
2025-07-03T19:34:51.0661436Z [6770/12541] Proxy disimpan: 2484
2025-07-03T19:34:51.4306369Z [6790/12541] Proxy disimpan: 2485
2025-07-03T19:34:51.6520681Z [6803/12541] Proxy disimpan: 2486
2025-07-03T19:34:51.7077995Z [6780/12541] Proxy disimpan: 2487
2025-07-03T19:34:51.8074863Z [6785/12541] Proxy disimpan: 2488
2025-07-03T19:34:51.8489393Z [6789/12541] Proxy disimpan: 2489
2025-07-03T19:34:51.9181859Z [6816/12541] Proxy disimpan: 2490
2025-07-03T19:34:52.0011211Z [6818/12541] Proxy disimpan: 2491
2025-07-03T19:34:52.0265446Z [6819/12541] Proxy disimpan: 2492
2025-07-03T19:34:52.2006076Z [6830/12541] Proxy disimpan: 2493
2025-07-03T19:34:52.2203677Z [6829/12541] Proxy disimpan: 2494
2025-07-03T19:34:52.5203773Z [6842/12541] Proxy disimpan: 2495
2025-07-03T19:34:52.6616792Z [6847/12541] Proxy disimpan: 2496
2025-07-03T19:34:53.1538422Z [6861/12541] Proxy disimpan: 2497
2025-07-03T19:34:54.0254945Z [6878/12541] Proxy disimpan: 2498
2025-07-03T19:34:55.2921443Z [6913/12541] Proxy disimpan: 2499
2025-07-03T19:34:55.3302042Z [6915/12541] Proxy disimpan: 2500
2025-07-03T19:34:55.5306877Z [6923/12541] Proxy disimpan: 2501
2025-07-03T19:34:55.5890039Z [6924/12541] Proxy disimpan: 2502
2025-07-03T19:34:55.6210188Z [6925/12541] Proxy disimpan: 2503
2025-07-03T19:34:55.8002882Z [6933/12541] Proxy disimpan: 2504
2025-07-03T19:34:55.9599312Z [6941/12541] Proxy disimpan: 2505
2025-07-03T19:34:56.0506353Z [6948/12541] Proxy disimpan: 2506
2025-07-03T19:34:56.0533545Z [6949/12541] Proxy disimpan: 2507
2025-07-03T19:34:56.1000018Z [6928/12541] Proxy disimpan: 2508
2025-07-03T19:34:56.3488876Z [6938/12541] Proxy disimpan: 2509
2025-07-03T19:34:56.5675219Z [6970/12541] Proxy disimpan: 2510
2025-07-03T19:34:56.6855545Z [6975/12541] Proxy disimpan: 2511
2025-07-03T19:34:56.6902646Z [6974/12541] Proxy disimpan: 2512
2025-07-03T19:34:56.8887320Z [6981/12541] Proxy disimpan: 2513
2025-07-03T19:34:56.9049787Z [6982/12541] Proxy disimpan: 2514
2025-07-03T19:34:56.9201161Z [6984/12541] Proxy disimpan: 2515
2025-07-03T19:34:56.9967898Z [6987/12541] Proxy disimpan: 2516
2025-07-03T19:34:57.0185319Z [6986/12541] Proxy disimpan: 2517
2025-07-03T19:34:57.1366633Z [6993/12541] Proxy disimpan: 2518
2025-07-03T19:34:57.1676585Z [6994/12541] Proxy disimpan: 2519
2025-07-03T19:34:57.3483859Z [6999/12541] Proxy disimpan: 2520
2025-07-03T19:34:58.2185133Z [7031/12541] Proxy disimpan: 2521
2025-07-03T19:34:58.2974272Z [7033/12541] Proxy disimpan: 2522
2025-07-03T19:34:58.6305884Z [7044/12541] Proxy disimpan: 2523
2025-07-03T19:34:59.8165750Z [7076/12541] Proxy disimpan: 2524
2025-07-03T19:34:59.8340423Z [7075/12541] Proxy disimpan: 2525
2025-07-03T19:34:59.8737555Z [7078/12541] Proxy disimpan: 2526
2025-07-03T19:35:00.3745638Z [7093/12541] Proxy disimpan: 2527
2025-07-03T19:35:00.4235091Z [7091/12541] Proxy disimpan: 2528
2025-07-03T19:35:00.6821487Z [7100/12541] Proxy disimpan: 2529
2025-07-03T19:35:00.7796725Z [7094/12541] Proxy disimpan: 2530
2025-07-03T19:35:00.9818625Z [7110/12541] Proxy disimpan: 2531
2025-07-03T19:35:01.0733084Z [7114/12541] Proxy disimpan: 2532
2025-07-03T19:35:01.1272846Z [7096/12541] Proxy disimpan: 2533
2025-07-03T19:35:01.6120048Z [7139/12541] Proxy disimpan: 2534
2025-07-03T19:35:01.8397559Z [7149/12541] Proxy disimpan: 2535
2025-07-03T19:35:01.9083492Z [7150/12541] Proxy disimpan: 2536
2025-07-03T19:35:02.0514586Z [7156/12541] Proxy disimpan: 2537
2025-07-03T19:35:02.0623227Z [7157/12541] Proxy disimpan: 2538
2025-07-03T19:35:02.2744812Z [7166/12541] Proxy disimpan: 2539
2025-07-03T19:35:02.3806908Z [7170/12541] Proxy disimpan: 2540
2025-07-03T19:35:02.3942082Z [7168/12541] Proxy disimpan: 2541
2025-07-03T19:35:02.3957971Z [7174/12541] Proxy disimpan: 2542
2025-07-03T19:35:02.8623609Z [7195/12541] Proxy disimpan: 2543
2025-07-03T19:35:02.8755988Z [7199/12541] Proxy disimpan: 2544
2025-07-03T19:35:02.9237643Z [7202/12541] Proxy disimpan: 2545
2025-07-03T19:35:02.9424501Z [7200/12541] Proxy disimpan: 2546
2025-07-03T19:35:03.4004388Z [7218/12541] Proxy disimpan: 2547
2025-07-03T19:35:03.4424382Z [7222/12541] Proxy disimpan: 2548
2025-07-03T19:35:03.8932056Z [7232/12541] Proxy disimpan: 2549
2025-07-03T19:35:03.9252921Z [7234/12541] Proxy disimpan: 2550
2025-07-03T19:35:03.9269917Z [7235/12541] Proxy disimpan: 2551
2025-07-03T19:35:04.1291357Z [7239/12541] Proxy disimpan: 2552
2025-07-03T19:35:04.1621768Z [7240/12541] Proxy disimpan: 2553
2025-07-03T19:35:04.2523042Z [7241/12541] Proxy disimpan: 2554
2025-07-03T19:35:04.3157472Z [7242/12541] Proxy disimpan: 2555
2025-07-03T19:35:04.6538170Z [7254/12541] Proxy disimpan: 2556
2025-07-03T19:35:04.8033915Z [7261/12541] Proxy disimpan: 2557
2025-07-03T19:35:05.4079417Z [7283/12541] Proxy disimpan: 2558
2025-07-03T19:35:05.5051881Z [7284/12541] Proxy disimpan: 2559
2025-07-03T19:35:05.9624146Z [7294/12541] Proxy disimpan: 2560
2025-07-03T19:35:06.0032532Z [7299/12541] Proxy disimpan: 2561
2025-07-03T19:35:07.0357424Z [7330/12541] Proxy disimpan: 2562
2025-07-03T19:35:07.4932101Z [7363/12541] Proxy disimpan: 2563
2025-07-03T19:35:07.5352994Z [7364/12541] Proxy disimpan: 2564
2025-07-03T19:35:07.8826550Z [7378/12541] Proxy disimpan: 2565
2025-07-03T19:35:07.8921863Z [7380/12541] Proxy disimpan: 2566
2025-07-03T19:35:08.1070701Z [7388/12541] Proxy disimpan: 2567
2025-07-03T19:35:08.2192221Z [7391/12541] Proxy disimpan: 2568
2025-07-03T19:35:08.3349795Z [7396/12541] Proxy disimpan: 2569
2025-07-03T19:35:08.4093713Z [7401/12541] Proxy disimpan: 2570
2025-07-03T19:35:08.5797905Z [7407/12541] Proxy disimpan: 2571
2025-07-03T19:35:08.7995573Z [7410/12541] Proxy disimpan: 2572
2025-07-03T19:35:08.8144173Z [7412/12541] Proxy disimpan: 2573
2025-07-03T19:35:08.8190120Z [7411/12541] Proxy disimpan: 2574
2025-07-03T19:35:09.1061533Z [7420/12541] Proxy disimpan: 2575
2025-07-03T19:35:09.2784995Z [7415/12541] Proxy disimpan: 2576
2025-07-03T19:35:09.5457413Z [7430/12541] Proxy disimpan: 2577
2025-07-03T19:35:09.5792932Z [7432/12541] Proxy disimpan: 2578
2025-07-03T19:35:09.5794952Z [7431/12541] Proxy disimpan: 2579
2025-07-03T19:35:11.2159611Z [7467/12541] Proxy disimpan: 2580
2025-07-03T19:35:11.3749380Z [7473/12541] Proxy disimpan: 2581
2025-07-03T19:35:11.5134341Z [7479/12541] Proxy disimpan: 2582
2025-07-03T19:35:11.5327397Z [7480/12541] Proxy disimpan: 2583
2025-07-03T19:35:14.0511130Z [7542/12541] Proxy disimpan: 2584
2025-07-03T19:35:14.2538759Z [7543/12541] Proxy disimpan: 2585
2025-07-03T19:35:14.3013574Z [7544/12541] Proxy disimpan: 2586
2025-07-03T19:35:14.3414469Z [7546/12541] Proxy disimpan: 2587
2025-07-03T19:35:14.4104982Z [7548/12541] Proxy disimpan: 2588
2025-07-03T19:35:14.8167818Z [7562/12541] Proxy disimpan: 2589
2025-07-03T19:35:14.8661679Z [7565/12541] Proxy disimpan: 2590
2025-07-03T19:35:14.9278637Z [7569/12541] Proxy disimpan: 2591
2025-07-03T19:35:15.0394995Z [7578/12541] Proxy disimpan: 2592
2025-07-03T19:35:15.4787307Z [7577/12541] Proxy disimpan: 2593
2025-07-03T19:35:15.7921465Z [7583/12541] Proxy disimpan: 2594
2025-07-03T19:35:15.8241376Z [7581/12541] Proxy disimpan: 2595
2025-07-03T19:35:15.8523894Z [7579/12541] Proxy disimpan: 2596
2025-07-03T19:35:15.8869332Z [7586/12541] Proxy disimpan: 2597
2025-07-03T19:35:15.8896971Z [7587/12541] Proxy disimpan: 2598
2025-07-03T19:35:16.0187107Z [7584/12541] Proxy disimpan: 2599
2025-07-03T19:35:16.3217802Z [7609/12541] Proxy disimpan: 2600
2025-07-03T19:35:16.3328422Z [7597/12541] Proxy disimpan: 2601
2025-07-03T19:35:16.3500541Z [7610/12541] Proxy disimpan: 2602
2025-07-03T19:35:16.4174963Z [7612/12541] Proxy disimpan: 2603
2025-07-03T19:35:16.4317719Z [7613/12541] Proxy disimpan: 2604
2025-07-03T19:35:16.4623038Z [7595/12541] Proxy disimpan: 2605
2025-07-03T19:35:16.5078906Z [7614/12541] Proxy disimpan: 2606
2025-07-03T19:35:16.5169091Z [7616/12541] Proxy disimpan: 2607
2025-07-03T19:35:16.5410674Z [7592/12541] Proxy disimpan: 2608
2025-07-03T19:35:16.5855163Z [7620/12541] Proxy disimpan: 2609
2025-07-03T19:35:16.5885349Z [7619/12541] Proxy disimpan: 2610
2025-07-03T19:35:16.5962786Z [7618/12541] Proxy disimpan: 2611
2025-07-03T19:35:16.6497464Z [7621/12541] Proxy disimpan: 2612
2025-07-03T19:35:16.7267491Z [7600/12541] Proxy disimpan: 2613
2025-07-03T19:35:16.7480281Z [7624/12541] Proxy disimpan: 2614
2025-07-03T19:35:16.7890160Z [7626/12541] Proxy disimpan: 2615
2025-07-03T19:35:16.8092317Z [7628/12541] Proxy disimpan: 2616
2025-07-03T19:35:16.8490878Z [7608/12541] Proxy disimpan: 2617
2025-07-03T19:35:16.8844913Z [7629/12541] Proxy disimpan: 2618
2025-07-03T19:35:16.8863784Z [7625/12541] Proxy disimpan: 2619
2025-07-03T19:35:16.9267206Z [7632/12541] Proxy disimpan: 2620
2025-07-03T19:35:16.9429024Z [7637/12541] Proxy disimpan: 2621
2025-07-03T19:35:16.9709207Z [7636/12541] Proxy disimpan: 2622
2025-07-03T19:35:16.9823592Z [7638/12541] Proxy disimpan: 2623
2025-07-03T19:35:16.9923094Z [7641/12541] Proxy disimpan: 2624
2025-07-03T19:35:17.0120912Z [7646/12541] Proxy disimpan: 2625
2025-07-03T19:35:17.0228910Z [7643/12541] Proxy disimpan: 2626
2025-07-03T19:35:17.0260852Z [7648/12541] Proxy disimpan: 2627
2025-07-03T19:35:17.0286832Z [7645/12541] Proxy disimpan: 2628
2025-07-03T19:35:17.0336604Z [7647/12541] Proxy disimpan: 2629
2025-07-03T19:35:17.0353622Z [7607/12541] Proxy disimpan: 2630
2025-07-03T19:35:17.0455191Z [7601/12541] Proxy disimpan: 2631
2025-07-03T19:35:17.0985050Z [7651/12541] Proxy disimpan: 2632
2025-07-03T19:35:17.1002652Z [7650/12541] Proxy disimpan: 2633
2025-07-03T19:35:17.1221461Z [7653/12541] Proxy disimpan: 2634
2025-07-03T19:35:17.1528989Z [7654/12541] Proxy disimpan: 2635
2025-07-03T19:35:17.2178023Z [7658/12541] Proxy disimpan: 2636
2025-07-03T19:35:17.2915604Z [7663/12541] Proxy disimpan: 2637
2025-07-03T19:35:17.3303902Z [7644/12541] Proxy disimpan: 2638
2025-07-03T19:35:17.3412778Z [7596/12541] Proxy disimpan: 2639
2025-07-03T19:35:17.3936005Z [7605/12541] Proxy disimpan: 2640
2025-07-03T19:35:17.4782172Z [7677/12541] Proxy disimpan: 2641
2025-07-03T19:35:17.5906596Z [7681/12541] Proxy disimpan: 2642
2025-07-03T19:35:17.5953899Z [7682/12541] Proxy disimpan: 2643
2025-07-03T19:35:17.6011801Z [7689/12541] Proxy disimpan: 2644
2025-07-03T19:35:17.6639472Z [7692/12541] Proxy disimpan: 2645
2025-07-03T19:35:17.6703025Z [7687/12541] Proxy disimpan: 2646
2025-07-03T19:35:17.6861516Z [7693/12541] Proxy disimpan: 2647
2025-07-03T19:35:17.7059555Z [7695/12541] Proxy disimpan: 2648
2025-07-03T19:35:17.7286553Z [7603/12541] Proxy disimpan: 2649
2025-07-03T19:35:17.7388924Z [7697/12541] Proxy disimpan: 2650
2025-07-03T19:35:17.7484397Z [7698/12541] Proxy disimpan: 2651
2025-07-03T19:35:17.7896520Z [7699/12541] Proxy disimpan: 2652
2025-07-03T19:35:17.7966886Z [7700/12541] Proxy disimpan: 2653
2025-07-03T19:35:17.8280361Z [7590/12541] Proxy disimpan: 2654
2025-07-03T19:35:17.8895519Z [7703/12541] Proxy disimpan: 2655
2025-07-03T19:35:17.9152341Z [7704/12541] Proxy disimpan: 2656
2025-07-03T19:35:17.9309332Z [7705/12541] Proxy disimpan: 2657
2025-07-03T19:35:17.9962701Z [7708/12541] Proxy disimpan: 2658
2025-07-03T19:35:18.0084196Z [7710/12541] Proxy disimpan: 2659
2025-07-03T19:35:18.0329245Z [7713/12541] Proxy disimpan: 2660
2025-07-03T19:35:18.0346772Z [7712/12541] Proxy disimpan: 2661
2025-07-03T19:35:18.0445250Z [7715/12541] Proxy disimpan: 2662
2025-07-03T19:35:18.0777591Z [7716/12541] Proxy disimpan: 2663
2025-07-03T19:35:18.1039373Z [7719/12541] Proxy disimpan: 2664
2025-07-03T19:35:18.1508653Z [7720/12541] Proxy disimpan: 2665
2025-07-03T19:35:18.1570758Z [7723/12541] Proxy disimpan: 2666
2025-07-03T19:35:18.1728950Z [7721/12541] Proxy disimpan: 2667
2025-07-03T19:35:18.1802084Z [7725/12541] Proxy disimpan: 2668
2025-07-03T19:35:18.2391248Z [7730/12541] Proxy disimpan: 2669
2025-07-03T19:35:18.3070751Z [7732/12541] Proxy disimpan: 2670
2025-07-03T19:35:18.3769717Z [7737/12541] Proxy disimpan: 2671
2025-07-03T19:35:18.4166028Z [7740/12541] Proxy disimpan: 2672
2025-07-03T19:35:18.4256811Z [7743/12541] Proxy disimpan: 2673
2025-07-03T19:35:18.4467566Z [7742/12541] Proxy disimpan: 2674
2025-07-03T19:35:18.5032060Z [7746/12541] Proxy disimpan: 2675
2025-07-03T19:35:18.5086156Z [7747/12541] Proxy disimpan: 2676
2025-07-03T19:35:18.5199903Z [7748/12541] Proxy disimpan: 2677
2025-07-03T19:35:18.5402242Z [7752/12541] Proxy disimpan: 2678
2025-07-03T19:35:18.5419480Z [7755/12541] Proxy disimpan: 2679
2025-07-03T19:35:18.5610340Z [7756/12541] Proxy disimpan: 2680
2025-07-03T19:35:18.5653034Z [7758/12541] Proxy disimpan: 2681
2025-07-03T19:35:18.6051845Z [7761/12541] Proxy disimpan: 2682
2025-07-03T19:35:18.6220863Z [7762/12541] Proxy disimpan: 2683
2025-07-03T19:35:18.6607941Z [7766/12541] Proxy disimpan: 2684
2025-07-03T19:35:18.6645335Z [7765/12541] Proxy disimpan: 2685
2025-07-03T19:35:18.6737659Z [7768/12541] Proxy disimpan: 2686
2025-07-03T19:35:18.6935162Z [7772/12541] Proxy disimpan: 2687
2025-07-03T19:35:18.7017130Z [7770/12541] Proxy disimpan: 2688
2025-07-03T19:35:18.7085990Z [7777/12541] Proxy disimpan: 2689
2025-07-03T19:35:18.7127822Z [7776/12541] Proxy disimpan: 2690
2025-07-03T19:35:18.7285754Z [7771/12541] Proxy disimpan: 2691
2025-07-03T19:35:18.7640709Z [7778/12541] Proxy disimpan: 2692
2025-07-03T19:35:18.7898847Z [7782/12541] Proxy disimpan: 2693
2025-07-03T19:35:18.8009468Z [7783/12541] Proxy disimpan: 2694
2025-07-03T19:35:18.8076283Z [7784/12541] Proxy disimpan: 2695
2025-07-03T19:35:18.8301149Z [7785/12541] Proxy disimpan: 2696
2025-07-03T19:35:18.8420526Z [7786/12541] Proxy disimpan: 2697
2025-07-03T19:35:18.9061440Z [7763/12541] Proxy disimpan: 2698
2025-07-03T19:35:18.9080848Z [7788/12541] Proxy disimpan: 2699
2025-07-03T19:35:18.9429173Z [7790/12541] Proxy disimpan: 2700
2025-07-03T19:35:19.0246279Z [7793/12541] Proxy disimpan: 2701
2025-07-03T19:35:19.0378108Z [7797/12541] Proxy disimpan: 2702
2025-07-03T19:35:19.0398133Z [7798/12541] Proxy disimpan: 2703
2025-07-03T19:35:19.1158035Z [7804/12541] Proxy disimpan: 2704
2025-07-03T19:35:19.1346194Z [7803/12541] Proxy disimpan: 2705
2025-07-03T19:35:19.1570928Z [7808/12541] Proxy disimpan: 2706
2025-07-03T19:35:19.1876400Z [7811/12541] Proxy disimpan: 2707
2025-07-03T19:35:19.2463223Z [7812/12541] Proxy disimpan: 2708
2025-07-03T19:35:19.2628753Z [7817/12541] Proxy disimpan: 2709
2025-07-03T19:35:19.2747984Z [7818/12541] Proxy disimpan: 2710
2025-07-03T19:35:19.2749398Z [7816/12541] Proxy disimpan: 2711
2025-07-03T19:35:19.2799852Z [7819/12541] Proxy disimpan: 2712
2025-07-03T19:35:19.3203853Z [7802/12541] Proxy disimpan: 2713
2025-07-03T19:35:19.3390478Z [7823/12541] Proxy disimpan: 2714
2025-07-03T19:35:19.3408137Z [7824/12541] Proxy disimpan: 2715
2025-07-03T19:35:19.3452721Z [7825/12541] Proxy disimpan: 2716
2025-07-03T19:35:19.3485286Z [7826/12541] Proxy disimpan: 2717
2025-07-03T19:35:19.3995819Z [7828/12541] Proxy disimpan: 2718
2025-07-03T19:35:19.5173472Z [7833/12541] Proxy disimpan: 2719
2025-07-03T19:35:19.5425536Z [7838/12541] Proxy disimpan: 2720
2025-07-03T19:35:19.5503118Z [7835/12541] Proxy disimpan: 2721
2025-07-03T19:35:19.5601482Z [7840/12541] Proxy disimpan: 2722
2025-07-03T19:35:19.5674968Z [7837/12541] Proxy disimpan: 2723
2025-07-03T19:35:19.5784946Z [7839/12541] Proxy disimpan: 2724
2025-07-03T19:35:19.6102641Z [7842/12541] Proxy disimpan: 2725
2025-07-03T19:35:19.6131013Z [7845/12541] Proxy disimpan: 2726
2025-07-03T19:35:19.6492703Z [7846/12541] Proxy disimpan: 2727
2025-07-03T19:35:19.6654279Z [7847/12541] Proxy disimpan: 2728
2025-07-03T19:35:19.6758377Z [7849/12541] Proxy disimpan: 2729
2025-07-03T19:35:19.6822095Z [7848/12541] Proxy disimpan: 2730
2025-07-03T19:35:19.7004445Z [7850/12541] Proxy disimpan: 2731
2025-07-03T19:35:19.7501070Z [7853/12541] Proxy disimpan: 2732
2025-07-03T19:35:19.7626030Z [7857/12541] Proxy disimpan: 2733
2025-07-03T19:35:19.7805318Z [7860/12541] Proxy disimpan: 2734
2025-07-03T19:35:19.7973963Z [7862/12541] Proxy disimpan: 2735
2025-07-03T19:35:19.8284559Z [7865/12541] Proxy disimpan: 2736
2025-07-03T19:35:19.8463468Z [7866/12541] Proxy disimpan: 2737
2025-07-03T19:35:19.8552179Z [7867/12541] Proxy disimpan: 2738
2025-07-03T19:35:19.9113179Z [7874/12541] Proxy disimpan: 2739
2025-07-03T19:35:19.9113870Z [7872/12541] Proxy disimpan: 2740
2025-07-03T19:35:19.9163189Z [7869/12541] Proxy disimpan: 2741
2025-07-03T19:35:19.9216676Z [7871/12541] Proxy disimpan: 2742
2025-07-03T19:35:19.9592284Z [7876/12541] Proxy disimpan: 2743
2025-07-03T19:35:19.9953498Z [7878/12541] Proxy disimpan: 2744
2025-07-03T19:35:20.0011562Z [7880/12541] Proxy disimpan: 2745
2025-07-03T19:35:20.0244890Z [7882/12541] Proxy disimpan: 2746
2025-07-03T19:35:20.0573121Z [7888/12541] Proxy disimpan: 2747
2025-07-03T19:35:20.1002064Z [7889/12541] Proxy disimpan: 2748
2025-07-03T19:35:20.1041913Z [7896/12541] Proxy disimpan: 2749
2025-07-03T19:35:20.1192431Z [7895/12541] Proxy disimpan: 2750
2025-07-03T19:35:20.1212326Z [7894/12541] Proxy disimpan: 2751
2025-07-03T19:35:20.1480239Z [7901/12541] Proxy disimpan: 2752
2025-07-03T19:35:20.1717585Z [7904/12541] Proxy disimpan: 2753
2025-07-03T19:35:20.1820093Z [7908/12541] Proxy disimpan: 2754
2025-07-03T19:35:20.1853404Z [7906/12541] Proxy disimpan: 2755
2025-07-03T19:35:20.1893229Z [7909/12541] Proxy disimpan: 2756
2025-07-03T19:35:20.1920916Z [7907/12541] Proxy disimpan: 2757
2025-07-03T19:35:20.2124330Z [7910/12541] Proxy disimpan: 2758
2025-07-03T19:35:20.2481762Z [7912/12541] Proxy disimpan: 2759
2025-07-03T19:35:20.2531443Z [7897/12541] Proxy disimpan: 2760
2025-07-03T19:35:20.2674806Z [7914/12541] Proxy disimpan: 2761
2025-07-03T19:35:20.2839948Z [7913/12541] Proxy disimpan: 2762
2025-07-03T19:35:20.2857888Z [7916/12541] Proxy disimpan: 2763
2025-07-03T19:35:20.2875628Z [7899/12541] Proxy disimpan: 2764
2025-07-03T19:35:20.2997192Z [7918/12541] Proxy disimpan: 2765
2025-07-03T19:35:20.3203565Z [7921/12541] Proxy disimpan: 2766
2025-07-03T19:35:20.3323014Z [7923/12541] Proxy disimpan: 2767
2025-07-03T19:35:20.3456677Z [7925/12541] Proxy disimpan: 2768
2025-07-03T19:35:20.3637110Z [7926/12541] Proxy disimpan: 2769
2025-07-03T19:35:20.4630049Z [7935/12541] Proxy disimpan: 2770
2025-07-03T19:35:20.4650486Z [7936/12541] Proxy disimpan: 2771
2025-07-03T19:35:20.4667525Z [7809/12541] Proxy disimpan: 2772
2025-07-03T19:35:20.4935409Z [7962/12541] Proxy disimpan: 2773
2025-07-03T19:35:20.5393468Z [7938/12541] Proxy disimpan: 2774
2025-07-03T19:35:20.5473193Z [7947/12541] Proxy disimpan: 2775
2025-07-03T19:35:20.5901120Z [7948/12541] Proxy disimpan: 2776
2025-07-03T19:35:20.6102513Z [7951/12541] Proxy disimpan: 2777
2025-07-03T19:35:20.6365433Z [7954/12541] Proxy disimpan: 2778
2025-07-03T19:35:20.6402624Z [7931/12541] Proxy disimpan: 2779
2025-07-03T19:35:20.6420956Z [7933/12541] Proxy disimpan: 2780
2025-07-03T19:35:20.7275437Z [7937/12541] Proxy disimpan: 2781
2025-07-03T19:35:20.7752484Z [7960/12541] Proxy disimpan: 2782
2025-07-03T19:35:20.8229995Z [7969/12541] Proxy disimpan: 2783
2025-07-03T19:35:20.8248659Z [7964/12541] Proxy disimpan: 2784
2025-07-03T19:35:20.8253891Z [7967/12541] Proxy disimpan: 2785
2025-07-03T19:35:20.8535772Z [7963/12541] Proxy disimpan: 2786
2025-07-03T19:35:20.8775245Z [7945/12541] Proxy disimpan: 2787
2025-07-03T19:35:20.8794792Z [7944/12541] Proxy disimpan: 2788
2025-07-03T19:35:20.8904880Z [7972/12541] Proxy disimpan: 2789
2025-07-03T19:35:20.8941056Z [7975/12541] Proxy disimpan: 2790
2025-07-03T19:35:20.9096997Z [7971/12541] Proxy disimpan: 2791
2025-07-03T19:35:20.9226129Z [7965/12541] Proxy disimpan: 2792
2025-07-03T19:35:21.0269232Z [7978/12541] Proxy disimpan: 2793
2025-07-03T19:35:21.0286238Z [7949/12541] Proxy disimpan: 2794
2025-07-03T19:35:21.0324370Z [7988/12541] Proxy disimpan: 2795
2025-07-03T19:35:21.0387699Z [7983/12541] Proxy disimpan: 2796
2025-07-03T19:35:21.0388860Z [7982/12541] Proxy disimpan: 2797
2025-07-03T19:35:21.0651745Z [7984/12541] Proxy disimpan: 2798
2025-07-03T19:35:21.0670926Z [7980/12541] Proxy disimpan: 2799
2025-07-03T19:35:21.1039983Z [7990/12541] Proxy disimpan: 2800
2025-07-03T19:35:21.1162852Z [7993/12541] Proxy disimpan: 2801
2025-07-03T19:35:21.1219424Z [8017/12541] Proxy disimpan: 2802
2025-07-03T19:35:21.1718765Z [7994/12541] Proxy disimpan: 2803
2025-07-03T19:35:21.1741080Z [8016/12541] Proxy disimpan: 2804
2025-07-03T19:35:21.2146967Z [7995/12541] Proxy disimpan: 2805
2025-07-03T19:35:21.3368326Z [8004/12541] Proxy disimpan: 2806
2025-07-03T19:35:21.4757086Z [8029/12541] Proxy disimpan: 2807
2025-07-03T19:35:21.5186658Z [8031/12541] Proxy disimpan: 2808
2025-07-03T19:35:21.5625523Z [8035/12541] Proxy disimpan: 2809
2025-07-03T19:35:21.5693193Z [8036/12541] Proxy disimpan: 2810
2025-07-03T19:35:21.6146320Z [8025/12541] Proxy disimpan: 2811
2025-07-03T19:35:21.6151004Z [8032/12541] Proxy disimpan: 2812
2025-07-03T19:35:21.6288981Z [8033/12541] Proxy disimpan: 2813
2025-07-03T19:35:21.6411827Z [8042/12541] Proxy disimpan: 2814
2025-07-03T19:35:21.6602016Z [8043/12541] Proxy disimpan: 2815
2025-07-03T19:35:21.6780970Z [8041/12541] Proxy disimpan: 2816
2025-07-03T19:35:21.6980998Z [8047/12541] Proxy disimpan: 2817
2025-07-03T19:35:21.7372138Z [8011/12541] Proxy disimpan: 2818
2025-07-03T19:35:21.7523808Z [8040/12541] Proxy disimpan: 2819
2025-07-03T19:35:21.7556612Z [8012/12541] Proxy disimpan: 2820
2025-07-03T19:35:21.7558002Z [8039/12541] Proxy disimpan: 2821
2025-07-03T19:35:21.7718057Z [8049/12541] Proxy disimpan: 2822
2025-07-03T19:35:21.7812165Z [8045/12541] Proxy disimpan: 2823
2025-07-03T19:35:21.8152513Z [8050/12541] Proxy disimpan: 2824
2025-07-03T19:35:21.8570546Z [8051/12541] Proxy disimpan: 2825
2025-07-03T19:35:21.8883422Z [7934/12541] Proxy disimpan: 2826
2025-07-03T19:35:21.9301341Z [8052/12541] Proxy disimpan: 2827
2025-07-03T19:35:21.9783065Z [8054/12541] Proxy disimpan: 2828
2025-07-03T19:35:22.1460526Z [8061/12541] Proxy disimpan: 2829
2025-07-03T19:35:22.1583129Z [8065/12541] Proxy disimpan: 2830
2025-07-03T19:35:22.1599542Z [8066/12541] Proxy disimpan: 2831
2025-07-03T19:35:22.1611406Z [8064/12541] Proxy disimpan: 2832
2025-07-03T19:35:22.1812709Z [8056/12541] Proxy disimpan: 2833
2025-07-03T19:35:22.1902967Z [8073/12541] Proxy disimpan: 2834
2025-07-03T19:35:22.2053064Z [8072/12541] Proxy disimpan: 2835
2025-07-03T19:35:22.2210031Z [8076/12541] Proxy disimpan: 2836
2025-07-03T19:35:22.2332219Z [8067/12541] Proxy disimpan: 2837
2025-07-03T19:35:22.2553886Z [8070/12541] Proxy disimpan: 2838
2025-07-03T19:35:22.2587370Z [8082/12541] Proxy disimpan: 2839
2025-07-03T19:35:22.2614525Z [8053/12541] Proxy disimpan: 2840
2025-07-03T19:35:22.2913330Z [8084/12541] Proxy disimpan: 2841
2025-07-03T19:35:22.3006479Z [8089/12541] Proxy disimpan: 2842
2025-07-03T19:35:22.3035403Z [8080/12541] Proxy disimpan: 2843
2025-07-03T19:35:22.3153936Z [8083/12541] Proxy disimpan: 2844
2025-07-03T19:35:22.3364746Z [8038/12541] Proxy disimpan: 2845
2025-07-03T19:35:22.3369788Z [8090/12541] Proxy disimpan: 2846
2025-07-03T19:35:22.3432878Z [8085/12541] Proxy disimpan: 2847
2025-07-03T19:35:22.3449812Z [8069/12541] Proxy disimpan: 2848
2025-07-03T19:35:22.3527143Z [8087/12541] Proxy disimpan: 2849
2025-07-03T19:35:22.3651916Z [8093/12541] Proxy disimpan: 2850
2025-07-03T19:35:22.3670760Z [8074/12541] Proxy disimpan: 2851
2025-07-03T19:35:22.3745300Z [8091/12541] Proxy disimpan: 2852
2025-07-03T19:35:22.3747534Z [8058/12541] Proxy disimpan: 2853
2025-07-03T19:35:22.3934658Z [8086/12541] Proxy disimpan: 2854
2025-07-03T19:35:22.4086954Z [8096/12541] Proxy disimpan: 2855
2025-07-03T19:35:22.4219460Z [8097/12541] Proxy disimpan: 2856
2025-07-03T19:35:22.4311531Z [8092/12541] Proxy disimpan: 2857
2025-07-03T19:35:22.5056209Z [8106/12541] Proxy disimpan: 2858
2025-07-03T19:35:22.5259073Z [8104/12541] Proxy disimpan: 2859
2025-07-03T19:35:22.5756099Z [8108/12541] Proxy disimpan: 2860
2025-07-03T19:35:22.5790894Z [8109/12541] Proxy disimpan: 2861
2025-07-03T19:35:22.5847887Z [8115/12541] Proxy disimpan: 2862
2025-07-03T19:35:22.6238384Z [8118/12541] Proxy disimpan: 2863
2025-07-03T19:35:22.6374263Z [8120/12541] Proxy disimpan: 2864
2025-07-03T19:35:22.6468375Z [8122/12541] Proxy disimpan: 2865
2025-07-03T19:35:22.6497386Z [8124/12541] Proxy disimpan: 2866
2025-07-03T19:35:22.6779553Z [8116/12541] Proxy disimpan: 2867
2025-07-03T19:35:22.6824757Z [8126/12541] Proxy disimpan: 2868
2025-07-03T19:35:22.6861038Z [8127/12541] Proxy disimpan: 2869
2025-07-03T19:35:22.7060354Z [8129/12541] Proxy disimpan: 2870
2025-07-03T19:35:22.7287667Z [8131/12541] Proxy disimpan: 2871
2025-07-03T19:35:22.7501526Z [8136/12541] Proxy disimpan: 2872
2025-07-03T19:35:22.7712440Z [8134/12541] Proxy disimpan: 2873
2025-07-03T19:35:22.7759354Z [8142/12541] Proxy disimpan: 2874
2025-07-03T19:35:22.7777183Z [8140/12541] Proxy disimpan: 2875
2025-07-03T19:35:22.7834988Z [8135/12541] Proxy disimpan: 2876
2025-07-03T19:35:22.7867504Z [8137/12541] Proxy disimpan: 2877
2025-07-03T19:35:22.7869274Z [8144/12541] Proxy disimpan: 2878
2025-07-03T19:35:22.7964533Z [8138/12541] Proxy disimpan: 2879
2025-07-03T19:35:22.8094249Z [8145/12541] Proxy disimpan: 2880
2025-07-03T19:35:22.8307434Z [8149/12541] Proxy disimpan: 2881
2025-07-03T19:35:22.8965894Z [8150/12541] Proxy disimpan: 2882
2025-07-03T19:35:22.8985263Z [8154/12541] Proxy disimpan: 2883
2025-07-03T19:35:22.9083209Z [8155/12541] Proxy disimpan: 2884
2025-07-03T19:35:22.9826976Z [8160/12541] Proxy disimpan: 2885
2025-07-03T19:35:22.9900236Z [8158/12541] Proxy disimpan: 2886
2025-07-03T19:35:22.9991745Z [8156/12541] Proxy disimpan: 2887
2025-07-03T19:35:23.0037922Z [8162/12541] Proxy disimpan: 2888
2025-07-03T19:35:23.0307268Z [8159/12541] Proxy disimpan: 2889
2025-07-03T19:35:23.0348890Z [8161/12541] Proxy disimpan: 2890
2025-07-03T19:35:23.0379842Z [8132/12541] Proxy disimpan: 2891
2025-07-03T19:35:23.0750234Z [8163/12541] Proxy disimpan: 2892
2025-07-03T19:35:23.0772916Z [8167/12541] Proxy disimpan: 2893
2025-07-03T19:35:23.1014629Z [8164/12541] Proxy disimpan: 2894
2025-07-03T19:35:23.1294413Z [8169/12541] Proxy disimpan: 2895
2025-07-03T19:35:23.1854142Z [8176/12541] Proxy disimpan: 2896
2025-07-03T19:35:23.2289280Z [8181/12541] Proxy disimpan: 2897
2025-07-03T19:35:23.2425078Z [8182/12541] Proxy disimpan: 2898
2025-07-03T19:35:23.2456955Z [8185/12541] Proxy disimpan: 2899
2025-07-03T19:35:23.2603777Z [8180/12541] Proxy disimpan: 2900
2025-07-03T19:35:23.2748803Z [8178/12541] Proxy disimpan: 2901
2025-07-03T19:35:23.3034680Z [8152/12541] Proxy disimpan: 2902
2025-07-03T19:35:23.3190198Z [8189/12541] Proxy disimpan: 2903
2025-07-03T19:35:23.3467966Z [8113/12541] Proxy disimpan: 2904
2025-07-03T19:35:23.3511892Z [8184/12541] Proxy disimpan: 2905
2025-07-03T19:35:23.3946079Z [8192/12541] Proxy disimpan: 2906
2025-07-03T19:35:23.4170637Z [8191/12541] Proxy disimpan: 2907
2025-07-03T19:35:23.4249990Z [8195/12541] Proxy disimpan: 2908
2025-07-03T19:35:23.4377815Z [8198/12541] Proxy disimpan: 2909
2025-07-03T19:35:23.4566524Z [8199/12541] Proxy disimpan: 2910
2025-07-03T19:35:23.4680084Z [8202/12541] Proxy disimpan: 2911
2025-07-03T19:35:23.4944479Z [8203/12541] Proxy disimpan: 2912
2025-07-03T19:35:23.5038354Z [8194/12541] Proxy disimpan: 2913
2025-07-03T19:35:23.5066358Z [8133/12541] Proxy disimpan: 2914
2025-07-03T19:35:23.5173527Z [8206/12541] Proxy disimpan: 2915
2025-07-03T19:35:23.5389013Z [8207/12541] Proxy disimpan: 2916
2025-07-03T19:35:23.5539426Z [8187/12541] Proxy disimpan: 2917
2025-07-03T19:35:23.5597441Z [8210/12541] Proxy disimpan: 2918
2025-07-03T19:35:23.5882566Z [8211/12541] Proxy disimpan: 2919
2025-07-03T19:35:23.6220800Z [8208/12541] Proxy disimpan: 2920
2025-07-03T19:35:23.6656419Z [8216/12541] Proxy disimpan: 2921
2025-07-03T19:35:23.7059190Z [8220/12541] Proxy disimpan: 2922
2025-07-03T19:35:23.7109742Z [8222/12541] Proxy disimpan: 2923
2025-07-03T19:35:23.7204669Z [8221/12541] Proxy disimpan: 2924
2025-07-03T19:35:23.7241490Z [8217/12541] Proxy disimpan: 2925
2025-07-03T19:35:23.7323087Z [8219/12541] Proxy disimpan: 2926
2025-07-03T19:35:23.7346359Z [8225/12541] Proxy disimpan: 2927
2025-07-03T19:35:23.7524637Z [8226/12541] Proxy disimpan: 2928
2025-07-03T19:35:23.7691531Z [8228/12541] Proxy disimpan: 2929
2025-07-03T19:35:23.7791808Z [8230/12541] Proxy disimpan: 2930
2025-07-03T19:35:23.8183650Z [8231/12541] Proxy disimpan: 2931
2025-07-03T19:35:23.8210173Z [8229/12541] Proxy disimpan: 2932
2025-07-03T19:35:23.8410271Z [8233/12541] Proxy disimpan: 2933
2025-07-03T19:35:23.8792989Z [8232/12541] Proxy disimpan: 2934
2025-07-03T19:35:23.9458765Z [8243/12541] Proxy disimpan: 2935
2025-07-03T19:35:23.9500511Z [8239/12541] Proxy disimpan: 2936
2025-07-03T19:35:23.9517862Z [8241/12541] Proxy disimpan: 2937
2025-07-03T19:35:23.9582971Z [8245/12541] Proxy disimpan: 2938
2025-07-03T19:35:23.9692400Z [8237/12541] Proxy disimpan: 2939
2025-07-03T19:35:23.9719725Z [8240/12541] Proxy disimpan: 2940
2025-07-03T19:35:24.0073443Z [8252/12541] Proxy disimpan: 2941
2025-07-03T19:35:24.0297637Z [8246/12541] Proxy disimpan: 2942
2025-07-03T19:35:24.0307638Z [8242/12541] Proxy disimpan: 2943
2025-07-03T19:35:24.0613551Z [8253/12541] Proxy disimpan: 2944
2025-07-03T19:35:24.0740503Z [8238/12541] Proxy disimpan: 2945
2025-07-03T19:35:24.0872730Z [8251/12541] Proxy disimpan: 2946
2025-07-03T19:35:24.1478015Z [8260/12541] Proxy disimpan: 2947
2025-07-03T19:35:24.1565613Z [8218/12541] Proxy disimpan: 2948
2025-07-03T19:35:24.1779421Z [8256/12541] Proxy disimpan: 2949
2025-07-03T19:35:24.1816785Z [8257/12541] Proxy disimpan: 2950
2025-07-03T19:35:24.2116951Z [8261/12541] Proxy disimpan: 2951
2025-07-03T19:35:24.2404681Z [8269/12541] Proxy disimpan: 2952
2025-07-03T19:35:24.2533681Z [8271/12541] Proxy disimpan: 2953
2025-07-03T19:35:24.2728956Z [8270/12541] Proxy disimpan: 2954
2025-07-03T19:35:24.2792472Z [8272/12541] Proxy disimpan: 2955
2025-07-03T19:35:24.2905562Z [8266/12541] Proxy disimpan: 2956
2025-07-03T19:35:24.3083421Z [8273/12541] Proxy disimpan: 2957
2025-07-03T19:35:24.3177631Z [8275/12541] Proxy disimpan: 2958
2025-07-03T19:35:24.3274255Z [8274/12541] Proxy disimpan: 2959
2025-07-03T19:35:24.3504750Z [8276/12541] Proxy disimpan: 2960
2025-07-03T19:35:24.3791056Z [8280/12541] Proxy disimpan: 2961
2025-07-03T19:35:24.4061791Z [8282/12541] Proxy disimpan: 2962
2025-07-03T19:35:24.4376898Z [8283/12541] Proxy disimpan: 2963
2025-07-03T19:35:24.4697140Z [8277/12541] Proxy disimpan: 2964
2025-07-03T19:35:24.4838751Z [8287/12541] Proxy disimpan: 2965
2025-07-03T19:35:24.4941387Z [8268/12541] Proxy disimpan: 2966
2025-07-03T19:35:24.5077572Z [8284/12541] Proxy disimpan: 2967
2025-07-03T19:35:24.5106680Z [8244/12541] Proxy disimpan: 2968
2025-07-03T19:35:24.5443845Z [8290/12541] Proxy disimpan: 2969
2025-07-03T19:35:24.5637899Z [8289/12541] Proxy disimpan: 2970
2025-07-03T19:35:24.6115539Z [8299/12541] Proxy disimpan: 2971
2025-07-03T19:35:24.6135479Z [8298/12541] Proxy disimpan: 2972
2025-07-03T19:35:24.6287537Z [8294/12541] Proxy disimpan: 2973
2025-07-03T19:35:24.6323295Z [8297/12541] Proxy disimpan: 2974
2025-07-03T19:35:24.6690672Z [8304/12541] Proxy disimpan: 2975
2025-07-03T19:35:24.6762988Z [8301/12541] Proxy disimpan: 2976
2025-07-03T19:35:24.6844732Z [8296/12541] Proxy disimpan: 2977
2025-07-03T19:35:24.6897809Z [8303/12541] Proxy disimpan: 2978
2025-07-03T19:35:24.7025999Z [8309/12541] Proxy disimpan: 2979
2025-07-03T19:35:24.7188127Z [8310/12541] Proxy disimpan: 2980
2025-07-03T19:35:24.7253671Z [8313/12541] Proxy disimpan: 2981
2025-07-03T19:35:24.7271698Z [8305/12541] Proxy disimpan: 2982
2025-07-03T19:35:24.7293099Z [8307/12541] Proxy disimpan: 2983
2025-07-03T19:35:24.7662728Z [8316/12541] Proxy disimpan: 2984
2025-07-03T19:35:24.7862980Z [8288/12541] Proxy disimpan: 2985
2025-07-03T19:35:24.7986443Z [8317/12541] Proxy disimpan: 2986
2025-07-03T19:35:24.8510323Z [8320/12541] Proxy disimpan: 2987
2025-07-03T19:35:24.8773529Z [8321/12541] Proxy disimpan: 2988
2025-07-03T19:35:24.9031784Z [8322/12541] Proxy disimpan: 2989
2025-07-03T19:35:24.9321693Z [8324/12541] Proxy disimpan: 2990
2025-07-03T19:35:24.9394472Z [8319/12541] Proxy disimpan: 2991
2025-07-03T19:35:24.9889010Z [8327/12541] Proxy disimpan: 2992
2025-07-03T19:35:24.9919203Z [8328/12541] Proxy disimpan: 2993
2025-07-03T19:35:24.9937068Z [8329/12541] Proxy disimpan: 2994
2025-07-03T19:35:24.9939115Z [8326/12541] Proxy disimpan: 2995
2025-07-03T19:35:25.0582359Z [8334/12541] Proxy disimpan: 2996
2025-07-03T19:35:25.0728363Z [8312/12541] Proxy disimpan: 2997
2025-07-03T19:35:25.0869125Z [8300/12541] Proxy disimpan: 2998
2025-07-03T19:35:25.1331291Z [8330/12541] Proxy disimpan: 2999
2025-07-03T19:35:25.1417913Z [8340/12541] Proxy disimpan: 3000
2025-07-03T19:35:25.1454855Z [8333/12541] Proxy disimpan: 3001
2025-07-03T19:35:25.1685000Z [8348/12541] Proxy disimpan: 3002
2025-07-03T19:35:25.1714631Z [8345/12541] Proxy disimpan: 3003
2025-07-03T19:35:25.1840720Z [8347/12541] Proxy disimpan: 3004
2025-07-03T19:35:25.2051976Z [8346/12541] Proxy disimpan: 3005
2025-07-03T19:35:25.2138311Z [8350/12541] Proxy disimpan: 3006
2025-07-03T19:35:25.2343845Z [8351/12541] Proxy disimpan: 3007
2025-07-03T19:35:25.2652368Z [8349/12541] Proxy disimpan: 3008
2025-07-03T19:35:25.3100779Z [8357/12541] Proxy disimpan: 3009
2025-07-03T19:35:25.3287266Z [8353/12541] Proxy disimpan: 3010
2025-07-03T19:35:25.3327865Z [8355/12541] Proxy disimpan: 3011
2025-07-03T19:35:25.3391333Z [8354/12541] Proxy disimpan: 3012
2025-07-03T19:35:25.3687177Z [8361/12541] Proxy disimpan: 3013
2025-07-03T19:35:25.3894625Z [8336/12541] Proxy disimpan: 3014
2025-07-03T19:35:25.4058740Z [8362/12541] Proxy disimpan: 3015
2025-07-03T19:35:25.4255831Z [8366/12541] Proxy disimpan: 3016
2025-07-03T19:35:25.4526189Z [8367/12541] Proxy disimpan: 3017
2025-07-03T19:35:25.4559042Z [8365/12541] Proxy disimpan: 3018
2025-07-03T19:35:25.4577895Z [8368/12541] Proxy disimpan: 3019
2025-07-03T19:35:25.4681258Z [8369/12541] Proxy disimpan: 3020
2025-07-03T19:35:25.5052276Z [8370/12541] Proxy disimpan: 3021
2025-07-03T19:35:25.5617320Z [8373/12541] Proxy disimpan: 3022
2025-07-03T19:35:25.6059089Z [8377/12541] Proxy disimpan: 3023
2025-07-03T19:35:25.6276715Z [8383/12541] Proxy disimpan: 3024
2025-07-03T19:35:25.6432839Z [8358/12541] Proxy disimpan: 3025
2025-07-03T19:35:25.6517289Z [8342/12541] Proxy disimpan: 3026
2025-07-03T19:35:25.6581475Z [8390/12541] Proxy disimpan: 3027
2025-07-03T19:35:25.6583511Z [8386/12541] Proxy disimpan: 3028
2025-07-03T19:35:25.6722143Z [8380/12541] Proxy disimpan: 3029
2025-07-03T19:35:25.6998956Z [8393/12541] Proxy disimpan: 3030
2025-07-03T19:35:25.7799463Z [8397/12541] Proxy disimpan: 3031
2025-07-03T19:35:25.8029826Z [8396/12541] Proxy disimpan: 3032
2025-07-03T19:35:25.8170624Z [8402/12541] Proxy disimpan: 3033
2025-07-03T19:35:25.8324993Z [8401/12541] Proxy disimpan: 3034
2025-07-03T19:35:25.8475832Z [8403/12541] Proxy disimpan: 3035
2025-07-03T19:35:25.8646111Z [8404/12541] Proxy disimpan: 3036
2025-07-03T19:35:25.8876281Z [8406/12541] Proxy disimpan: 3037
2025-07-03T19:35:25.8928114Z [8408/12541] Proxy disimpan: 3038
2025-07-03T19:35:25.8991885Z [8407/12541] Proxy disimpan: 3039
2025-07-03T19:35:25.9010005Z [8378/12541] Proxy disimpan: 3040
2025-07-03T19:35:25.9242993Z [8410/12541] Proxy disimpan: 3041
2025-07-03T19:35:25.9243698Z [8384/12541] Proxy disimpan: 3042
2025-07-03T19:35:25.9385971Z [8400/12541] Proxy disimpan: 3043
2025-07-03T19:35:25.9547088Z [8411/12541] Proxy disimpan: 3044
2025-07-03T19:35:26.0106223Z [8412/12541] Proxy disimpan: 3045
2025-07-03T19:35:26.0535190Z [8414/12541] Proxy disimpan: 3046
2025-07-03T19:35:26.0781858Z [8418/12541] Proxy disimpan: 3047
2025-07-03T19:35:26.0851264Z [8416/12541] Proxy disimpan: 3048
2025-07-03T19:35:26.0870254Z [8422/12541] Proxy disimpan: 3049
2025-07-03T19:35:26.0882468Z [8419/12541] Proxy disimpan: 3050
2025-07-03T19:35:26.0913939Z [8420/12541] Proxy disimpan: 3051
2025-07-03T19:35:26.0931440Z [8417/12541] Proxy disimpan: 3052
2025-07-03T19:35:26.1019124Z [8421/12541] Proxy disimpan: 3053
2025-07-03T19:35:26.1049388Z [8423/12541] Proxy disimpan: 3054
2025-07-03T19:35:26.1995443Z [8424/12541] Proxy disimpan: 3055
2025-07-03T19:35:26.2046237Z [8429/12541] Proxy disimpan: 3056
2025-07-03T19:35:26.2436619Z [8431/12541] Proxy disimpan: 3057
2025-07-03T19:35:26.2463899Z [8428/12541] Proxy disimpan: 3058
2025-07-03T19:35:26.2909167Z [8434/12541] Proxy disimpan: 3059
2025-07-03T19:35:26.2923007Z [8438/12541] Proxy disimpan: 3060
2025-07-03T19:35:26.3038070Z [8413/12541] Proxy disimpan: 3061
2025-07-03T19:35:26.3361040Z [8440/12541] Proxy disimpan: 3062
2025-07-03T19:35:26.3423698Z [8437/12541] Proxy disimpan: 3063
2025-07-03T19:35:26.3655051Z [8443/12541] Proxy disimpan: 3064
2025-07-03T19:35:26.3955939Z [8441/12541] Proxy disimpan: 3065
2025-07-03T19:35:26.4185907Z [8445/12541] Proxy disimpan: 3066
2025-07-03T19:35:26.4453387Z [8433/12541] Proxy disimpan: 3067
2025-07-03T19:35:26.4556104Z [8451/12541] Proxy disimpan: 3068
2025-07-03T19:35:26.4706770Z [8448/12541] Proxy disimpan: 3069
2025-07-03T19:35:26.4983758Z [8455/12541] Proxy disimpan: 3070
2025-07-03T19:35:26.5063342Z [8453/12541] Proxy disimpan: 3071
2025-07-03T19:35:26.5122133Z [8457/12541] Proxy disimpan: 3072
2025-07-03T19:35:26.5353102Z [8452/12541] Proxy disimpan: 3073
2025-07-03T19:35:26.6026723Z [8456/12541] Proxy disimpan: 3074
2025-07-03T19:35:26.6393263Z [8468/12541] Proxy disimpan: 3075
2025-07-03T19:35:26.6513890Z [8466/12541] Proxy disimpan: 3076
2025-07-03T19:35:26.6521354Z [8469/12541] Proxy disimpan: 3077
2025-07-03T19:35:26.6699219Z [8471/12541] Proxy disimpan: 3078
2025-07-03T19:35:26.6865365Z [8467/12541] Proxy disimpan: 3079
2025-07-03T19:35:26.7100816Z [8473/12541] Proxy disimpan: 3080
2025-07-03T19:35:26.8078737Z [8481/12541] Proxy disimpan: 3081
2025-07-03T19:35:26.8115023Z [8483/12541] Proxy disimpan: 3082
2025-07-03T19:35:26.8162855Z [8458/12541] Proxy disimpan: 3083
2025-07-03T19:35:26.8197142Z [8454/12541] Proxy disimpan: 3084
2025-07-03T19:35:26.8364586Z [8480/12541] Proxy disimpan: 3085
2025-07-03T19:35:26.8392317Z [8484/12541] Proxy disimpan: 3086
2025-07-03T19:35:26.8541930Z [8479/12541] Proxy disimpan: 3087
2025-07-03T19:35:26.8635910Z [8485/12541] Proxy disimpan: 3088
2025-07-03T19:35:26.8864157Z [8486/12541] Proxy disimpan: 3089
2025-07-03T19:35:26.9099271Z [8487/12541] Proxy disimpan: 3090
2025-07-03T19:35:26.9407479Z [8489/12541] Proxy disimpan: 3091
2025-07-03T19:35:26.9656319Z [8488/12541] Proxy disimpan: 3092
2025-07-03T19:35:26.9981099Z [8491/12541] Proxy disimpan: 3093
2025-07-03T19:35:27.0211715Z [8493/12541] Proxy disimpan: 3094
2025-07-03T19:35:27.0595064Z [8498/12541] Proxy disimpan: 3095
2025-07-03T19:35:27.0911154Z [8503/12541] Proxy disimpan: 3096
2025-07-03T19:35:27.0988240Z [8496/12541] Proxy disimpan: 3097
2025-07-03T19:35:27.1103760Z [8501/12541] Proxy disimpan: 3098
2025-07-03T19:35:27.1278799Z [8499/12541] Proxy disimpan: 3099
2025-07-03T19:35:27.1352230Z [8502/12541] Proxy disimpan: 3100
2025-07-03T19:35:27.1430750Z [8506/12541] Proxy disimpan: 3101
2025-07-03T19:35:27.2434478Z [8512/12541] Proxy disimpan: 3102
2025-07-03T19:35:27.2453093Z [8509/12541] Proxy disimpan: 3103
2025-07-03T19:35:27.2501090Z [8513/12541] Proxy disimpan: 3104
2025-07-03T19:35:27.2604979Z [8492/12541] Proxy disimpan: 3105
2025-07-03T19:35:27.2733029Z [8510/12541] Proxy disimpan: 3106
2025-07-03T19:35:27.2764206Z [8515/12541] Proxy disimpan: 3107
2025-07-03T19:35:27.2891034Z [8516/12541] Proxy disimpan: 3108
2025-07-03T19:35:27.2980821Z [8514/12541] Proxy disimpan: 3109
2025-07-03T19:35:27.3241032Z [8519/12541] Proxy disimpan: 3110
2025-07-03T19:35:27.3761809Z [8520/12541] Proxy disimpan: 3111
2025-07-03T19:35:27.3836595Z [8517/12541] Proxy disimpan: 3112
2025-07-03T19:35:27.3933811Z [8521/12541] Proxy disimpan: 3113
2025-07-03T19:35:27.4061895Z [8523/12541] Proxy disimpan: 3114
2025-07-03T19:35:27.4082222Z [8465/12541] Proxy disimpan: 3115
2025-07-03T19:35:27.4099796Z [8522/12541] Proxy disimpan: 3116
2025-07-03T19:35:27.4182157Z [8526/12541] Proxy disimpan: 3117
2025-07-03T19:35:27.4229905Z [8524/12541] Proxy disimpan: 3118
2025-07-03T19:35:27.4335678Z [8527/12541] Proxy disimpan: 3119
2025-07-03T19:35:27.4703710Z [8530/12541] Proxy disimpan: 3120
2025-07-03T19:35:27.5082667Z [8376/12541] Proxy disimpan: 3121
2025-07-03T19:35:27.5144944Z [8382/12541] Proxy disimpan: 3122
2025-07-03T19:35:27.5178145Z [8392/12541] Proxy disimpan: 3123
2025-07-03T19:35:27.5250272Z [8385/12541] Proxy disimpan: 3124
2025-07-03T19:35:27.5295407Z [8381/12541] Proxy disimpan: 3125
2025-07-03T19:35:27.5360150Z [8504/12541] Proxy disimpan: 3126
2025-07-03T19:35:27.5463603Z [8374/12541] Proxy disimpan: 3127
2025-07-03T19:35:27.5575960Z [8535/12541] Proxy disimpan: 3128
2025-07-03T19:35:27.5722315Z [8528/12541] Proxy disimpan: 3129
2025-07-03T19:35:27.5787373Z [8463/12541] Proxy disimpan: 3130
2025-07-03T19:35:27.5817662Z [8537/12541] Proxy disimpan: 3131
2025-07-03T19:35:27.5845374Z [8536/12541] Proxy disimpan: 3132
2025-07-03T19:35:27.6141905Z [8541/12541] Proxy disimpan: 3133
2025-07-03T19:35:27.6187515Z [8534/12541] Proxy disimpan: 3134
2025-07-03T19:35:27.6799108Z [8538/12541] Proxy disimpan: 3135
2025-07-03T19:35:27.7056158Z [8550/12541] Proxy disimpan: 3136
2025-07-03T19:35:27.7147506Z [8551/12541] Proxy disimpan: 3137
2025-07-03T19:35:27.7217224Z [8552/12541] Proxy disimpan: 3138
2025-07-03T19:35:27.7298320Z [8553/12541] Proxy disimpan: 3139
2025-07-03T19:35:27.7577961Z [8545/12541] Proxy disimpan: 3140
2025-07-03T19:35:27.7632938Z [8472/12541] Proxy disimpan: 3141
2025-07-03T19:35:27.7860734Z [8554/12541] Proxy disimpan: 3142
2025-07-03T19:35:27.7878105Z [8555/12541] Proxy disimpan: 3143
2025-07-03T19:35:27.8401667Z [8556/12541] Proxy disimpan: 3144
2025-07-03T19:35:27.8509622Z [8564/12541] Proxy disimpan: 3145
2025-07-03T19:35:27.8539824Z [8563/12541] Proxy disimpan: 3146
2025-07-03T19:35:27.8584870Z [8566/12541] Proxy disimpan: 3147
2025-07-03T19:35:27.8586200Z [8565/12541] Proxy disimpan: 3148
2025-07-03T19:35:27.8783965Z [8557/12541] Proxy disimpan: 3149
2025-07-03T19:35:27.9251109Z [8562/12541] Proxy disimpan: 3150
2025-07-03T19:35:27.9277781Z [8379/12541] Proxy disimpan: 3151
2025-07-03T19:35:27.9392321Z [8568/12541] Proxy disimpan: 3152
2025-07-03T19:35:27.9507832Z [8518/12541] Proxy disimpan: 3153
2025-07-03T19:35:27.9579570Z [8572/12541] Proxy disimpan: 3154
2025-07-03T19:35:27.9744236Z [8573/12541] Proxy disimpan: 3155
2025-07-03T19:35:27.9783383Z [8576/12541] Proxy disimpan: 3156
2025-07-03T19:35:27.9850697Z [8574/12541] Proxy disimpan: 3157
2025-07-03T19:35:28.0037534Z [8582/12541] Proxy disimpan: 3158
2025-07-03T19:35:28.0151354Z [8584/12541] Proxy disimpan: 3159
2025-07-03T19:35:28.0185881Z [8578/12541] Proxy disimpan: 3160
2025-07-03T19:35:28.0263069Z [8588/12541] Proxy disimpan: 3161
2025-07-03T19:35:28.0301768Z [8571/12541] Proxy disimpan: 3162
2025-07-03T19:35:28.0389100Z [8590/12541] Proxy disimpan: 3163
2025-07-03T19:35:28.0509497Z [8585/12541] Proxy disimpan: 3164
2025-07-03T19:35:28.0643411Z [8558/12541] Proxy disimpan: 3165
2025-07-03T19:35:28.0867425Z [8579/12541] Proxy disimpan: 3166
2025-07-03T19:35:28.1111779Z [8595/12541] Proxy disimpan: 3167
2025-07-03T19:35:28.1368336Z [8596/12541] Proxy disimpan: 3168
2025-07-03T19:35:28.1593832Z [8603/12541] Proxy disimpan: 3169
2025-07-03T19:35:28.1602607Z [8594/12541] Proxy disimpan: 3170
2025-07-03T19:35:28.1681052Z [8597/12541] Proxy disimpan: 3171
2025-07-03T19:35:28.2053008Z [8604/12541] Proxy disimpan: 3172
2025-07-03T19:35:28.2138059Z [8600/12541] Proxy disimpan: 3173
2025-07-03T19:35:28.2214565Z [8609/12541] Proxy disimpan: 3174
2025-07-03T19:35:28.2233231Z [8598/12541] Proxy disimpan: 3175
2025-07-03T19:35:28.2283025Z [8607/12541] Proxy disimpan: 3176
2025-07-03T19:35:28.2531772Z [8602/12541] Proxy disimpan: 3177
2025-07-03T19:35:28.2656744Z [8608/12541] Proxy disimpan: 3178
2025-07-03T19:35:28.2721561Z [8612/12541] Proxy disimpan: 3179
2025-07-03T19:35:28.2921297Z [8617/12541] Proxy disimpan: 3180
2025-07-03T19:35:28.2988398Z [8613/12541] Proxy disimpan: 3181
2025-07-03T19:35:28.3062621Z [8591/12541] Proxy disimpan: 3182
2025-07-03T19:35:28.3525830Z [8620/12541] Proxy disimpan: 3183
2025-07-03T19:35:28.3885067Z [8628/12541] Proxy disimpan: 3184
2025-07-03T19:35:28.4020899Z [8618/12541] Proxy disimpan: 3185
2025-07-03T19:35:28.4050780Z [8629/12541] Proxy disimpan: 3186
2025-07-03T19:35:28.4068845Z [8622/12541] Proxy disimpan: 3187
2025-07-03T19:35:28.4105521Z [8623/12541] Proxy disimpan: 3188
2025-07-03T19:35:28.4191775Z [8627/12541] Proxy disimpan: 3189
2025-07-03T19:35:28.4209183Z [8619/12541] Proxy disimpan: 3190
2025-07-03T19:35:28.4228385Z [8624/12541] Proxy disimpan: 3191
2025-07-03T19:35:28.4230409Z [8630/12541] Proxy disimpan: 3192
2025-07-03T19:35:28.4627364Z [8626/12541] Proxy disimpan: 3193
2025-07-03T19:35:28.4649578Z [8631/12541] Proxy disimpan: 3194
2025-07-03T19:35:28.4666774Z [8633/12541] Proxy disimpan: 3195
2025-07-03T19:35:28.4689905Z [8570/12541] Proxy disimpan: 3196
2025-07-03T19:35:28.4797196Z [8636/12541] Proxy disimpan: 3197
2025-07-03T19:35:28.5055556Z [8601/12541] Proxy disimpan: 3198
2025-07-03T19:35:28.5746692Z [8531/12541] Proxy disimpan: 3199
2025-07-03T19:35:28.5890772Z [8632/12541] Proxy disimpan: 3200
2025-07-03T19:35:28.6530519Z [8640/12541] Proxy disimpan: 3201
2025-07-03T19:35:28.6568207Z [8621/12541] Proxy disimpan: 3202
2025-07-03T19:35:28.6598172Z [8439/12541] Proxy disimpan: 3203
2025-07-03T19:35:28.6646059Z [8641/12541] Proxy disimpan: 3204
2025-07-03T19:35:28.6921468Z [8544/12541] Proxy disimpan: 3205
2025-07-03T19:35:28.6992788Z [8643/12541] Proxy disimpan: 3206
2025-07-03T19:35:28.7435278Z [8649/12541] Proxy disimpan: 3207
2025-07-03T19:35:28.7468999Z [8647/12541] Proxy disimpan: 3208
2025-07-03T19:35:28.7614039Z [8646/12541] Proxy disimpan: 3209
2025-07-03T19:35:28.7644959Z [8648/12541] Proxy disimpan: 3210
2025-07-03T19:35:28.7646023Z [8651/12541] Proxy disimpan: 3211
2025-07-03T19:35:28.7951144Z [8653/12541] Proxy disimpan: 3212
2025-07-03T19:35:28.8202801Z [8652/12541] Proxy disimpan: 3213
2025-07-03T19:35:28.8507179Z [8679/12541] Proxy disimpan: 3214
2025-07-03T19:35:28.8553801Z [8660/12541] Proxy disimpan: 3215
2025-07-03T19:35:28.8587605Z [8659/12541] Proxy disimpan: 3216
2025-07-03T19:35:28.8902529Z [8682/12541] Proxy disimpan: 3217
2025-07-03T19:35:28.9023476Z [8667/12541] Proxy disimpan: 3218
2025-07-03T19:35:28.9162422Z [8668/12541] Proxy disimpan: 3219
2025-07-03T19:35:28.9492932Z [8687/12541] Proxy disimpan: 3220
2025-07-03T19:35:28.9619511Z [8670/12541] Proxy disimpan: 3221
2025-07-03T19:35:28.9730049Z [8589/12541] Proxy disimpan: 3222
2025-07-03T19:35:28.9840423Z [8695/12541] Proxy disimpan: 3223
2025-07-03T19:35:28.9857687Z [8694/12541] Proxy disimpan: 3224
2025-07-03T19:35:29.0070234Z [8699/12541] Proxy disimpan: 3225
2025-07-03T19:35:29.0268642Z [8701/12541] Proxy disimpan: 3226
2025-07-03T19:35:29.0350804Z [8678/12541] Proxy disimpan: 3227
2025-07-03T19:35:29.1808413Z [8719/12541] Proxy disimpan: 3228
2025-07-03T19:35:29.1893608Z [8712/12541] Proxy disimpan: 3229
2025-07-03T19:35:29.1921912Z [8716/12541] Proxy disimpan: 3230
2025-07-03T19:35:29.1961802Z [8587/12541] Proxy disimpan: 3231
2025-07-03T19:35:29.1982900Z [8720/12541] Proxy disimpan: 3232
2025-07-03T19:35:29.1990180Z [8723/12541] Proxy disimpan: 3233
2025-07-03T19:35:29.2108932Z [8715/12541] Proxy disimpan: 3234
2025-07-03T19:35:29.2137358Z [8713/12541] Proxy disimpan: 3235
2025-07-03T19:35:29.2332259Z [8709/12541] Proxy disimpan: 3236
2025-07-03T19:35:29.2362971Z [8726/12541] Proxy disimpan: 3237
2025-07-03T19:35:29.2401028Z [8722/12541] Proxy disimpan: 3238
2025-07-03T19:35:29.2418899Z [8714/12541] Proxy disimpan: 3239
2025-07-03T19:35:29.2769521Z [8725/12541] Proxy disimpan: 3240
2025-07-03T19:35:29.2971642Z [8721/12541] Proxy disimpan: 3241
2025-07-03T19:35:29.3025252Z [8733/12541] Proxy disimpan: 3242
2025-07-03T19:35:29.3246324Z [8731/12541] Proxy disimpan: 3243
2025-07-03T19:35:29.3537201Z [8730/12541] Proxy disimpan: 3244
2025-07-03T19:35:29.3920330Z [8739/12541] Proxy disimpan: 3245
2025-07-03T19:35:29.3949557Z [8732/12541] Proxy disimpan: 3246
2025-07-03T19:35:29.4138687Z [8738/12541] Proxy disimpan: 3247
2025-07-03T19:35:29.4242215Z [8742/12541] Proxy disimpan: 3248
2025-07-03T19:35:29.4304144Z [8734/12541] Proxy disimpan: 3249
2025-07-03T19:35:29.4814628Z [8745/12541] Proxy disimpan: 3250
2025-07-03T19:35:29.4986637Z [8735/12541] Proxy disimpan: 3251
2025-07-03T19:35:29.5595939Z [8741/12541] Proxy disimpan: 3252
2025-07-03T19:35:29.6139446Z [8750/12541] Proxy disimpan: 3253
2025-07-03T19:35:29.6141176Z [8748/12541] Proxy disimpan: 3254
2025-07-03T19:35:29.6352014Z [8752/12541] Proxy disimpan: 3255
2025-07-03T19:35:29.6512422Z [8755/12541] Proxy disimpan: 3256
2025-07-03T19:35:29.7542723Z [8758/12541] Proxy disimpan: 3257
2025-07-03T19:35:29.7615077Z [8765/12541] Proxy disimpan: 3258
2025-07-03T19:35:29.7818703Z [8760/12541] Proxy disimpan: 3259
2025-07-03T19:35:29.8403193Z [8771/12541] Proxy disimpan: 3260
2025-07-03T19:35:29.8621720Z [8773/12541] Proxy disimpan: 3261
2025-07-03T19:35:29.8651039Z [8776/12541] Proxy disimpan: 3262
2025-07-03T19:35:29.8668051Z [8775/12541] Proxy disimpan: 3263
2025-07-03T19:35:29.8724501Z [8777/12541] Proxy disimpan: 3264
2025-07-03T19:35:29.9000070Z [8779/12541] Proxy disimpan: 3265
2025-07-03T19:35:29.9036370Z [8778/12541] Proxy disimpan: 3266
2025-07-03T19:35:29.9247723Z [8780/12541] Proxy disimpan: 3267
2025-07-03T19:35:29.9454884Z [8781/12541] Proxy disimpan: 3268
2025-07-03T19:35:29.9696669Z [8782/12541] Proxy disimpan: 3269
2025-07-03T19:35:29.9999042Z [8783/12541] Proxy disimpan: 3270
2025-07-03T19:35:30.0287062Z [8784/12541] Proxy disimpan: 3271
2025-07-03T19:35:30.0372900Z [8785/12541] Proxy disimpan: 3272
2025-07-03T19:35:30.0453593Z [8786/12541] Proxy disimpan: 3273
2025-07-03T19:35:30.0503838Z [8787/12541] Proxy disimpan: 3274
2025-07-03T19:35:30.0914046Z [8788/12541] Proxy disimpan: 3275
2025-07-03T19:35:30.1042091Z [8751/12541] Proxy disimpan: 3276
2025-07-03T19:35:30.1075089Z [8789/12541] Proxy disimpan: 3277
2025-07-03T19:35:30.1176591Z [8790/12541] Proxy disimpan: 3278
2025-07-03T19:35:30.1311625Z [8791/12541] Proxy disimpan: 3279
2025-07-03T19:35:30.1392839Z [8792/12541] Proxy disimpan: 3280
2025-07-03T19:35:30.1684151Z [8793/12541] Proxy disimpan: 3281
2025-07-03T19:35:30.1959732Z [8795/12541] Proxy disimpan: 3282
2025-07-03T19:35:30.2001743Z [8794/12541] Proxy disimpan: 3283
2025-07-03T19:35:30.2093417Z [8796/12541] Proxy disimpan: 3284
2025-07-03T19:35:30.2850181Z [8797/12541] Proxy disimpan: 3285
2025-07-03T19:35:30.3131486Z [8800/12541] Proxy disimpan: 3286
2025-07-03T19:35:30.3293946Z [8803/12541] Proxy disimpan: 3287
2025-07-03T19:35:30.3371244Z [8804/12541] Proxy disimpan: 3288
2025-07-03T19:35:30.3823049Z [8805/12541] Proxy disimpan: 3289
2025-07-03T19:35:30.4390611Z [8810/12541] Proxy disimpan: 3290
2025-07-03T19:35:30.4476172Z [8812/12541] Proxy disimpan: 3291
2025-07-03T19:35:30.4775839Z [8809/12541] Proxy disimpan: 3292
2025-07-03T19:35:30.4825941Z [8815/12541] Proxy disimpan: 3293
2025-07-03T19:35:30.5067426Z [8816/12541] Proxy disimpan: 3294
2025-07-03T19:35:30.5248343Z [8817/12541] Proxy disimpan: 3295
2025-07-03T19:35:30.5273886Z [8820/12541] Proxy disimpan: 3296
2025-07-03T19:35:30.5363403Z [8819/12541] Proxy disimpan: 3297
2025-07-03T19:35:30.5519438Z [8813/12541] Proxy disimpan: 3298
2025-07-03T19:35:30.5977220Z [8811/12541] Proxy disimpan: 3299
2025-07-03T19:35:30.6178611Z [8821/12541] Proxy disimpan: 3300
2025-07-03T19:35:30.6228805Z [8824/12541] Proxy disimpan: 3301
2025-07-03T19:35:30.6498896Z [8830/12541] Proxy disimpan: 3302
2025-07-03T19:35:30.6524872Z [8829/12541] Proxy disimpan: 3303
2025-07-03T19:35:30.6545446Z [8827/12541] Proxy disimpan: 3304
2025-07-03T19:35:30.6554927Z [8818/12541] Proxy disimpan: 3305
2025-07-03T19:35:30.6680946Z [8833/12541] Proxy disimpan: 3306
2025-07-03T19:35:30.7257973Z [8834/12541] Proxy disimpan: 3307
2025-07-03T19:35:30.7268420Z [8836/12541] Proxy disimpan: 3308
2025-07-03T19:35:30.7378211Z [8838/12541] Proxy disimpan: 3309
2025-07-03T19:35:30.7709162Z [8837/12541] Proxy disimpan: 3310
2025-07-03T19:35:30.7860389Z [8841/12541] Proxy disimpan: 3311
2025-07-03T19:35:30.7891659Z [8840/12541] Proxy disimpan: 3312
2025-07-03T19:35:30.8111312Z [8825/12541] Proxy disimpan: 3313
2025-07-03T19:35:30.8280458Z [8843/12541] Proxy disimpan: 3314
2025-07-03T19:35:30.8773106Z [8846/12541] Proxy disimpan: 3315
2025-07-03T19:35:30.8801080Z [8845/12541] Proxy disimpan: 3316
2025-07-03T19:35:30.8832945Z [8848/12541] Proxy disimpan: 3317
2025-07-03T19:35:30.8980938Z [8844/12541] Proxy disimpan: 3318
2025-07-03T19:35:30.9050501Z [8853/12541] Proxy disimpan: 3319
2025-07-03T19:35:30.9398651Z [8849/12541] Proxy disimpan: 3320
2025-07-03T19:35:30.9559301Z [8850/12541] Proxy disimpan: 3321
2025-07-03T19:35:30.9718067Z [8856/12541] Proxy disimpan: 3322
2025-07-03T19:35:30.9774752Z [8855/12541] Proxy disimpan: 3323
2025-07-03T19:35:30.9892312Z [8854/12541] Proxy disimpan: 3324
2025-07-03T19:35:31.0725570Z [8859/12541] Proxy disimpan: 3325
2025-07-03T19:35:31.0848867Z [8867/12541] Proxy disimpan: 3326
2025-07-03T19:35:31.0983224Z [8865/12541] Proxy disimpan: 3327
2025-07-03T19:35:31.1161559Z [8870/12541] Proxy disimpan: 3328
2025-07-03T19:35:31.1238158Z [8864/12541] Proxy disimpan: 3329
2025-07-03T19:35:31.1577021Z [8872/12541] Proxy disimpan: 3330
2025-07-03T19:35:31.1834092Z [8871/12541] Proxy disimpan: 3331
2025-07-03T19:35:31.1921151Z [8868/12541] Proxy disimpan: 3332
2025-07-03T19:35:31.1976350Z [8874/12541] Proxy disimpan: 3333
2025-07-03T19:35:31.2247411Z [8875/12541] Proxy disimpan: 3334
2025-07-03T19:35:31.2269591Z [8876/12541] Proxy disimpan: 3335
2025-07-03T19:35:31.2455268Z [8878/12541] Proxy disimpan: 3336
2025-07-03T19:35:31.2476786Z [8877/12541] Proxy disimpan: 3337
2025-07-03T19:35:31.2649972Z [8873/12541] Proxy disimpan: 3338
2025-07-03T19:35:31.3087706Z [8879/12541] Proxy disimpan: 3339
2025-07-03T19:35:31.3258116Z [8882/12541] Proxy disimpan: 3340
2025-07-03T19:35:31.3278031Z [8883/12541] Proxy disimpan: 3341
2025-07-03T19:35:31.3411098Z [8880/12541] Proxy disimpan: 3342
2025-07-03T19:35:31.3485397Z [8885/12541] Proxy disimpan: 3343
2025-07-03T19:35:31.3618144Z [8886/12541] Proxy disimpan: 3344
2025-07-03T19:35:31.4286947Z [8894/12541] Proxy disimpan: 3345
2025-07-03T19:35:31.4465294Z [8888/12541] Proxy disimpan: 3346
2025-07-03T19:35:31.4717817Z [8891/12541] Proxy disimpan: 3347
2025-07-03T19:35:31.5134621Z [8892/12541] Proxy disimpan: 3348
2025-07-03T19:35:31.5507411Z [8903/12541] Proxy disimpan: 3349
2025-07-03T19:35:31.5664401Z [8904/12541] Proxy disimpan: 3350
2025-07-03T19:35:31.5792830Z [8902/12541] Proxy disimpan: 3351
2025-07-03T19:35:31.5825165Z [8907/12541] Proxy disimpan: 3352
2025-07-03T19:35:31.6146562Z [8899/12541] Proxy disimpan: 3353
2025-07-03T19:35:31.6196918Z [8908/12541] Proxy disimpan: 3354
2025-07-03T19:35:31.6457687Z [8909/12541] Proxy disimpan: 3355
2025-07-03T19:35:31.6878128Z [8916/12541] Proxy disimpan: 3356
2025-07-03T19:35:31.6977122Z [8915/12541] Proxy disimpan: 3357
2025-07-03T19:35:31.7171992Z [8917/12541] Proxy disimpan: 3358
2025-07-03T19:35:31.7806492Z [8921/12541] Proxy disimpan: 3359
2025-07-03T19:35:31.7885266Z [8923/12541] Proxy disimpan: 3360
2025-07-03T19:35:31.7903517Z [8922/12541] Proxy disimpan: 3361
2025-07-03T19:35:31.8055222Z [8925/12541] Proxy disimpan: 3362
2025-07-03T19:35:31.8294016Z [8918/12541] Proxy disimpan: 3363
2025-07-03T19:35:31.8315160Z [8920/12541] Proxy disimpan: 3364
2025-07-03T19:35:31.9007988Z [8913/12541] Proxy disimpan: 3365
2025-07-03T19:35:31.9046171Z [8927/12541] Proxy disimpan: 3366
2025-07-03T19:35:31.9162760Z [8928/12541] Proxy disimpan: 3367
2025-07-03T19:35:31.9236925Z [8901/12541] Proxy disimpan: 3368
2025-07-03T19:35:31.9397234Z [8930/12541] Proxy disimpan: 3369
2025-07-03T19:35:31.9495593Z [8929/12541] Proxy disimpan: 3370
2025-07-03T19:35:31.9778134Z [8931/12541] Proxy disimpan: 3371
2025-07-03T19:35:32.0377254Z [8932/12541] Proxy disimpan: 3372
2025-07-03T19:35:32.0396398Z [8933/12541] Proxy disimpan: 3373
2025-07-03T19:35:32.0790511Z [8940/12541] Proxy disimpan: 3374
2025-07-03T19:35:32.0828140Z [8934/12541] Proxy disimpan: 3375
2025-07-03T19:35:32.1426979Z [8945/12541] Proxy disimpan: 3376
2025-07-03T19:35:32.1661050Z [8936/12541] Proxy disimpan: 3377
2025-07-03T19:35:32.1692077Z [8944/12541] Proxy disimpan: 3378
2025-07-03T19:35:32.2117106Z [8946/12541] Proxy disimpan: 3379
2025-07-03T19:35:32.2147341Z [8949/12541] Proxy disimpan: 3380
2025-07-03T19:35:32.2263263Z [8948/12541] Proxy disimpan: 3381
2025-07-03T19:35:32.2541578Z [8952/12541] Proxy disimpan: 3382
2025-07-03T19:35:32.2913601Z [8951/12541] Proxy disimpan: 3383
2025-07-03T19:35:32.3389855Z [8955/12541] Proxy disimpan: 3384
2025-07-03T19:35:32.3421886Z [8956/12541] Proxy disimpan: 3385
2025-07-03T19:35:32.3441008Z [8958/12541] Proxy disimpan: 3386
2025-07-03T19:35:32.3460712Z [8960/12541] Proxy disimpan: 3387
2025-07-03T19:35:32.3716932Z [8961/12541] Proxy disimpan: 3388
2025-07-03T19:35:32.3847048Z [8963/12541] Proxy disimpan: 3389
2025-07-03T19:35:32.4015292Z [8943/12541] Proxy disimpan: 3390
2025-07-03T19:35:32.4039366Z [8962/12541] Proxy disimpan: 3391
2025-07-03T19:35:32.4864935Z [8965/12541] Proxy disimpan: 3392
2025-07-03T19:35:32.5001913Z [8968/12541] Proxy disimpan: 3393
2025-07-03T19:35:32.5721986Z [8974/12541] Proxy disimpan: 3394
2025-07-03T19:35:32.6006823Z [8969/12541] Proxy disimpan: 3395
2025-07-03T19:35:32.6186221Z [8976/12541] Proxy disimpan: 3396
2025-07-03T19:35:32.6252232Z [8977/12541] Proxy disimpan: 3397
2025-07-03T19:35:32.6257973Z [8978/12541] Proxy disimpan: 3398
2025-07-03T19:35:32.6341136Z [8967/12541] Proxy disimpan: 3399
2025-07-03T19:35:32.6381909Z [8973/12541] Proxy disimpan: 3400
2025-07-03T19:35:32.6506945Z [8972/12541] Proxy disimpan: 3401
2025-07-03T19:35:32.6542863Z [8970/12541] Proxy disimpan: 3402
2025-07-03T19:35:32.6576535Z [8980/12541] Proxy disimpan: 3403
2025-07-03T19:35:32.7018130Z [8981/12541] Proxy disimpan: 3404
2025-07-03T19:35:32.7819609Z [8986/12541] Proxy disimpan: 3405
2025-07-03T19:35:32.8056665Z [8987/12541] Proxy disimpan: 3406
2025-07-03T19:35:32.8330265Z [8990/12541] Proxy disimpan: 3407
2025-07-03T19:35:32.8479648Z [8989/12541] Proxy disimpan: 3408
2025-07-03T19:35:32.8560037Z [8995/12541] Proxy disimpan: 3409
2025-07-03T19:35:33.0087738Z [8996/12541] Proxy disimpan: 3410
2025-07-03T19:35:33.1062411Z [8997/12541] Proxy disimpan: 3411
2025-07-03T19:35:33.1697140Z [9002/12541] Proxy disimpan: 3412
2025-07-03T19:35:33.2035067Z [9003/12541] Proxy disimpan: 3413
2025-07-03T19:35:33.2160353Z [9010/12541] Proxy disimpan: 3414
2025-07-03T19:35:33.2180103Z [9011/12541] Proxy disimpan: 3415
2025-07-03T19:35:33.2209863Z [9012/12541] Proxy disimpan: 3416
2025-07-03T19:35:33.2425712Z [9013/12541] Proxy disimpan: 3417
2025-07-03T19:35:33.2470139Z [9014/12541] Proxy disimpan: 3418
2025-07-03T19:35:33.2754578Z [9016/12541] Proxy disimpan: 3419
2025-07-03T19:35:33.2852011Z [9017/12541] Proxy disimpan: 3420
2025-07-03T19:35:33.3752400Z [9019/12541] Proxy disimpan: 3421
2025-07-03T19:35:33.3832577Z [9024/12541] Proxy disimpan: 3422
2025-07-03T19:35:33.4003087Z [9020/12541] Proxy disimpan: 3423
2025-07-03T19:35:33.4255549Z [9021/12541] Proxy disimpan: 3424
2025-07-03T19:35:33.4302767Z [9023/12541] Proxy disimpan: 3425
2025-07-03T19:35:33.4350419Z [9022/12541] Proxy disimpan: 3426
2025-07-03T19:35:33.5829313Z [9028/12541] Proxy disimpan: 3427
2025-07-03T19:35:33.6699368Z [9027/12541] Proxy disimpan: 3428
2025-07-03T19:35:33.8861903Z [9056/12541] Proxy disimpan: 3429
2025-07-03T19:35:33.8983372Z [9055/12541] Proxy disimpan: 3430
2025-07-03T19:35:33.9003835Z [9057/12541] Proxy disimpan: 3431
2025-07-03T19:35:33.9095493Z [9061/12541] Proxy disimpan: 3432
2025-07-03T19:35:33.9286805Z [9062/12541] Proxy disimpan: 3433
2025-07-03T19:35:33.9326828Z [9059/12541] Proxy disimpan: 3434
2025-07-03T19:35:33.9812475Z [9074/12541] Proxy disimpan: 3435
2025-07-03T19:35:33.9994467Z [9076/12541] Proxy disimpan: 3436
2025-07-03T19:35:34.0149844Z [9080/12541] Proxy disimpan: 3437
2025-07-03T19:35:34.0177506Z [9077/12541] Proxy disimpan: 3438
2025-07-03T19:35:34.0454214Z [9082/12541] Proxy disimpan: 3439
2025-07-03T19:35:34.0472206Z [9078/12541] Proxy disimpan: 3440
2025-07-03T19:35:34.0509665Z [9085/12541] Proxy disimpan: 3441
2025-07-03T19:35:34.0642123Z [9083/12541] Proxy disimpan: 3442
2025-07-03T19:35:34.0794475Z [9088/12541] Proxy disimpan: 3443
2025-07-03T19:35:34.0972191Z [9092/12541] Proxy disimpan: 3444
2025-07-03T19:35:34.1056176Z [9089/12541] Proxy disimpan: 3445
2025-07-03T19:35:34.1267144Z [9093/12541] Proxy disimpan: 3446
2025-07-03T19:35:34.1268057Z [9095/12541] Proxy disimpan: 3447
2025-07-03T19:35:34.1328832Z [9099/12541] Proxy disimpan: 3448
2025-07-03T19:35:34.1356637Z [9100/12541] Proxy disimpan: 3449
2025-07-03T19:35:34.1573220Z [9101/12541] Proxy disimpan: 3450
2025-07-03T19:35:34.1751412Z [9103/12541] Proxy disimpan: 3451
2025-07-03T19:35:34.1803564Z [9098/12541] Proxy disimpan: 3452
2025-07-03T19:35:34.1872117Z [9104/12541] Proxy disimpan: 3453
2025-07-03T19:35:34.2256671Z [9110/12541] Proxy disimpan: 3454
2025-07-03T19:35:34.2917056Z [9108/12541] Proxy disimpan: 3455
2025-07-03T19:35:34.2948641Z [9105/12541] Proxy disimpan: 3456
2025-07-03T19:35:34.3219208Z [9112/12541] Proxy disimpan: 3457
2025-07-03T19:35:34.3728348Z [9113/12541] Proxy disimpan: 3458
2025-07-03T19:35:34.3891471Z [9119/12541] Proxy disimpan: 3459
2025-07-03T19:35:34.4348031Z [9123/12541] Proxy disimpan: 3460
2025-07-03T19:35:34.4417102Z [9122/12541] Proxy disimpan: 3461
2025-07-03T19:35:34.4696116Z [9116/12541] Proxy disimpan: 3462
2025-07-03T19:35:34.4838146Z [9125/12541] Proxy disimpan: 3463
2025-07-03T19:35:34.4949419Z [9126/12541] Proxy disimpan: 3464
2025-07-03T19:35:34.5060716Z [9127/12541] Proxy disimpan: 3465
2025-07-03T19:35:34.5681602Z [9133/12541] Proxy disimpan: 3466
2025-07-03T19:35:34.5862025Z [9136/12541] Proxy disimpan: 3467
2025-07-03T19:35:34.6342021Z [9132/12541] Proxy disimpan: 3468
2025-07-03T19:35:34.6748868Z [9146/12541] Proxy disimpan: 3469
2025-07-03T19:35:34.6843152Z [9150/12541] Proxy disimpan: 3470
2025-07-03T19:35:34.7156826Z [9142/12541] Proxy disimpan: 3471
2025-07-03T19:35:34.7188173Z [9145/12541] Proxy disimpan: 3472
2025-07-03T19:35:34.7207858Z [9151/12541] Proxy disimpan: 3473
2025-07-03T19:35:34.7238995Z [9143/12541] Proxy disimpan: 3474
2025-07-03T19:35:34.7352645Z [9156/12541] Proxy disimpan: 3475
2025-07-03T19:35:34.7456143Z [9141/12541] Proxy disimpan: 3476
2025-07-03T19:35:34.7530389Z [9158/12541] Proxy disimpan: 3477
2025-07-03T19:35:34.7552128Z [9159/12541] Proxy disimpan: 3478
2025-07-03T19:35:34.8343283Z [9167/12541] Proxy disimpan: 3479
2025-07-03T19:35:34.8451866Z [9165/12541] Proxy disimpan: 3480
2025-07-03T19:35:34.8976403Z [9157/12541] Proxy disimpan: 3481
2025-07-03T19:35:34.9013718Z [9168/12541] Proxy disimpan: 3482
2025-07-03T19:35:34.9261523Z [9176/12541] Proxy disimpan: 3483
2025-07-03T19:35:34.9283909Z [9174/12541] Proxy disimpan: 3484
2025-07-03T19:35:34.9331496Z [9172/12541] Proxy disimpan: 3485
2025-07-03T19:35:34.9561467Z [9177/12541] Proxy disimpan: 3486
2025-07-03T19:35:35.0126361Z [9181/12541] Proxy disimpan: 3487
2025-07-03T19:35:35.0700000Z [9185/12541] Proxy disimpan: 3488
2025-07-03T19:35:35.1670677Z [9189/12541] Proxy disimpan: 3489
2025-07-03T19:35:35.1691857Z [9188/12541] Proxy disimpan: 3490
2025-07-03T19:35:35.1881370Z [9190/12541] Proxy disimpan: 3491
2025-07-03T19:35:35.1961246Z [9191/12541] Proxy disimpan: 3492
2025-07-03T19:35:35.2325049Z [9196/12541] Proxy disimpan: 3493
2025-07-03T19:35:35.2659354Z [9200/12541] Proxy disimpan: 3494
2025-07-03T19:35:35.3146111Z [9202/12541] Proxy disimpan: 3495
2025-07-03T19:35:35.3882973Z [9206/12541] Proxy disimpan: 3496
2025-07-03T19:35:35.3931061Z [9203/12541] Proxy disimpan: 3497
2025-07-03T19:35:35.4019188Z [9204/12541] Proxy disimpan: 3498
2025-07-03T19:35:35.4242264Z [9210/12541] Proxy disimpan: 3499
2025-07-03T19:35:35.4410978Z [9213/12541] Proxy disimpan: 3500
2025-07-03T19:35:35.5344552Z [9217/12541] Proxy disimpan: 3501
2025-07-03T19:35:35.5781616Z [9218/12541] Proxy disimpan: 3502
2025-07-03T19:35:35.5904950Z [8953/12541] Proxy disimpan: 3503
2025-07-03T19:35:35.7273742Z [9223/12541] Proxy disimpan: 3504
2025-07-03T19:35:35.7377362Z [9221/12541] Proxy disimpan: 3505
2025-07-03T19:35:35.7451921Z [9222/12541] Proxy disimpan: 3506
2025-07-03T19:35:35.7533396Z [9219/12541] Proxy disimpan: 3507
2025-07-03T19:35:35.7826129Z [9227/12541] Proxy disimpan: 3508
2025-07-03T19:35:35.8181525Z [9226/12541] Proxy disimpan: 3509
2025-07-03T19:35:35.8535763Z [9228/12541] Proxy disimpan: 3510
2025-07-03T19:35:36.0010115Z [9229/12541] Proxy disimpan: 3511
2025-07-03T19:35:36.0070805Z [9231/12541] Proxy disimpan: 3512
2025-07-03T19:35:36.1024582Z [9237/12541] Proxy disimpan: 3513
2025-07-03T19:35:36.1789129Z [9241/12541] Proxy disimpan: 3514
2025-07-03T19:35:36.2071352Z [9243/12541] Proxy disimpan: 3515
2025-07-03T19:35:36.3383047Z [9246/12541] Proxy disimpan: 3516
2025-07-03T19:35:36.3541864Z [9250/12541] Proxy disimpan: 3517
2025-07-03T19:35:36.3765343Z [9252/12541] Proxy disimpan: 3518
2025-07-03T19:35:36.4128920Z [9254/12541] Proxy disimpan: 3519
2025-07-03T19:35:36.5501950Z [9255/12541] Proxy disimpan: 3520
2025-07-03T19:35:36.6263072Z [9262/12541] Proxy disimpan: 3521
2025-07-03T19:35:36.7390817Z [9263/12541] Proxy disimpan: 3522
2025-07-03T19:35:36.9035078Z [9278/12541] Proxy disimpan: 3523
2025-07-03T19:35:36.9153655Z [9275/12541] Proxy disimpan: 3524
2025-07-03T19:35:37.2028773Z [9288/12541] Proxy disimpan: 3525
2025-07-03T19:35:37.2504106Z [9290/12541] Proxy disimpan: 3526
2025-07-03T19:35:37.4209875Z [9293/12541] Proxy disimpan: 3527
2025-07-03T19:35:37.4247950Z [9289/12541] Proxy disimpan: 3528
2025-07-03T19:35:37.4413860Z [9295/12541] Proxy disimpan: 3529
2025-07-03T19:35:37.5135294Z [9294/12541] Proxy disimpan: 3530
2025-07-03T19:35:37.7662394Z [9297/12541] Proxy disimpan: 3531
2025-07-03T19:35:37.8691475Z [9302/12541] Proxy disimpan: 3532
2025-07-03T19:35:37.8916478Z [9303/12541] Proxy disimpan: 3533
2025-07-03T19:35:38.2779355Z [9318/12541] Proxy disimpan: 3534
2025-07-03T19:35:38.2839025Z [9321/12541] Proxy disimpan: 3535
2025-07-03T19:35:38.5781748Z [9326/12541] Proxy disimpan: 3536
2025-07-03T19:35:38.6894141Z [9327/12541] Proxy disimpan: 3537
2025-07-03T19:35:38.6971970Z [9329/12541] Proxy disimpan: 3538
2025-07-03T19:35:38.7166014Z [9330/12541] Proxy disimpan: 3539
2025-07-03T19:35:38.7317667Z [9331/12541] Proxy disimpan: 3540
2025-07-03T19:35:38.7350488Z [9328/12541] Proxy disimpan: 3541
2025-07-03T19:35:38.7900964Z [9335/12541] Proxy disimpan: 3542
2025-07-03T19:35:38.8134216Z [9336/12541] Proxy disimpan: 3543
2025-07-03T19:35:39.0195161Z [9338/12541] Proxy disimpan: 3544
2025-07-03T19:35:39.0819313Z [9343/12541] Proxy disimpan: 3545
2025-07-03T19:35:39.0957879Z [9340/12541] Proxy disimpan: 3546
2025-07-03T19:35:39.1595488Z [9345/12541] Proxy disimpan: 3547
2025-07-03T19:35:39.1830475Z [9341/12541] Proxy disimpan: 3548
2025-07-03T19:35:39.2548270Z [9348/12541] Proxy disimpan: 3549
2025-07-03T19:35:39.3089861Z [9347/12541] Proxy disimpan: 3550
2025-07-03T19:35:39.3303315Z [9352/12541] Proxy disimpan: 3551
2025-07-03T19:35:39.3428345Z [9354/12541] Proxy disimpan: 3552
2025-07-03T19:35:39.4121157Z [9359/12541] Proxy disimpan: 3553
2025-07-03T19:35:39.4193975Z [9358/12541] Proxy disimpan: 3554
2025-07-03T19:35:39.4537641Z [9355/12541] Proxy disimpan: 3555
2025-07-03T19:35:39.6026931Z [9363/12541] Proxy disimpan: 3556
2025-07-03T19:35:39.6122822Z [9366/12541] Proxy disimpan: 3557
2025-07-03T19:35:39.6144599Z [9368/12541] Proxy disimpan: 3558
2025-07-03T19:35:39.6269354Z [9367/12541] Proxy disimpan: 3559
2025-07-03T19:35:39.6348410Z [9371/12541] Proxy disimpan: 3560
2025-07-03T19:35:39.6375282Z [9369/12541] Proxy disimpan: 3561
2025-07-03T19:35:39.6440632Z [9361/12541] Proxy disimpan: 3562
2025-07-03T19:35:39.6666581Z [9362/12541] Proxy disimpan: 3563
2025-07-03T19:35:39.6859364Z [9370/12541] Proxy disimpan: 3564
2025-07-03T19:35:39.6910669Z [9374/12541] Proxy disimpan: 3565
2025-07-03T19:35:39.7186687Z [9378/12541] Proxy disimpan: 3566
2025-07-03T19:35:39.7384188Z [9377/12541] Proxy disimpan: 3567
2025-07-03T19:35:39.7639712Z [9380/12541] Proxy disimpan: 3568
2025-07-03T19:35:39.7870748Z [9373/12541] Proxy disimpan: 3569
2025-07-03T19:35:39.8489204Z [9387/12541] Proxy disimpan: 3570
2025-07-03T19:35:39.8843519Z [9389/12541] Proxy disimpan: 3571
2025-07-03T19:35:39.9186399Z [9393/12541] Proxy disimpan: 3572
2025-07-03T19:35:39.9281035Z [9391/12541] Proxy disimpan: 3573
2025-07-03T19:35:40.3699148Z [9426/12541] Proxy disimpan: 3574
2025-07-03T19:35:40.3726896Z [9431/12541] Proxy disimpan: 3575
2025-07-03T19:35:40.3847540Z [9435/12541] Proxy disimpan: 3576
2025-07-03T19:35:40.4193863Z [9442/12541] Proxy disimpan: 3577
2025-07-03T19:35:40.4246557Z [9448/12541] Proxy disimpan: 3578
2025-07-03T19:35:40.4264738Z [9444/12541] Proxy disimpan: 3579
2025-07-03T19:35:40.4468861Z [9447/12541] Proxy disimpan: 3580
2025-07-03T19:35:40.4522703Z [9437/12541] Proxy disimpan: 3581
2025-07-03T19:35:40.4556746Z [9451/12541] Proxy disimpan: 3582
2025-07-03T19:35:40.4614946Z [9450/12541] Proxy disimpan: 3583
2025-07-03T19:35:40.4757663Z [9455/12541] Proxy disimpan: 3584
2025-07-03T19:35:40.6626289Z [9466/12541] Proxy disimpan: 3585
2025-07-03T19:35:40.7187698Z [9468/12541] Proxy disimpan: 3586
2025-07-03T19:35:40.8901924Z [9476/12541] Proxy disimpan: 3587
2025-07-03T19:35:40.9111804Z [9481/12541] Proxy disimpan: 3588
2025-07-03T19:35:40.9559653Z [9477/12541] Proxy disimpan: 3589
2025-07-03T19:35:40.9674254Z [9484/12541] Proxy disimpan: 3590
2025-07-03T19:35:41.0015835Z [9491/12541] Proxy disimpan: 3591
2025-07-03T19:35:41.0174881Z [9490/12541] Proxy disimpan: 3592
2025-07-03T19:35:41.0266134Z [9489/12541] Proxy disimpan: 3593
2025-07-03T19:35:41.0840881Z [9493/12541] Proxy disimpan: 3594
2025-07-03T19:35:41.0906606Z [9494/12541] Proxy disimpan: 3595
2025-07-03T19:35:41.2995656Z [9501/12541] Proxy disimpan: 3596
2025-07-03T19:35:41.3140489Z [9509/12541] Proxy disimpan: 3597
2025-07-03T19:35:41.3302869Z [9512/12541] Proxy disimpan: 3598
2025-07-03T19:35:41.3532244Z [9506/12541] Proxy disimpan: 3599
2025-07-03T19:35:41.3729712Z [9508/12541] Proxy disimpan: 3600
2025-07-03T19:35:41.3986013Z [9516/12541] Proxy disimpan: 3601
2025-07-03T19:35:41.4165349Z [9518/12541] Proxy disimpan: 3602
2025-07-03T19:35:41.5420888Z [9532/12541] Proxy disimpan: 3603
2025-07-03T19:35:41.5455844Z [9534/12541] Proxy disimpan: 3604
2025-07-03T19:35:41.5665918Z [9536/12541] Proxy disimpan: 3605
2025-07-03T19:35:41.5666836Z [9535/12541] Proxy disimpan: 3606
2025-07-03T19:35:41.5971868Z [9537/12541] Proxy disimpan: 3607
2025-07-03T19:35:41.6441418Z [9531/12541] Proxy disimpan: 3608
2025-07-03T19:35:41.6466632Z [9530/12541] Proxy disimpan: 3609
2025-07-03T19:35:41.7128152Z [9544/12541] Proxy disimpan: 3610
2025-07-03T19:35:41.7342244Z [9538/12541] Proxy disimpan: 3611
2025-07-03T19:35:41.7833948Z [9540/12541] Proxy disimpan: 3612
2025-07-03T19:35:41.7908869Z [9545/12541] Proxy disimpan: 3613
2025-07-03T19:35:41.7967411Z [9539/12541] Proxy disimpan: 3614
2025-07-03T19:35:41.8827986Z [9554/12541] Proxy disimpan: 3615
2025-07-03T19:35:41.9048165Z [9549/12541] Proxy disimpan: 3616
2025-07-03T19:35:41.9196714Z [9553/12541] Proxy disimpan: 3617
2025-07-03T19:35:42.0380412Z [9541/12541] Proxy disimpan: 3618
2025-07-03T19:35:42.1790589Z [9568/12541] Proxy disimpan: 3619
2025-07-03T19:35:42.2343138Z [9572/12541] Proxy disimpan: 3620
2025-07-03T19:35:42.2564535Z [9575/12541] Proxy disimpan: 3621
2025-07-03T19:35:42.2596639Z [9579/12541] Proxy disimpan: 3622
2025-07-03T19:35:42.3055220Z [9578/12541] Proxy disimpan: 3623
2025-07-03T19:35:42.3247861Z [9584/12541] Proxy disimpan: 3624
2025-07-03T19:35:42.3278627Z [9585/12541] Proxy disimpan: 3625
2025-07-03T19:35:42.3504486Z [9582/12541] Proxy disimpan: 3626
2025-07-03T19:35:42.3653838Z [9583/12541] Proxy disimpan: 3627
2025-07-03T19:35:42.4362749Z [9588/12541] Proxy disimpan: 3628
2025-07-03T19:35:42.4382273Z [9586/12541] Proxy disimpan: 3629
2025-07-03T19:35:42.5189270Z [9590/12541] Proxy disimpan: 3630
2025-07-03T19:35:42.7355488Z [9594/12541] Proxy disimpan: 3631
2025-07-03T19:35:42.8884528Z [9600/12541] Proxy disimpan: 3632
2025-07-03T19:35:42.8914248Z [9602/12541] Proxy disimpan: 3633
2025-07-03T19:35:42.9294887Z [9605/12541] Proxy disimpan: 3634
2025-07-03T19:35:42.9392165Z [9603/12541] Proxy disimpan: 3635
2025-07-03T19:35:42.9640131Z [9608/12541] Proxy disimpan: 3636
2025-07-03T19:35:42.9750125Z [9599/12541] Proxy disimpan: 3637
2025-07-03T19:35:43.0199373Z [9610/12541] Proxy disimpan: 3638
2025-07-03T19:35:43.1464189Z [9615/12541] Proxy disimpan: 3639
2025-07-03T19:35:43.1485279Z [9616/12541] Proxy disimpan: 3640
2025-07-03T19:35:43.1504929Z [9617/12541] Proxy disimpan: 3641
2025-07-03T19:35:43.2553772Z [9619/12541] Proxy disimpan: 3642
2025-07-03T19:35:43.3003042Z [9621/12541] Proxy disimpan: 3643
2025-07-03T19:35:43.5779656Z [9618/12541] Proxy disimpan: 3644
2025-07-03T19:35:43.5827306Z [9632/12541] Proxy disimpan: 3645
2025-07-03T19:35:43.5891560Z [9635/12541] Proxy disimpan: 3646
2025-07-03T19:35:43.6093267Z [9633/12541] Proxy disimpan: 3647
2025-07-03T19:35:43.6130398Z [9631/12541] Proxy disimpan: 3648
2025-07-03T19:35:43.6561242Z [9634/12541] Proxy disimpan: 3649
2025-07-03T19:35:43.7044550Z [9364/12541] Proxy disimpan: 3650
2025-07-03T19:35:43.7091778Z [9626/12541] Proxy disimpan: 3651
2025-07-03T19:35:43.7571728Z [9644/12541] Proxy disimpan: 3652
2025-07-03T19:35:43.8014372Z [9630/12541] Proxy disimpan: 3653
2025-07-03T19:35:43.8917185Z [9653/12541] Proxy disimpan: 3654
2025-07-03T19:35:43.9037175Z [9642/12541] Proxy disimpan: 3655
2025-07-03T19:35:43.9375369Z [9645/12541] Proxy disimpan: 3656
2025-07-03T19:35:44.0735716Z [9650/12541] Proxy disimpan: 3657
2025-07-03T19:35:44.0976745Z [9655/12541] Proxy disimpan: 3658
2025-07-03T19:35:44.1636987Z [9661/12541] Proxy disimpan: 3659
2025-07-03T19:35:44.2468809Z [9659/12541] Proxy disimpan: 3660
2025-07-03T19:35:44.2738021Z [9664/12541] Proxy disimpan: 3661
2025-07-03T19:35:44.2800353Z [9658/12541] Proxy disimpan: 3662
2025-07-03T19:35:44.2913367Z [9666/12541] Proxy disimpan: 3663
2025-07-03T19:35:44.3324517Z [9667/12541] Proxy disimpan: 3664
2025-07-03T19:35:44.6783776Z [9685/12541] Proxy disimpan: 3665
2025-07-03T19:35:44.6895150Z [9688/12541] Proxy disimpan: 3666
2025-07-03T19:35:44.7115903Z [9689/12541] Proxy disimpan: 3667
2025-07-03T19:35:44.7557491Z [9691/12541] Proxy disimpan: 3668
2025-07-03T19:35:44.7670640Z [9690/12541] Proxy disimpan: 3669
2025-07-03T19:35:44.7806305Z [9693/12541] Proxy disimpan: 3670
2025-07-03T19:35:44.8100299Z [9692/12541] Proxy disimpan: 3671
2025-07-03T19:35:44.8473201Z [9694/12541] Proxy disimpan: 3672
2025-07-03T19:35:44.9192759Z [9697/12541] Proxy disimpan: 3673
2025-07-03T19:35:44.9244464Z [9696/12541] Proxy disimpan: 3674
2025-07-03T19:35:44.9944114Z [9695/12541] Proxy disimpan: 3675
2025-07-03T19:35:45.2121993Z [9709/12541] Proxy disimpan: 3676
2025-07-03T19:35:45.2151148Z [9708/12541] Proxy disimpan: 3677
2025-07-03T19:35:45.2332595Z [9707/12541] Proxy disimpan: 3678
2025-07-03T19:35:45.2564951Z [9710/12541] Proxy disimpan: 3679
2025-07-03T19:35:45.3291805Z [9730/12541] Proxy disimpan: 3680
2025-07-03T19:35:45.3524997Z [9713/12541] Proxy disimpan: 3681
2025-07-03T19:35:45.3818073Z [9728/12541] Proxy disimpan: 3682
2025-07-03T19:35:45.3835919Z [9716/12541] Proxy disimpan: 3683
2025-07-03T19:35:45.3837262Z [9724/12541] Proxy disimpan: 3684
2025-07-03T19:35:45.4016301Z [9729/12541] Proxy disimpan: 3685
2025-07-03T19:35:45.4159839Z [9726/12541] Proxy disimpan: 3686
2025-07-03T19:35:45.4205557Z [9722/12541] Proxy disimpan: 3687
2025-07-03T19:35:45.4275148Z [9727/12541] Proxy disimpan: 3688
2025-07-03T19:35:45.4701147Z [9731/12541] Proxy disimpan: 3689
2025-07-03T19:35:45.4749330Z [9733/12541] Proxy disimpan: 3690
2025-07-03T19:35:45.5211960Z [9732/12541] Proxy disimpan: 3691
2025-07-03T19:35:45.5332958Z [9736/12541] Proxy disimpan: 3692
2025-07-03T19:35:45.5388877Z [9738/12541] Proxy disimpan: 3693
2025-07-03T19:35:45.5583290Z [9735/12541] Proxy disimpan: 3694
2025-07-03T19:35:45.6109226Z [9745/12541] Proxy disimpan: 3695
2025-07-03T19:35:45.6140544Z [9744/12541] Proxy disimpan: 3696
2025-07-03T19:35:45.6353194Z [9741/12541] Proxy disimpan: 3697
2025-07-03T19:35:45.6596845Z [9746/12541] Proxy disimpan: 3698
2025-07-03T19:35:45.6599970Z [9743/12541] Proxy disimpan: 3699
2025-07-03T19:35:45.7220085Z [9747/12541] Proxy disimpan: 3700
2025-07-03T19:35:45.8215256Z [9751/12541] Proxy disimpan: 3701
2025-07-03T19:35:45.8468882Z [9752/12541] Proxy disimpan: 3702
2025-07-03T19:35:45.8661740Z [9755/12541] Proxy disimpan: 3703
2025-07-03T19:35:45.9702075Z [9763/12541] Proxy disimpan: 3704
2025-07-03T19:35:45.9883520Z [9760/12541] Proxy disimpan: 3705
2025-07-03T19:35:46.0151664Z [9765/12541] Proxy disimpan: 3706
2025-07-03T19:35:46.0367788Z [9775/12541] Proxy disimpan: 3707
2025-07-03T19:35:46.0618216Z [9774/12541] Proxy disimpan: 3708
2025-07-03T19:35:46.0659763Z [9767/12541] Proxy disimpan: 3709
2025-07-03T19:35:46.0829714Z [9769/12541] Proxy disimpan: 3710
2025-07-03T19:35:46.1072133Z [9768/12541] Proxy disimpan: 3711
2025-07-03T19:35:46.1629118Z [9766/12541] Proxy disimpan: 3712
2025-07-03T19:35:46.1879912Z [9786/12541] Proxy disimpan: 3713
2025-07-03T19:35:46.2111849Z [9779/12541] Proxy disimpan: 3714
2025-07-03T19:35:46.2606154Z [9798/12541] Proxy disimpan: 3715
2025-07-03T19:35:46.2636655Z [9797/12541] Proxy disimpan: 3716
2025-07-03T19:35:46.2638136Z [9783/12541] Proxy disimpan: 3717
2025-07-03T19:35:46.2774528Z [9785/12541] Proxy disimpan: 3718
2025-07-03T19:35:46.2863550Z [9801/12541] Proxy disimpan: 3719
2025-07-03T19:35:46.3297319Z [9803/12541] Proxy disimpan: 3720
2025-07-03T19:35:46.3517068Z [9791/12541] Proxy disimpan: 3721
2025-07-03T19:35:46.4160526Z [9793/12541] Proxy disimpan: 3722
2025-07-03T19:35:46.4276992Z [9795/12541] Proxy disimpan: 3723
2025-07-03T19:35:46.4385151Z [9811/12541] Proxy disimpan: 3724
2025-07-03T19:35:46.4750731Z [9809/12541] Proxy disimpan: 3725
2025-07-03T19:35:46.5168418Z [9810/12541] Proxy disimpan: 3726
2025-07-03T19:35:46.5351135Z [9814/12541] Proxy disimpan: 3727
2025-07-03T19:35:46.5447972Z [9816/12541] Proxy disimpan: 3728
2025-07-03T19:35:46.6362152Z [9821/12541] Proxy disimpan: 3729
2025-07-03T19:35:46.6707463Z [9830/12541] Proxy disimpan: 3730
2025-07-03T19:35:46.6873730Z [9828/12541] Proxy disimpan: 3731
2025-07-03T19:35:46.6926692Z [9824/12541] Proxy disimpan: 3732
2025-07-03T19:35:46.7116758Z [9829/12541] Proxy disimpan: 3733
2025-07-03T19:35:46.8128045Z [9838/12541] Proxy disimpan: 3734
2025-07-03T19:35:46.8227545Z [9799/12541] Proxy disimpan: 3735
2025-07-03T19:35:46.8461026Z [9839/12541] Proxy disimpan: 3736
2025-07-03T19:35:46.8480993Z [9840/12541] Proxy disimpan: 3737
2025-07-03T19:35:46.9071900Z [9834/12541] Proxy disimpan: 3738
2025-07-03T19:35:46.9205414Z [9842/12541] Proxy disimpan: 3739
2025-07-03T19:35:46.9817448Z [9848/12541] Proxy disimpan: 3740
2025-07-03T19:35:47.0082791Z [9849/12541] Proxy disimpan: 3741
2025-07-03T19:35:47.0148400Z [9857/12541] Proxy disimpan: 3742
2025-07-03T19:35:47.0322390Z [9847/12541] Proxy disimpan: 3743
2025-07-03T19:35:47.0640396Z [9826/12541] Proxy disimpan: 3744
2025-07-03T19:35:47.0944681Z [9862/12541] Proxy disimpan: 3745
2025-07-03T19:35:47.1329064Z [9868/12541] Proxy disimpan: 3746
2025-07-03T19:35:47.1379609Z [9866/12541] Proxy disimpan: 3747
2025-07-03T19:35:47.1556835Z [9871/12541] Proxy disimpan: 3748
2025-07-03T19:35:47.1670969Z [9870/12541] Proxy disimpan: 3749
2025-07-03T19:35:47.1671903Z [9864/12541] Proxy disimpan: 3750
2025-07-03T19:35:47.1954986Z [9867/12541] Proxy disimpan: 3751
2025-07-03T19:35:47.2014286Z [9869/12541] Proxy disimpan: 3752
2025-07-03T19:35:47.2235323Z [9875/12541] Proxy disimpan: 3753
2025-07-03T19:35:47.2823842Z [9874/12541] Proxy disimpan: 3754
2025-07-03T19:35:47.3161917Z [9881/12541] Proxy disimpan: 3755
2025-07-03T19:35:47.3525717Z [9880/12541] Proxy disimpan: 3756
2025-07-03T19:35:47.3563350Z [9883/12541] Proxy disimpan: 3757
2025-07-03T19:35:47.3772535Z [9879/12541] Proxy disimpan: 3758
2025-07-03T19:35:47.4085907Z [9885/12541] Proxy disimpan: 3759
2025-07-03T19:35:47.4172480Z [9887/12541] Proxy disimpan: 3760
2025-07-03T19:35:47.4314846Z [9888/12541] Proxy disimpan: 3761
2025-07-03T19:35:47.5432940Z [9896/12541] Proxy disimpan: 3762
2025-07-03T19:35:47.5530391Z [9892/12541] Proxy disimpan: 3763
2025-07-03T19:35:47.5924409Z [9893/12541] Proxy disimpan: 3764
2025-07-03T19:35:47.6214711Z [9900/12541] Proxy disimpan: 3765
2025-07-03T19:35:47.6611559Z [9899/12541] Proxy disimpan: 3766
2025-07-03T19:35:47.7759309Z [9914/12541] Proxy disimpan: 3767
2025-07-03T19:35:47.8135856Z [9905/12541] Proxy disimpan: 3768
2025-07-03T19:35:47.8201283Z [9909/12541] Proxy disimpan: 3769
2025-07-03T19:35:47.8964093Z [9915/12541] Proxy disimpan: 3770
2025-07-03T19:35:47.9085043Z [9921/12541] Proxy disimpan: 3771
2025-07-03T19:35:48.0044541Z [9916/12541] Proxy disimpan: 3772
2025-07-03T19:35:48.0364459Z [9917/12541] Proxy disimpan: 3773
2025-07-03T19:35:48.0575556Z [9926/12541] Proxy disimpan: 3774
2025-07-03T19:35:48.0576319Z [9918/12541] Proxy disimpan: 3775
2025-07-03T19:35:48.0592829Z [9929/12541] Proxy disimpan: 3776
2025-07-03T19:35:48.0644483Z [9934/12541] Proxy disimpan: 3777
2025-07-03T19:35:48.1049870Z [9923/12541] Proxy disimpan: 3778
2025-07-03T19:35:48.1127978Z [9928/12541] Proxy disimpan: 3779
2025-07-03T19:35:48.1530373Z [9932/12541] Proxy disimpan: 3780
2025-07-03T19:35:48.1695286Z [9935/12541] Proxy disimpan: 3781
2025-07-03T19:35:48.2192845Z [9936/12541] Proxy disimpan: 3782
2025-07-03T19:35:48.2544510Z [9933/12541] Proxy disimpan: 3783
2025-07-03T19:35:48.3510956Z [9941/12541] Proxy disimpan: 3784
2025-07-03T19:35:48.4559138Z [9946/12541] Proxy disimpan: 3785
2025-07-03T19:35:48.4668571Z [9948/12541] Proxy disimpan: 3786
2025-07-03T19:35:48.5618624Z [9949/12541] Proxy disimpan: 3787
2025-07-03T19:35:48.6330640Z [9956/12541] Proxy disimpan: 3788
2025-07-03T19:35:48.6482774Z [9962/12541] Proxy disimpan: 3789
2025-07-03T19:35:48.6569422Z [9955/12541] Proxy disimpan: 3790
2025-07-03T19:35:48.6661237Z [9957/12541] Proxy disimpan: 3791
2025-07-03T19:35:48.6783057Z [9958/12541] Proxy disimpan: 3792
2025-07-03T19:35:48.6874451Z [9898/12541] Proxy disimpan: 3793
2025-07-03T19:35:48.6915045Z [9964/12541] Proxy disimpan: 3794
2025-07-03T19:35:48.6979406Z [9963/12541] Proxy disimpan: 3795
2025-07-03T19:35:48.7370775Z [9906/12541] Proxy disimpan: 3796
2025-07-03T19:35:48.7716195Z [9961/12541] Proxy disimpan: 3797
2025-07-03T19:35:48.7758104Z [9968/12541] Proxy disimpan: 3798
2025-07-03T19:35:48.8132666Z [9969/12541] Proxy disimpan: 3799
2025-07-03T19:35:48.8331018Z [9982/12541] Proxy disimpan: 3800
2025-07-03T19:35:48.8772029Z [9983/12541] Proxy disimpan: 3801
2025-07-03T19:35:48.8932225Z [9978/12541] Proxy disimpan: 3802
2025-07-03T19:35:48.9020636Z [9973/12541] Proxy disimpan: 3803
2025-07-03T19:35:48.9066721Z [9970/12541] Proxy disimpan: 3804
2025-07-03T19:35:48.9104822Z [9972/12541] Proxy disimpan: 3805
2025-07-03T19:35:48.9213281Z [9984/12541] Proxy disimpan: 3806
2025-07-03T19:35:48.9271160Z [9975/12541] Proxy disimpan: 3807
2025-07-03T19:35:48.9476485Z [9985/12541] Proxy disimpan: 3808
2025-07-03T19:35:48.9658416Z [9976/12541] Proxy disimpan: 3809
2025-07-03T19:35:48.9778772Z [9986/12541] Proxy disimpan: 3810
2025-07-03T19:35:48.9888101Z [9988/12541] Proxy disimpan: 3811
2025-07-03T19:35:49.0031607Z [9979/12541] Proxy disimpan: 3812
2025-07-03T19:35:49.0335780Z [9980/12541] Proxy disimpan: 3813
2025-07-03T19:35:49.0717268Z [9990/12541] Proxy disimpan: 3814
2025-07-03T19:35:49.0857904Z [9991/12541] Proxy disimpan: 3815
2025-07-03T19:35:49.1532053Z [9974/12541] Proxy disimpan: 3816
2025-07-03T19:35:49.1562745Z [9993/12541] Proxy disimpan: 3817
2025-07-03T19:35:49.1607494Z [9994/12541] Proxy disimpan: 3818
2025-07-03T19:35:49.1944567Z [9997/12541] Proxy disimpan: 3819
2025-07-03T19:35:49.1964449Z [9995/12541] Proxy disimpan: 3820
2025-07-03T19:35:49.2304119Z [9998/12541] Proxy disimpan: 3821
2025-07-03T19:35:49.3992764Z [10020/12541] Proxy disimpan: 3822
2025-07-03T19:35:49.5180430Z [10030/12541] Proxy disimpan: 3823
2025-07-03T19:35:49.5463045Z [10035/12541] Proxy disimpan: 3824
2025-07-03T19:35:49.5683107Z [10036/12541] Proxy disimpan: 3825
2025-07-03T19:35:49.6823790Z [10039/12541] Proxy disimpan: 3826
2025-07-03T19:35:49.7359474Z [10043/12541] Proxy disimpan: 3827
2025-07-03T19:35:49.7486948Z [10037/12541] Proxy disimpan: 3828
2025-07-03T19:35:49.7672126Z [10045/12541] Proxy disimpan: 3829
2025-07-03T19:35:49.7962518Z [10041/12541] Proxy disimpan: 3830
2025-07-03T19:35:49.8978637Z [10048/12541] Proxy disimpan: 3831
2025-07-03T19:35:49.9752893Z [10055/12541] Proxy disimpan: 3832
2025-07-03T19:35:50.0195707Z [10052/12541] Proxy disimpan: 3833
2025-07-03T19:35:50.0373352Z [10057/12541] Proxy disimpan: 3834
2025-07-03T19:35:50.0492379Z [10054/12541] Proxy disimpan: 3835
2025-07-03T19:35:50.4292325Z [10058/12541] Proxy disimpan: 3836
2025-07-03T19:35:50.4652411Z [10083/12541] Proxy disimpan: 3837
2025-07-03T19:35:50.5517075Z [10084/12541] Proxy disimpan: 3838
2025-07-03T19:35:50.5696643Z [10089/12541] Proxy disimpan: 3839
2025-07-03T19:35:50.5740516Z [10088/12541] Proxy disimpan: 3840
2025-07-03T19:35:50.5915002Z [10087/12541] Proxy disimpan: 3841
2025-07-03T19:35:50.7667156Z [10095/12541] Proxy disimpan: 3842
2025-07-03T19:35:51.1032482Z [10106/12541] Proxy disimpan: 3843
2025-07-03T19:35:51.1164477Z [10107/12541] Proxy disimpan: 3844
2025-07-03T19:35:51.1269679Z [10103/12541] Proxy disimpan: 3845
2025-07-03T19:35:51.2570187Z [10112/12541] Proxy disimpan: 3846
2025-07-03T19:35:51.3179447Z [10117/12541] Proxy disimpan: 3847
2025-07-03T19:35:51.3412695Z [10113/12541] Proxy disimpan: 3848
2025-07-03T19:35:51.3819362Z [10127/12541] Proxy disimpan: 3849
2025-07-03T19:35:51.3829604Z [10121/12541] Proxy disimpan: 3850
2025-07-03T19:35:51.3905524Z [10122/12541] Proxy disimpan: 3851
2025-07-03T19:35:51.4355468Z [10130/12541] Proxy disimpan: 3852
2025-07-03T19:35:51.4608851Z [10125/12541] Proxy disimpan: 3853
2025-07-03T19:35:51.5745493Z [10137/12541] Proxy disimpan: 3854
2025-07-03T19:35:51.6404526Z [10139/12541] Proxy disimpan: 3855
2025-07-03T19:35:51.6848182Z [10143/12541] Proxy disimpan: 3856
2025-07-03T19:35:51.7410491Z [10144/12541] Proxy disimpan: 3857
2025-07-03T19:35:51.7494279Z [10145/12541] Proxy disimpan: 3858
2025-07-03T19:35:51.8142122Z [10150/12541] Proxy disimpan: 3859
2025-07-03T19:35:51.8151610Z [10148/12541] Proxy disimpan: 3860
2025-07-03T19:35:51.8285538Z [10146/12541] Proxy disimpan: 3861
2025-07-03T19:35:51.8337883Z [10151/12541] Proxy disimpan: 3862
2025-07-03T19:35:51.8645286Z [10153/12541] Proxy disimpan: 3863
2025-07-03T19:35:51.8704077Z [10154/12541] Proxy disimpan: 3864
2025-07-03T19:35:51.8892912Z [10152/12541] Proxy disimpan: 3865
2025-07-03T19:35:51.9024163Z [10155/12541] Proxy disimpan: 3866
2025-07-03T19:35:51.9237568Z [10156/12541] Proxy disimpan: 3867
2025-07-03T19:35:51.9264589Z [10157/12541] Proxy disimpan: 3868
2025-07-03T19:35:51.9333702Z [10158/12541] Proxy disimpan: 3869
2025-07-03T19:35:51.9586963Z [10161/12541] Proxy disimpan: 3870
2025-07-03T19:35:51.9757825Z [10160/12541] Proxy disimpan: 3871
2025-07-03T19:35:52.0323604Z [10163/12541] Proxy disimpan: 3872
2025-07-03T19:35:52.1036946Z [10164/12541] Proxy disimpan: 3873
2025-07-03T19:35:52.1132393Z [10166/12541] Proxy disimpan: 3874
2025-07-03T19:35:52.1185281Z [10167/12541] Proxy disimpan: 3875
2025-07-03T19:35:52.1691247Z [10169/12541] Proxy disimpan: 3876
2025-07-03T19:35:52.1761259Z [10168/12541] Proxy disimpan: 3877
2025-07-03T19:35:52.2459746Z [10172/12541] Proxy disimpan: 3878
2025-07-03T19:35:52.2676674Z [10176/12541] Proxy disimpan: 3879
2025-07-03T19:35:52.2897717Z [10177/12541] Proxy disimpan: 3880
2025-07-03T19:35:52.3514004Z [10182/12541] Proxy disimpan: 3881
2025-07-03T19:35:52.3576971Z [10181/12541] Proxy disimpan: 3882
2025-07-03T19:35:52.3622584Z [10184/12541] Proxy disimpan: 3883
2025-07-03T19:35:52.3773512Z [10186/12541] Proxy disimpan: 3884
2025-07-03T19:35:52.3819242Z [10180/12541] Proxy disimpan: 3885
2025-07-03T19:35:52.3854460Z [10189/12541] Proxy disimpan: 3886
2025-07-03T19:35:52.4041850Z [10185/12541] Proxy disimpan: 3887
2025-07-03T19:35:52.4148676Z [10188/12541] Proxy disimpan: 3888
2025-07-03T19:35:52.4275010Z [10192/12541] Proxy disimpan: 3889
2025-07-03T19:35:52.4408671Z [10195/12541] Proxy disimpan: 3890
2025-07-03T19:35:52.4417487Z [10190/12541] Proxy disimpan: 3891
2025-07-03T19:35:52.4582588Z [10194/12541] Proxy disimpan: 3892
2025-07-03T19:35:52.4910910Z [10203/12541] Proxy disimpan: 3893
2025-07-03T19:35:52.4942331Z [10199/12541] Proxy disimpan: 3894
2025-07-03T19:35:52.5765180Z [10208/12541] Proxy disimpan: 3895
2025-07-03T19:35:52.6215530Z [10210/12541] Proxy disimpan: 3896
2025-07-03T19:35:52.8459861Z [10218/12541] Proxy disimpan: 3897
2025-07-03T19:35:52.8506835Z [10220/12541] Proxy disimpan: 3898
2025-07-03T19:35:52.8597441Z [10219/12541] Proxy disimpan: 3899
2025-07-03T19:35:52.8903283Z [10222/12541] Proxy disimpan: 3900
2025-07-03T19:35:52.8922073Z [10227/12541] Proxy disimpan: 3901
2025-07-03T19:35:52.8940918Z [10228/12541] Proxy disimpan: 3902
2025-07-03T19:35:52.9079596Z [10230/12541] Proxy disimpan: 3903
2025-07-03T19:35:52.9141250Z [10232/12541] Proxy disimpan: 3904
2025-07-03T19:35:52.9212171Z [10233/12541] Proxy disimpan: 3905
2025-07-03T19:35:52.9256323Z [10224/12541] Proxy disimpan: 3906
2025-07-03T19:35:52.9354768Z [10221/12541] Proxy disimpan: 3907
2025-07-03T19:35:52.9373207Z [10234/12541] Proxy disimpan: 3908
2025-07-03T19:35:52.9565824Z [10235/12541] Proxy disimpan: 3909
2025-07-03T19:35:52.9880529Z [10240/12541] Proxy disimpan: 3910
2025-07-03T19:35:53.0123966Z [10241/12541] Proxy disimpan: 3911
2025-07-03T19:35:53.0539543Z [10242/12541] Proxy disimpan: 3912
2025-07-03T19:35:53.0569301Z [10243/12541] Proxy disimpan: 3913
2025-07-03T19:35:53.0814649Z [10244/12541] Proxy disimpan: 3914
2025-07-03T19:35:53.0973856Z [10246/12541] Proxy disimpan: 3915
2025-07-03T19:35:53.1428903Z [10249/12541] Proxy disimpan: 3916
2025-07-03T19:35:53.2420290Z [10253/12541] Proxy disimpan: 3917
2025-07-03T19:35:53.2439760Z [10255/12541] Proxy disimpan: 3918
2025-07-03T19:35:53.3676298Z [10256/12541] Proxy disimpan: 3919
2025-07-03T19:35:53.3695844Z [10258/12541] Proxy disimpan: 3920
2025-07-03T19:35:53.3770975Z [10257/12541] Proxy disimpan: 3921
2025-07-03T19:35:53.4127065Z [10262/12541] Proxy disimpan: 3922
2025-07-03T19:35:53.4181578Z [10261/12541] Proxy disimpan: 3923
2025-07-03T19:35:53.4210087Z [10260/12541] Proxy disimpan: 3924
2025-07-03T19:35:53.4614379Z [10270/12541] Proxy disimpan: 3925
2025-07-03T19:35:53.4653120Z [10268/12541] Proxy disimpan: 3926
2025-07-03T19:35:53.5039176Z [10273/12541] Proxy disimpan: 3927
2025-07-03T19:35:53.5093140Z [10272/12541] Proxy disimpan: 3928
2025-07-03T19:35:53.5381986Z [10276/12541] Proxy disimpan: 3929
2025-07-03T19:35:53.5939484Z [10280/12541] Proxy disimpan: 3930
2025-07-03T19:35:53.5948126Z [10278/12541] Proxy disimpan: 3931
2025-07-03T19:35:53.6023497Z [10277/12541] Proxy disimpan: 3932
2025-07-03T19:35:53.6048816Z [10279/12541] Proxy disimpan: 3933
2025-07-03T19:35:53.6713672Z [10285/12541] Proxy disimpan: 3934
2025-07-03T19:35:53.7204793Z [10286/12541] Proxy disimpan: 3935
2025-07-03T19:35:54.1819454Z [10309/12541] Proxy disimpan: 3936
2025-07-03T19:35:54.2137751Z [10314/12541] Proxy disimpan: 3937
2025-07-03T19:35:54.4324224Z [10325/12541] Proxy disimpan: 3938
2025-07-03T19:35:54.4466997Z [10326/12541] Proxy disimpan: 3939
2025-07-03T19:35:54.4684177Z [10330/12541] Proxy disimpan: 3940
2025-07-03T19:35:54.4759666Z [10329/12541] Proxy disimpan: 3941
2025-07-03T19:35:54.5094510Z [10332/12541] Proxy disimpan: 3942
2025-07-03T19:35:54.5144630Z [10335/12541] Proxy disimpan: 3943
2025-07-03T19:35:54.5165359Z [10333/12541] Proxy disimpan: 3944
2025-07-03T19:35:54.5203166Z [10338/12541] Proxy disimpan: 3945
2025-07-03T19:35:54.5241220Z [10334/12541] Proxy disimpan: 3946
2025-07-03T19:35:54.5467093Z [10337/12541] Proxy disimpan: 3947
2025-07-03T19:35:54.5862696Z [10336/12541] Proxy disimpan: 3948
2025-07-03T19:35:54.6154796Z [10342/12541] Proxy disimpan: 3949
2025-07-03T19:35:54.6203457Z [10343/12541] Proxy disimpan: 3950
2025-07-03T19:35:54.6484803Z [10344/12541] Proxy disimpan: 3951
2025-07-03T19:35:54.6736933Z [10345/12541] Proxy disimpan: 3952
2025-07-03T19:35:54.6937186Z [10346/12541] Proxy disimpan: 3953
2025-07-03T19:35:54.6992556Z [10347/12541] Proxy disimpan: 3954
2025-07-03T19:35:54.7330484Z [10348/12541] Proxy disimpan: 3955
2025-07-03T19:35:54.7712509Z [10350/12541] Proxy disimpan: 3956
2025-07-03T19:35:54.9809777Z [10353/12541] Proxy disimpan: 3957
2025-07-03T19:35:55.0380601Z [10357/12541] Proxy disimpan: 3958
2025-07-03T19:35:55.0431544Z [10356/12541] Proxy disimpan: 3959
2025-07-03T19:35:55.0645176Z [10354/12541] Proxy disimpan: 3960
2025-07-03T19:35:55.0673058Z [10361/12541] Proxy disimpan: 3961
2025-07-03T19:35:55.1479253Z [10363/12541] Proxy disimpan: 3962
2025-07-03T19:35:55.2072571Z [10369/12541] Proxy disimpan: 3963
2025-07-03T19:35:55.2223000Z [10376/12541] Proxy disimpan: 3964
2025-07-03T19:35:55.2272417Z [10373/12541] Proxy disimpan: 3965
2025-07-03T19:35:55.2485299Z [10377/12541] Proxy disimpan: 3966
2025-07-03T19:35:55.2593590Z [10379/12541] Proxy disimpan: 3967
2025-07-03T19:35:55.2627824Z [10381/12541] Proxy disimpan: 3968
2025-07-03T19:35:55.2667972Z [10371/12541] Proxy disimpan: 3969
2025-07-03T19:35:55.3178168Z [10383/12541] Proxy disimpan: 3970
2025-07-03T19:35:55.3535950Z [10388/12541] Proxy disimpan: 3971
2025-07-03T19:35:55.3646243Z [10387/12541] Proxy disimpan: 3972
2025-07-03T19:35:55.4121645Z [10390/12541] Proxy disimpan: 3973
2025-07-03T19:35:55.4235796Z [10391/12541] Proxy disimpan: 3974
2025-07-03T19:35:55.4580196Z [10393/12541] Proxy disimpan: 3975
2025-07-03T19:35:55.4628364Z [10394/12541] Proxy disimpan: 3976
2025-07-03T19:35:55.4693886Z [10396/12541] Proxy disimpan: 3977
2025-07-03T19:35:55.4737874Z [10395/12541] Proxy disimpan: 3978
2025-07-03T19:35:55.5079284Z [10398/12541] Proxy disimpan: 3979
2025-07-03T19:35:55.5332941Z [10397/12541] Proxy disimpan: 3980
2025-07-03T19:35:55.5708769Z [10400/12541] Proxy disimpan: 3981
2025-07-03T19:35:55.5709161Z [10401/12541] Proxy disimpan: 3982
2025-07-03T19:35:55.5745944Z [10392/12541] Proxy disimpan: 3983
2025-07-03T19:35:55.5868856Z [10403/12541] Proxy disimpan: 3984
2025-07-03T19:35:55.6186304Z [10402/12541] Proxy disimpan: 3985
2025-07-03T19:35:55.6627516Z [10405/12541] Proxy disimpan: 3986
2025-07-03T19:35:55.6860726Z [10406/12541] Proxy disimpan: 3987
2025-07-03T19:35:55.7449155Z [10407/12541] Proxy disimpan: 3988
2025-07-03T19:35:55.7449638Z [10409/12541] Proxy disimpan: 3989
2025-07-03T19:35:55.7580831Z [10408/12541] Proxy disimpan: 3990
2025-07-03T19:35:55.7607925Z [10410/12541] Proxy disimpan: 3991
2025-07-03T19:35:55.7632994Z [10411/12541] Proxy disimpan: 3992
2025-07-03T19:35:55.7898815Z [10412/12541] Proxy disimpan: 3993
2025-07-03T19:35:55.7963421Z [10413/12541] Proxy disimpan: 3994
2025-07-03T19:35:55.8301074Z [10415/12541] Proxy disimpan: 3995
2025-07-03T19:35:55.8539463Z [10416/12541] Proxy disimpan: 3996
2025-07-03T19:35:55.8563819Z [10417/12541] Proxy disimpan: 3997
2025-07-03T19:35:55.8904144Z [10419/12541] Proxy disimpan: 3998
2025-07-03T19:35:55.9163391Z [10420/12541] Proxy disimpan: 3999
2025-07-03T19:35:55.9492133Z [10421/12541] Proxy disimpan: 4000
2025-07-03T19:35:55.9879346Z [10426/12541] Proxy disimpan: 4001
2025-07-03T19:35:56.0322681Z [10429/12541] Proxy disimpan: 4002
2025-07-03T19:35:56.0388973Z [10428/12541] Proxy disimpan: 4003
2025-07-03T19:35:56.0880350Z [10430/12541] Proxy disimpan: 4004
2025-07-03T19:35:56.0901442Z [10433/12541] Proxy disimpan: 4005
2025-07-03T19:35:56.1062695Z [10434/12541] Proxy disimpan: 4006
2025-07-03T19:35:56.1399540Z [10436/12541] Proxy disimpan: 4007
2025-07-03T19:35:56.1417419Z [10437/12541] Proxy disimpan: 4008
2025-07-03T19:35:56.2122984Z [10440/12541] Proxy disimpan: 4009
2025-07-03T19:35:56.2656492Z [10441/12541] Proxy disimpan: 4010
2025-07-03T19:35:56.2859401Z [10423/12541] Proxy disimpan: 4011
2025-07-03T19:35:56.3006216Z [10445/12541] Proxy disimpan: 4012
2025-07-03T19:35:56.3274740Z [10447/12541] Proxy disimpan: 4013
2025-07-03T19:35:56.3349980Z [10448/12541] Proxy disimpan: 4014
2025-07-03T19:35:56.3419891Z [10443/12541] Proxy disimpan: 4015
2025-07-03T19:35:56.3527241Z [10450/12541] Proxy disimpan: 4016
2025-07-03T19:35:56.3661206Z [10452/12541] Proxy disimpan: 4017
2025-07-03T19:35:56.3663048Z [10449/12541] Proxy disimpan: 4018
2025-07-03T19:35:56.4084436Z [10451/12541] Proxy disimpan: 4019
2025-07-03T19:35:56.4327347Z [10458/12541] Proxy disimpan: 4020
2025-07-03T19:35:56.4369690Z [10456/12541] Proxy disimpan: 4021
2025-07-03T19:35:56.4475762Z [10457/12541] Proxy disimpan: 4022
2025-07-03T19:35:56.4634198Z [10460/12541] Proxy disimpan: 4023
2025-07-03T19:35:56.4846446Z [10462/12541] Proxy disimpan: 4024
2025-07-03T19:35:56.4921322Z [10461/12541] Proxy disimpan: 4025
2025-07-03T19:35:56.5083841Z [10463/12541] Proxy disimpan: 4026
2025-07-03T19:35:56.5224679Z [10467/12541] Proxy disimpan: 4027
2025-07-03T19:35:56.5553585Z [10468/12541] Proxy disimpan: 4028
2025-07-03T19:35:56.5572970Z [10469/12541] Proxy disimpan: 4029
2025-07-03T19:35:56.5725151Z [10471/12541] Proxy disimpan: 4030
2025-07-03T19:35:56.6159398Z [10475/12541] Proxy disimpan: 4031
2025-07-03T19:35:56.6523354Z [10476/12541] Proxy disimpan: 4032
2025-07-03T19:35:56.6540734Z [10480/12541] Proxy disimpan: 4033
2025-07-03T19:35:56.6731837Z [10478/12541] Proxy disimpan: 4034
2025-07-03T19:35:56.7316577Z [10484/12541] Proxy disimpan: 4035
2025-07-03T19:35:56.7337895Z [10482/12541] Proxy disimpan: 4036
2025-07-03T19:35:56.7431298Z [10483/12541] Proxy disimpan: 4037
2025-07-03T19:35:56.7719295Z [10481/12541] Proxy disimpan: 4038
2025-07-03T19:35:56.7839318Z [10485/12541] Proxy disimpan: 4039
2025-07-03T19:35:56.8016769Z [10486/12541] Proxy disimpan: 4040
2025-07-03T19:35:56.8144818Z [10487/12541] Proxy disimpan: 4041
2025-07-03T19:35:56.8291989Z [10488/12541] Proxy disimpan: 4042
2025-07-03T19:35:56.8690165Z [10492/12541] Proxy disimpan: 4043
2025-07-03T19:35:56.9042881Z [10493/12541] Proxy disimpan: 4044
2025-07-03T19:35:56.9252976Z [10497/12541] Proxy disimpan: 4045
2025-07-03T19:35:56.9295039Z [10496/12541] Proxy disimpan: 4046
2025-07-03T19:35:56.9489244Z [10499/12541] Proxy disimpan: 4047
2025-07-03T19:35:56.9689763Z [10501/12541] Proxy disimpan: 4048
2025-07-03T19:35:57.0179516Z [10508/12541] Proxy disimpan: 4049
2025-07-03T19:35:57.0198416Z [10504/12541] Proxy disimpan: 4050
2025-07-03T19:35:57.0236292Z [10505/12541] Proxy disimpan: 4051
2025-07-03T19:35:57.0435963Z [10510/12541] Proxy disimpan: 4052
2025-07-03T19:35:57.0928819Z [10513/12541] Proxy disimpan: 4053
2025-07-03T19:35:57.1410435Z [10519/12541] Proxy disimpan: 4054
2025-07-03T19:35:57.1681813Z [10520/12541] Proxy disimpan: 4055
2025-07-03T19:35:57.1782224Z [10518/12541] Proxy disimpan: 4056
2025-07-03T19:35:57.1811123Z [10523/12541] Proxy disimpan: 4057
2025-07-03T19:35:57.1880254Z [10524/12541] Proxy disimpan: 4058
2025-07-03T19:35:57.1929738Z [10525/12541] Proxy disimpan: 4059
2025-07-03T19:35:57.2748823Z [10529/12541] Proxy disimpan: 4060
2025-07-03T19:35:57.3040980Z [10532/12541] Proxy disimpan: 4061
2025-07-03T19:35:57.3077893Z [10533/12541] Proxy disimpan: 4062
2025-07-03T19:35:57.3175196Z [10534/12541] Proxy disimpan: 4063
2025-07-03T19:35:57.3376952Z [10537/12541] Proxy disimpan: 4064
2025-07-03T19:35:57.3446735Z [10535/12541] Proxy disimpan: 4065
2025-07-03T19:35:57.4297729Z [10542/12541] Proxy disimpan: 4066
2025-07-03T19:35:57.4338995Z [10541/12541] Proxy disimpan: 4067
2025-07-03T19:35:57.4487102Z [10546/12541] Proxy disimpan: 4068
2025-07-03T19:35:57.4519473Z [10545/12541] Proxy disimpan: 4069
2025-07-03T19:35:57.4644791Z [10548/12541] Proxy disimpan: 4070
2025-07-03T19:35:57.4754276Z [10549/12541] Proxy disimpan: 4071
2025-07-03T19:35:57.4881200Z [10551/12541] Proxy disimpan: 4072
2025-07-03T19:35:57.4913901Z [10550/12541] Proxy disimpan: 4073
2025-07-03T19:35:57.5073452Z [10555/12541] Proxy disimpan: 4074
2025-07-03T19:35:57.5171542Z [10554/12541] Proxy disimpan: 4075
2025-07-03T19:35:57.5190209Z [10556/12541] Proxy disimpan: 4076
2025-07-03T19:35:57.5429660Z [10557/12541] Proxy disimpan: 4077
2025-07-03T19:35:57.5514311Z [10560/12541] Proxy disimpan: 4078
2025-07-03T19:35:57.5520634Z [10559/12541] Proxy disimpan: 4079
2025-07-03T19:35:57.5731669Z [10564/12541] Proxy disimpan: 4080
2025-07-03T19:35:57.6246669Z [10568/12541] Proxy disimpan: 4081
2025-07-03T19:35:57.6489790Z [10569/12541] Proxy disimpan: 4082
2025-07-03T19:35:57.6612573Z [10571/12541] Proxy disimpan: 4083
2025-07-03T19:35:57.6639965Z [10572/12541] Proxy disimpan: 4084
2025-07-03T19:35:57.6980957Z [10577/12541] Proxy disimpan: 4085
2025-07-03T19:35:57.6992110Z [10576/12541] Proxy disimpan: 4086
2025-07-03T19:35:57.7108898Z [10574/12541] Proxy disimpan: 4087
2025-07-03T19:35:57.7441566Z [10581/12541] Proxy disimpan: 4088
2025-07-03T19:35:57.7914894Z [10575/12541] Proxy disimpan: 4089
2025-07-03T19:35:57.7981093Z [10583/12541] Proxy disimpan: 4090
2025-07-03T19:35:57.8344711Z [10589/12541] Proxy disimpan: 4091
2025-07-03T19:35:57.8389716Z [10590/12541] Proxy disimpan: 4092
2025-07-03T19:35:57.8590532Z [10592/12541] Proxy disimpan: 4093
2025-07-03T19:35:57.8647104Z [10588/12541] Proxy disimpan: 4094
2025-07-03T19:35:57.8743964Z [10593/12541] Proxy disimpan: 4095
2025-07-03T19:35:57.9463428Z [10597/12541] Proxy disimpan: 4096
2025-07-03T19:35:57.9482311Z [10598/12541] Proxy disimpan: 4097
2025-07-03T19:35:58.0067464Z [10601/12541] Proxy disimpan: 4098
2025-07-03T19:35:58.0085248Z [10599/12541] Proxy disimpan: 4099
2025-07-03T19:35:58.0229467Z [10603/12541] Proxy disimpan: 4100
2025-07-03T19:35:58.0455020Z [10609/12541] Proxy disimpan: 4101
2025-07-03T19:35:58.0495222Z [10605/12541] Proxy disimpan: 4102
2025-07-03T19:35:58.0524331Z [10608/12541] Proxy disimpan: 4103
2025-07-03T19:35:58.0996126Z [10610/12541] Proxy disimpan: 4104
2025-07-03T19:35:58.1245840Z [10617/12541] Proxy disimpan: 4105
2025-07-03T19:35:58.1420297Z [10618/12541] Proxy disimpan: 4106
2025-07-03T19:35:58.1568005Z [10616/12541] Proxy disimpan: 4107
2025-07-03T19:35:58.1809704Z [10615/12541] Proxy disimpan: 4108
2025-07-03T19:35:58.2171269Z [10624/12541] Proxy disimpan: 4109
2025-07-03T19:35:58.2351208Z [10626/12541] Proxy disimpan: 4110
2025-07-03T19:35:58.2487916Z [10629/12541] Proxy disimpan: 4111
2025-07-03T19:35:58.2489112Z [10625/12541] Proxy disimpan: 4112
2025-07-03T19:35:58.2537664Z [10627/12541] Proxy disimpan: 4113
2025-07-03T19:35:58.3217507Z [10632/12541] Proxy disimpan: 4114
2025-07-03T19:35:58.3339757Z [10631/12541] Proxy disimpan: 4115
2025-07-03T19:35:58.3870904Z [10637/12541] Proxy disimpan: 4116
2025-07-03T19:35:58.3888882Z [10636/12541] Proxy disimpan: 4117
2025-07-03T19:35:58.4175247Z [10638/12541] Proxy disimpan: 4118
2025-07-03T19:35:58.4313396Z [10641/12541] Proxy disimpan: 4119
2025-07-03T19:35:58.4431166Z [10642/12541] Proxy disimpan: 4120
2025-07-03T19:35:58.4974217Z [10648/12541] Proxy disimpan: 4121
2025-07-03T19:35:58.5522267Z [10633/12541] Proxy disimpan: 4122
2025-07-03T19:35:58.6632916Z [10647/12541] Proxy disimpan: 4123
2025-07-03T19:35:58.6961801Z [10666/12541] Proxy disimpan: 4124
2025-07-03T19:35:58.7341508Z [10680/12541] Proxy disimpan: 4125
2025-07-03T19:35:58.7849298Z [10651/12541] Proxy disimpan: 4126
2025-07-03T19:35:58.7884615Z [10673/12541] Proxy disimpan: 4127
2025-07-03T19:35:58.8171866Z [10674/12541] Proxy disimpan: 4128
2025-07-03T19:35:58.8247143Z [10678/12541] Proxy disimpan: 4129
2025-07-03T19:35:58.8599332Z [10580/12541] Proxy disimpan: 4130
2025-07-03T19:35:58.8767510Z [10664/12541] Proxy disimpan: 4131
2025-07-03T19:35:58.8960524Z [10665/12541] Proxy disimpan: 4132
2025-07-03T19:35:58.9085331Z [10658/12541] Proxy disimpan: 4133
2025-07-03T19:35:58.9231903Z [10683/12541] Proxy disimpan: 4134
2025-07-03T19:35:58.9342702Z [10670/12541] Proxy disimpan: 4135
2025-07-03T19:35:58.9360960Z [10685/12541] Proxy disimpan: 4136
2025-07-03T19:35:58.9506817Z [10687/12541] Proxy disimpan: 4137
2025-07-03T19:35:58.9658678Z [10686/12541] Proxy disimpan: 4138
2025-07-03T19:35:58.9748906Z [10690/12541] Proxy disimpan: 4139
2025-07-03T19:35:59.0036217Z [10695/12541] Proxy disimpan: 4140
2025-07-03T19:35:59.0115503Z [10694/12541] Proxy disimpan: 4141
2025-07-03T19:35:59.0509161Z [10671/12541] Proxy disimpan: 4142
2025-07-03T19:35:59.1612966Z [10709/12541] Proxy disimpan: 4143
2025-07-03T19:35:59.2161998Z [10715/12541] Proxy disimpan: 4144
2025-07-03T19:35:59.2200992Z [10714/12541] Proxy disimpan: 4145
2025-07-03T19:35:59.2306203Z [10716/12541] Proxy disimpan: 4146
2025-07-03T19:35:59.2811282Z [10702/12541] Proxy disimpan: 4147
2025-07-03T19:35:59.2949380Z [10726/12541] Proxy disimpan: 4148
2025-07-03T19:35:59.2965784Z [10721/12541] Proxy disimpan: 4149
2025-07-03T19:35:59.3249285Z [10728/12541] Proxy disimpan: 4150
2025-07-03T19:35:59.4418982Z [10710/12541] Proxy disimpan: 4151
2025-07-03T19:35:59.4509649Z [10739/12541] Proxy disimpan: 4152
2025-07-03T19:35:59.4633178Z [10741/12541] Proxy disimpan: 4153
2025-07-03T19:35:59.5412587Z [10718/12541] Proxy disimpan: 4154
2025-07-03T19:35:59.7186778Z [10761/12541] Proxy disimpan: 4155
2025-07-03T19:35:59.7339945Z [10750/12541] Proxy disimpan: 4156
2025-07-03T19:35:59.7442768Z [10764/12541] Proxy disimpan: 4157
2025-07-03T19:35:59.8033838Z [10712/12541] Proxy disimpan: 4158
2025-07-03T19:35:59.8525708Z [10774/12541] Proxy disimpan: 4159
2025-07-03T19:35:59.8589068Z [10775/12541] Proxy disimpan: 4160
2025-07-03T19:35:59.8631665Z [10771/12541] Proxy disimpan: 4161
2025-07-03T19:35:59.8754718Z [10770/12541] Proxy disimpan: 4162
2025-07-03T19:35:59.8793392Z [10777/12541] Proxy disimpan: 4163
2025-07-03T19:35:59.8848263Z [10767/12541] Proxy disimpan: 4164
2025-07-03T19:35:59.8876933Z [10769/12541] Proxy disimpan: 4165
2025-07-03T19:35:59.8955869Z [10779/12541] Proxy disimpan: 4166
2025-07-03T19:36:00.0277551Z [10783/12541] Proxy disimpan: 4167
2025-07-03T19:36:00.0512526Z [10782/12541] Proxy disimpan: 4168
2025-07-03T19:36:00.2123882Z [10787/12541] Proxy disimpan: 4169
2025-07-03T19:36:00.2440291Z [10780/12541] Proxy disimpan: 4170
2025-07-03T19:36:00.3926969Z [10797/12541] Proxy disimpan: 4171
2025-07-03T19:36:00.4222960Z [10796/12541] Proxy disimpan: 4172
2025-07-03T19:36:00.4350526Z [10799/12541] Proxy disimpan: 4173
2025-07-03T19:36:00.4380720Z [10802/12541] Proxy disimpan: 4174
2025-07-03T19:36:00.4434562Z [10800/12541] Proxy disimpan: 4175
2025-07-03T19:36:00.5837638Z [10813/12541] Proxy disimpan: 4176
2025-07-03T19:36:00.6345718Z [10803/12541] Proxy disimpan: 4177
2025-07-03T19:36:00.6534470Z [10816/12541] Proxy disimpan: 4178
2025-07-03T19:36:00.7181273Z [10817/12541] Proxy disimpan: 4179
2025-07-03T19:36:00.8005693Z [10819/12541] Proxy disimpan: 4180
2025-07-03T19:36:00.9731014Z [10822/12541] Proxy disimpan: 4181
2025-07-03T19:36:00.9911862Z [10824/12541] Proxy disimpan: 4182
2025-07-03T19:36:01.1569455Z [10830/12541] Proxy disimpan: 4183
2025-07-03T19:36:01.1699663Z [10831/12541] Proxy disimpan: 4184
2025-07-03T19:36:01.1943418Z [10833/12541] Proxy disimpan: 4185
2025-07-03T19:36:01.1954936Z [10820/12541] Proxy disimpan: 4186
2025-07-03T19:36:01.2063154Z [10834/12541] Proxy disimpan: 4187
2025-07-03T19:36:01.2814947Z [10801/12541] Proxy disimpan: 4188
2025-07-03T19:36:01.3560864Z [10837/12541] Proxy disimpan: 4189
2025-07-03T19:36:01.3826427Z [10836/12541] Proxy disimpan: 4190
2025-07-03T19:36:01.5107632Z [10838/12541] Proxy disimpan: 4191
2025-07-03T19:36:01.5616970Z [10839/12541] Proxy disimpan: 4192
2025-07-03T19:36:01.7649035Z [10846/12541] Proxy disimpan: 4193
2025-07-03T19:36:01.9150087Z [10692/12541] Proxy disimpan: 4194
2025-07-03T19:36:01.9247438Z [10849/12541] Proxy disimpan: 4195
2025-07-03T19:36:01.9450692Z [10851/12541] Proxy disimpan: 4196
2025-07-03T19:36:01.9494790Z [10843/12541] Proxy disimpan: 4197
2025-07-03T19:36:02.3014126Z [10859/12541] Proxy disimpan: 4198
2025-07-03T19:36:02.3244923Z [10860/12541] Proxy disimpan: 4199
2025-07-03T19:36:02.3904995Z [10864/12541] Proxy disimpan: 4200
2025-07-03T19:36:02.4160300Z [10865/12541] Proxy disimpan: 4201
2025-07-03T19:36:02.4445632Z [10847/12541] Proxy disimpan: 4202
2025-07-03T19:36:02.4842566Z [10861/12541] Proxy disimpan: 4203
2025-07-03T19:36:02.8097092Z [10868/12541] Proxy disimpan: 4204
2025-07-03T19:36:02.9458232Z [10875/12541] Proxy disimpan: 4205
2025-07-03T19:36:02.9703609Z [10876/12541] Proxy disimpan: 4206
2025-07-03T19:36:02.9712128Z [10879/12541] Proxy disimpan: 4207
2025-07-03T19:36:02.9785903Z [10874/12541] Proxy disimpan: 4208
2025-07-03T19:36:03.0031405Z [10887/12541] Proxy disimpan: 4209
2025-07-03T19:36:03.0509517Z [10882/12541] Proxy disimpan: 4210
2025-07-03T19:36:03.0525843Z [10880/12541] Proxy disimpan: 4211
2025-07-03T19:36:03.0970744Z [10894/12541] Proxy disimpan: 4212
2025-07-03T19:36:03.1338166Z [10884/12541] Proxy disimpan: 4213
2025-07-03T19:36:03.2830886Z [10896/12541] Proxy disimpan: 4214
2025-07-03T19:36:03.3188998Z [10901/12541] Proxy disimpan: 4215
2025-07-03T19:36:03.4465322Z [10913/12541] Proxy disimpan: 4216
2025-07-03T19:36:03.5549369Z [10916/12541] Proxy disimpan: 4217
2025-07-03T19:36:03.5901872Z [10920/12541] Proxy disimpan: 4218
2025-07-03T19:36:03.6282374Z [10926/12541] Proxy disimpan: 4219
2025-07-03T19:36:03.6361407Z [10883/12541] Proxy disimpan: 4220
2025-07-03T19:36:03.7079333Z [10933/12541] Proxy disimpan: 4221
2025-07-03T19:36:03.7279124Z [10929/12541] Proxy disimpan: 4222
2025-07-03T19:36:03.7280541Z [10934/12541] Proxy disimpan: 4223
2025-07-03T19:36:03.7313862Z [10930/12541] Proxy disimpan: 4224
2025-07-03T19:36:03.7392279Z [10936/12541] Proxy disimpan: 4225
2025-07-03T19:36:03.7409330Z [10932/12541] Proxy disimpan: 4226
2025-07-03T19:36:03.7456525Z [10928/12541] Proxy disimpan: 4227
2025-07-03T19:36:03.7537171Z [10935/12541] Proxy disimpan: 4228
2025-07-03T19:36:03.8613335Z [10940/12541] Proxy disimpan: 4229
2025-07-03T19:36:03.9096190Z [10945/12541] Proxy disimpan: 4230
2025-07-03T19:36:03.9295027Z [10944/12541] Proxy disimpan: 4231
2025-07-03T19:36:03.9779182Z [10947/12541] Proxy disimpan: 4232
2025-07-03T19:36:03.9796987Z [10946/12541] Proxy disimpan: 4233
2025-07-03T19:36:04.0029579Z [10948/12541] Proxy disimpan: 4234
2025-07-03T19:36:04.0138764Z [10949/12541] Proxy disimpan: 4235
2025-07-03T19:36:04.0484406Z [10904/12541] Proxy disimpan: 4236
2025-07-03T19:36:04.0780120Z [10950/12541] Proxy disimpan: 4237
2025-07-03T19:36:04.2069994Z [10960/12541] Proxy disimpan: 4238
2025-07-03T19:36:04.2117135Z [10958/12541] Proxy disimpan: 4239
2025-07-03T19:36:04.2144404Z [10959/12541] Proxy disimpan: 4240
2025-07-03T19:36:04.3061961Z [10966/12541] Proxy disimpan: 4241
2025-07-03T19:36:04.3127555Z [10977/12541] Proxy disimpan: 4242
2025-07-03T19:36:04.3992611Z [10980/12541] Proxy disimpan: 4243
2025-07-03T19:36:04.4236234Z [10970/12541] Proxy disimpan: 4244
2025-07-03T19:36:04.5076239Z [10989/12541] Proxy disimpan: 4245
2025-07-03T19:36:04.6007303Z [10998/12541] Proxy disimpan: 4246
2025-07-03T19:36:04.7703437Z [11010/12541] Proxy disimpan: 4247
2025-07-03T19:36:04.7916295Z [11011/12541] Proxy disimpan: 4248
2025-07-03T19:36:04.8444132Z [11012/12541] Proxy disimpan: 4249
2025-07-03T19:36:04.8857475Z [11018/12541] Proxy disimpan: 4250
2025-07-03T19:36:04.9732708Z [11020/12541] Proxy disimpan: 4251
2025-07-03T19:36:05.0820639Z [11027/12541] Proxy disimpan: 4252
2025-07-03T19:36:05.3204680Z [11033/12541] Proxy disimpan: 4253
2025-07-03T19:36:05.3256083Z [11037/12541] Proxy disimpan: 4254
2025-07-03T19:36:05.3938871Z [11034/12541] Proxy disimpan: 4255
2025-07-03T19:36:05.5611845Z [11048/12541] Proxy disimpan: 4256
2025-07-03T19:36:05.6040489Z [11052/12541] Proxy disimpan: 4257
2025-07-03T19:36:05.6403364Z [11053/12541] Proxy disimpan: 4258
2025-07-03T19:36:05.6432576Z [11056/12541] Proxy disimpan: 4259
2025-07-03T19:36:05.7350185Z [11060/12541] Proxy disimpan: 4260
2025-07-03T19:36:06.0287643Z [11075/12541] Proxy disimpan: 4261
2025-07-03T19:36:06.0430254Z [11070/12541] Proxy disimpan: 4262
2025-07-03T19:36:06.0719625Z [11069/12541] Proxy disimpan: 4263
2025-07-03T19:36:06.2747481Z [11082/12541] Proxy disimpan: 4264
2025-07-03T19:36:06.7406609Z [11098/12541] Proxy disimpan: 4265
2025-07-03T19:36:06.8173048Z [11087/12541] Proxy disimpan: 4266
2025-07-03T19:36:06.8655681Z [11005/12541] Proxy disimpan: 4267
2025-07-03T19:36:06.9845592Z [11102/12541] Proxy disimpan: 4268
2025-07-03T19:36:07.1126624Z [11105/12541] Proxy disimpan: 4269
2025-07-03T19:36:07.2123507Z [11107/12541] Proxy disimpan: 4270
2025-07-03T19:36:07.3455584Z [11112/12541] Proxy disimpan: 4271
2025-07-03T19:36:07.3533544Z [11108/12541] Proxy disimpan: 4272
2025-07-03T19:36:07.5396297Z [11083/12541] Proxy disimpan: 4273
2025-07-03T19:36:07.5941726Z [11114/12541] Proxy disimpan: 4274
2025-07-03T19:36:07.8335721Z [11110/12541] Proxy disimpan: 4275
2025-07-03T19:36:07.9165216Z [11129/12541] Proxy disimpan: 4276
2025-07-03T19:36:07.9675664Z [11131/12541] Proxy disimpan: 4277
2025-07-03T19:36:07.9917220Z [11138/12541] Proxy disimpan: 4278
2025-07-03T19:36:07.9972206Z [11140/12541] Proxy disimpan: 4279
2025-07-03T19:36:08.0377123Z [11142/12541] Proxy disimpan: 4280
2025-07-03T19:36:08.0564640Z [11122/12541] Proxy disimpan: 4281
2025-07-03T19:36:08.0610678Z [11139/12541] Proxy disimpan: 4282
2025-07-03T19:36:08.0777652Z [11134/12541] Proxy disimpan: 4283
2025-07-03T19:36:08.0890587Z [11147/12541] Proxy disimpan: 4284
2025-07-03T19:36:08.1085468Z [11149/12541] Proxy disimpan: 4285
2025-07-03T19:36:08.1203368Z [11150/12541] Proxy disimpan: 4286
2025-07-03T19:36:08.1317350Z [11151/12541] Proxy disimpan: 4287
2025-07-03T19:36:08.1445526Z [11117/12541] Proxy disimpan: 4288
2025-07-03T19:36:08.1570423Z [11153/12541] Proxy disimpan: 4289
2025-07-03T19:36:08.2150392Z [11126/12541] Proxy disimpan: 4290
2025-07-03T19:36:08.2167169Z [11158/12541] Proxy disimpan: 4291
2025-07-03T19:36:08.2226270Z [11159/12541] Proxy disimpan: 4292
2025-07-03T19:36:08.2490982Z [11152/12541] Proxy disimpan: 4293
2025-07-03T19:36:08.2539527Z [11146/12541] Proxy disimpan: 4294
2025-07-03T19:36:08.2660327Z [11119/12541] Proxy disimpan: 4295
2025-07-03T19:36:08.3130320Z [11128/12541] Proxy disimpan: 4296
2025-07-03T19:36:08.3148035Z [11160/12541] Proxy disimpan: 4297
2025-07-03T19:36:08.3504716Z [11157/12541] Proxy disimpan: 4298
2025-07-03T19:36:08.3627929Z [11155/12541] Proxy disimpan: 4299
2025-07-03T19:36:08.3704527Z [11177/12541] Proxy disimpan: 4300
2025-07-03T19:36:08.3871483Z [11179/12541] Proxy disimpan: 4301
2025-07-03T19:36:08.4136753Z [11180/12541] Proxy disimpan: 4302
2025-07-03T19:36:08.4145303Z [11174/12541] Proxy disimpan: 4303
2025-07-03T19:36:08.4213478Z [11172/12541] Proxy disimpan: 4304
2025-07-03T19:36:08.4537396Z [11171/12541] Proxy disimpan: 4305
2025-07-03T19:36:08.4756299Z [11189/12541] Proxy disimpan: 4306
2025-07-03T19:36:08.4941103Z [11192/12541] Proxy disimpan: 4307
2025-07-03T19:36:08.4975227Z [11194/12541] Proxy disimpan: 4308
2025-07-03T19:36:08.5110547Z [11191/12541] Proxy disimpan: 4309
2025-07-03T19:36:08.5334085Z [11167/12541] Proxy disimpan: 4310
2025-07-03T19:36:08.5497477Z [11198/12541] Proxy disimpan: 4311
2025-07-03T19:36:08.5805803Z [11193/12541] Proxy disimpan: 4312
2025-07-03T19:36:08.5859458Z [11184/12541] Proxy disimpan: 4313
2025-07-03T19:36:08.5945143Z [11201/12541] Proxy disimpan: 4314
2025-07-03T19:36:08.5971226Z [11199/12541] Proxy disimpan: 4315
2025-07-03T19:36:08.6147639Z [11202/12541] Proxy disimpan: 4316
2025-07-03T19:36:08.6481734Z [11203/12541] Proxy disimpan: 4317
2025-07-03T19:36:08.6615862Z [11205/12541] Proxy disimpan: 4318
2025-07-03T19:36:08.6947846Z [11206/12541] Proxy disimpan: 4319
2025-07-03T19:36:08.7015608Z [11208/12541] Proxy disimpan: 4320
2025-07-03T19:36:08.7059611Z [11207/12541] Proxy disimpan: 4321
2025-07-03T19:36:08.7112704Z [11211/12541] Proxy disimpan: 4322
2025-07-03T19:36:08.7576285Z [11214/12541] Proxy disimpan: 4323
2025-07-03T19:36:08.7795520Z [11213/12541] Proxy disimpan: 4324
2025-07-03T19:36:08.8081663Z [11215/12541] Proxy disimpan: 4325
2025-07-03T19:36:08.8092395Z [11221/12541] Proxy disimpan: 4326
2025-07-03T19:36:08.8212763Z [11216/12541] Proxy disimpan: 4327
2025-07-03T19:36:08.8216602Z [11226/12541] Proxy disimpan: 4328
2025-07-03T19:36:08.8259752Z [11217/12541] Proxy disimpan: 4329
2025-07-03T19:36:08.8293729Z [11223/12541] Proxy disimpan: 4330
2025-07-03T19:36:08.8303031Z [11220/12541] Proxy disimpan: 4331
2025-07-03T19:36:08.8384118Z [11222/12541] Proxy disimpan: 4332
2025-07-03T19:36:08.8410722Z [11224/12541] Proxy disimpan: 4333
2025-07-03T19:36:08.8434664Z [11225/12541] Proxy disimpan: 4334
2025-07-03T19:36:08.8461967Z [11219/12541] Proxy disimpan: 4335
2025-07-03T19:36:08.8491233Z [11227/12541] Proxy disimpan: 4336
2025-07-03T19:36:08.8791704Z [11230/12541] Proxy disimpan: 4337
2025-07-03T19:36:08.8797812Z [11231/12541] Proxy disimpan: 4338
2025-07-03T19:36:08.8982270Z [11232/12541] Proxy disimpan: 4339
2025-07-03T19:36:08.9105708Z [11228/12541] Proxy disimpan: 4340
2025-07-03T19:36:08.9241370Z [11186/12541] Proxy disimpan: 4341
2025-07-03T19:36:08.9341959Z [11233/12541] Proxy disimpan: 4342
2025-07-03T19:36:08.9415162Z [11240/12541] Proxy disimpan: 4343
2025-07-03T19:36:08.9523966Z [11238/12541] Proxy disimpan: 4344
2025-07-03T19:36:08.9647805Z [11218/12541] Proxy disimpan: 4345
2025-07-03T19:36:08.9703050Z [11239/12541] Proxy disimpan: 4346
2025-07-03T19:36:09.0138636Z [11244/12541] Proxy disimpan: 4347
2025-07-03T19:36:09.0372159Z [11241/12541] Proxy disimpan: 4348
2025-07-03T19:36:09.0416869Z [11252/12541] Proxy disimpan: 4349
2025-07-03T19:36:09.0588865Z [11251/12541] Proxy disimpan: 4350
2025-07-03T19:36:09.1039027Z [11269/12541] Proxy disimpan: 4351
2025-07-03T19:36:09.1072634Z [11261/12541] Proxy disimpan: 4352
2025-07-03T19:36:09.1073651Z [11259/12541] Proxy disimpan: 4353
2025-07-03T19:36:09.1337215Z [11248/12541] Proxy disimpan: 4354
2025-07-03T19:36:09.1475126Z [11270/12541] Proxy disimpan: 4355
2025-07-03T19:36:09.1578105Z [11253/12541] Proxy disimpan: 4356
2025-07-03T19:36:09.1610768Z [11271/12541] Proxy disimpan: 4357
2025-07-03T19:36:09.1722763Z [11275/12541] Proxy disimpan: 4358
2025-07-03T19:36:09.1936774Z [11264/12541] Proxy disimpan: 4359
2025-07-03T19:36:09.2201030Z [11254/12541] Proxy disimpan: 4360
2025-07-03T19:36:09.2634970Z [11279/12541] Proxy disimpan: 4361
2025-07-03T19:36:09.2853657Z [11289/12541] Proxy disimpan: 4362
2025-07-03T19:36:09.2855487Z [11265/12541] Proxy disimpan: 4363
2025-07-03T19:36:09.3074635Z [11266/12541] Proxy disimpan: 4364
2025-07-03T19:36:09.3295474Z [11260/12541] Proxy disimpan: 4365
2025-07-03T19:36:09.3596421Z [11284/12541] Proxy disimpan: 4366
2025-07-03T19:36:09.3626907Z [11281/12541] Proxy disimpan: 4367
2025-07-03T19:36:09.3732832Z [11288/12541] Proxy disimpan: 4368
2025-07-03T19:36:09.3852399Z [11299/12541] Proxy disimpan: 4369
2025-07-03T19:36:09.4005214Z [11292/12541] Proxy disimpan: 4370
2025-07-03T19:36:09.4048794Z [11302/12541] Proxy disimpan: 4371
2025-07-03T19:36:09.4557908Z [11310/12541] Proxy disimpan: 4372
2025-07-03T19:36:09.4733223Z [11295/12541] Proxy disimpan: 4373
2025-07-03T19:36:09.4768270Z [11287/12541] Proxy disimpan: 4374
2025-07-03T19:36:09.5064925Z [11293/12541] Proxy disimpan: 4375
2025-07-03T19:36:09.5365100Z [11319/12541] Proxy disimpan: 4376
2025-07-03T19:36:09.5446420Z [11321/12541] Proxy disimpan: 4377
2025-07-03T19:36:09.5546743Z [11197/12541] Proxy disimpan: 4378
2025-07-03T19:36:09.5594355Z [11196/12541] Proxy disimpan: 4379
2025-07-03T19:36:09.5595339Z [11195/12541] Proxy disimpan: 4380
2025-07-03T19:36:09.5716982Z [11306/12541] Proxy disimpan: 4381
2025-07-03T19:36:09.6070834Z [11304/12541] Proxy disimpan: 4382
2025-07-03T19:36:09.6074018Z [11333/12541] Proxy disimpan: 4383
2025-07-03T19:36:09.6142800Z [11312/12541] Proxy disimpan: 4384
2025-07-03T19:36:09.6184381Z [11329/12541] Proxy disimpan: 4385
2025-07-03T19:36:09.6192189Z [11200/12541] Proxy disimpan: 4386
2025-07-03T19:36:09.6224454Z [11314/12541] Proxy disimpan: 4387
2025-07-03T19:36:09.6412083Z [11330/12541] Proxy disimpan: 4388
2025-07-03T19:36:09.6523588Z [11322/12541] Proxy disimpan: 4389
2025-07-03T19:36:09.6628717Z [11204/12541] Proxy disimpan: 4390
2025-07-03T19:36:09.6710659Z [11337/12541] Proxy disimpan: 4391
2025-07-03T19:36:09.6799379Z [11315/12541] Proxy disimpan: 4392
2025-07-03T19:36:09.6989487Z [11318/12541] Proxy disimpan: 4393
2025-07-03T19:36:09.7016577Z [11341/12541] Proxy disimpan: 4394
2025-07-03T19:36:09.7093431Z [11346/12541] Proxy disimpan: 4395
2025-07-03T19:36:09.7221646Z [11340/12541] Proxy disimpan: 4396
2025-07-03T19:36:09.7249074Z [11326/12541] Proxy disimpan: 4397
2025-07-03T19:36:09.7250215Z [11347/12541] Proxy disimpan: 4398
2025-07-03T19:36:09.7369327Z [11350/12541] Proxy disimpan: 4399
2025-07-03T19:36:09.7473882Z [11212/12541] Proxy disimpan: 4400
2025-07-03T19:36:09.7539343Z [11210/12541] Proxy disimpan: 4401
2025-07-03T19:36:09.7576250Z [11348/12541] Proxy disimpan: 4402
2025-07-03T19:36:09.7603912Z [11209/12541] Proxy disimpan: 4403
2025-07-03T19:36:09.7741505Z [11327/12541] Proxy disimpan: 4404
2025-07-03T19:36:09.8171253Z [11362/12541] Proxy disimpan: 4405
2025-07-03T19:36:09.8609794Z [11373/12541] Proxy disimpan: 4406
2025-07-03T19:36:09.8637497Z [11339/12541] Proxy disimpan: 4407
2025-07-03T19:36:09.8936531Z [11376/12541] Proxy disimpan: 4408
2025-07-03T19:36:09.9075495Z [11378/12541] Proxy disimpan: 4409
2025-07-03T19:36:09.9478765Z [11372/12541] Proxy disimpan: 4410
2025-07-03T19:36:09.9506959Z [11379/12541] Proxy disimpan: 4411
2025-07-03T19:36:09.9790397Z [11381/12541] Proxy disimpan: 4412
2025-07-03T19:36:09.9839523Z [11384/12541] Proxy disimpan: 4413
2025-07-03T19:36:10.0138426Z [11331/12541] Proxy disimpan: 4414
2025-07-03T19:36:10.0251223Z [11388/12541] Proxy disimpan: 4415
2025-07-03T19:36:10.0297425Z [11383/12541] Proxy disimpan: 4416
2025-07-03T19:36:10.0802412Z [11394/12541] Proxy disimpan: 4417
2025-07-03T19:36:10.0912592Z [11393/12541] Proxy disimpan: 4418
2025-07-03T19:36:10.1113058Z [11396/12541] Proxy disimpan: 4419
2025-07-03T19:36:10.1652773Z [11401/12541] Proxy disimpan: 4420
2025-07-03T19:36:10.1746235Z [11400/12541] Proxy disimpan: 4421
2025-07-03T19:36:10.2809599Z [11406/12541] Proxy disimpan: 4422
2025-07-03T19:36:10.3911587Z [11410/12541] Proxy disimpan: 4423
2025-07-03T19:36:10.4100319Z [11409/12541] Proxy disimpan: 4424
2025-07-03T19:36:10.5065380Z [11413/12541] Proxy disimpan: 4425
2025-07-03T19:36:10.5379067Z [11416/12541] Proxy disimpan: 4426
2025-07-03T19:36:10.5550917Z [11415/12541] Proxy disimpan: 4427
2025-07-03T19:36:10.5791996Z [11418/12541] Proxy disimpan: 4428
2025-07-03T19:36:10.6088274Z [11420/12541] Proxy disimpan: 4429
2025-07-03T19:36:10.6301587Z [11426/12541] Proxy disimpan: 4430
2025-07-03T19:36:10.6322599Z [11423/12541] Proxy disimpan: 4431
2025-07-03T19:36:10.6415773Z [11422/12541] Proxy disimpan: 4432
2025-07-03T19:36:10.6476301Z [11425/12541] Proxy disimpan: 4433
2025-07-03T19:36:10.6647380Z [11421/12541] Proxy disimpan: 4434
2025-07-03T19:36:11.1576480Z [11445/12541] Proxy disimpan: 4435
2025-07-03T19:36:11.2348711Z [11447/12541] Proxy disimpan: 4436
2025-07-03T19:36:11.3100293Z [11448/12541] Proxy disimpan: 4437
2025-07-03T19:36:11.3868190Z [11452/12541] Proxy disimpan: 4438
2025-07-03T19:36:11.5329403Z [11454/12541] Proxy disimpan: 4439
2025-07-03T19:36:12.0879822Z [11462/12541] Proxy disimpan: 4440
2025-07-03T19:36:12.4353585Z [11466/12541] Proxy disimpan: 4441
2025-07-03T19:36:12.5376967Z [11467/12541] Proxy disimpan: 4442
2025-07-03T19:36:12.5607337Z [11471/12541] Proxy disimpan: 4443
2025-07-03T19:36:12.5625256Z [11468/12541] Proxy disimpan: 4444
2025-07-03T19:36:12.6394270Z [11472/12541] Proxy disimpan: 4445
2025-07-03T19:36:12.6918286Z [11478/12541] Proxy disimpan: 4446
2025-07-03T19:36:12.7051273Z [11479/12541] Proxy disimpan: 4447
2025-07-03T19:36:12.7488922Z [11480/12541] Proxy disimpan: 4448
2025-07-03T19:36:12.9749845Z [11489/12541] Proxy disimpan: 4449
2025-07-03T19:36:13.0394464Z [11492/12541] Proxy disimpan: 4450
2025-07-03T19:36:13.0716128Z [11494/12541] Proxy disimpan: 4451
2025-07-03T19:36:13.0718915Z [11498/12541] Proxy disimpan: 4452
2025-07-03T19:36:13.1487015Z [11496/12541] Proxy disimpan: 4453
2025-07-03T19:36:13.1539222Z [11502/12541] Proxy disimpan: 4454
2025-07-03T19:36:13.1814058Z [11505/12541] Proxy disimpan: 4455
2025-07-03T19:36:13.2383863Z [11508/12541] Proxy disimpan: 4456
2025-07-03T19:36:13.2524952Z [11511/12541] Proxy disimpan: 4457
2025-07-03T19:36:13.2932509Z [11510/12541] Proxy disimpan: 4458
2025-07-03T19:36:13.3323666Z [11493/12541] Proxy disimpan: 4459
2025-07-03T19:36:13.3785801Z [11522/12541] Proxy disimpan: 4460
2025-07-03T19:36:13.3882930Z [11515/12541] Proxy disimpan: 4461
2025-07-03T19:36:13.3927820Z [11521/12541] Proxy disimpan: 4462
2025-07-03T19:36:13.4040361Z [11513/12541] Proxy disimpan: 4463
2025-07-03T19:36:13.4091357Z [11523/12541] Proxy disimpan: 4464
2025-07-03T19:36:13.4708923Z [11524/12541] Proxy disimpan: 4465
2025-07-03T19:36:13.4726150Z [11503/12541] Proxy disimpan: 4466
2025-07-03T19:36:13.4867034Z [11528/12541] Proxy disimpan: 4467
2025-07-03T19:36:13.5005694Z [11527/12541] Proxy disimpan: 4468
2025-07-03T19:36:13.5162683Z [11526/12541] Proxy disimpan: 4469
2025-07-03T19:36:13.5497885Z [11530/12541] Proxy disimpan: 4470
2025-07-03T19:36:13.5561907Z [11529/12541] Proxy disimpan: 4471
2025-07-03T19:36:13.5718853Z [11533/12541] Proxy disimpan: 4472
2025-07-03T19:36:13.6006118Z [11534/12541] Proxy disimpan: 4473
2025-07-03T19:36:13.6262845Z [11536/12541] Proxy disimpan: 4474
2025-07-03T19:36:13.7029842Z [11541/12541] Proxy disimpan: 4475
2025-07-03T19:36:13.7112953Z [11542/12541] Proxy disimpan: 4476
2025-07-03T19:36:13.7764727Z [11525/12541] Proxy disimpan: 4477
2025-07-03T19:36:13.7837277Z [11543/12541] Proxy disimpan: 4478
2025-07-03T19:36:13.8139126Z [11544/12541] Proxy disimpan: 4479
2025-07-03T19:36:13.8612002Z [11548/12541] Proxy disimpan: 4480
2025-07-03T19:36:13.8671368Z [11547/12541] Proxy disimpan: 4481
2025-07-03T19:36:13.8783553Z [11551/12541] Proxy disimpan: 4482
2025-07-03T19:36:13.8872789Z [11549/12541] Proxy disimpan: 4483
2025-07-03T19:36:13.9262663Z [11556/12541] Proxy disimpan: 4484
2025-07-03T19:36:13.9359251Z [11553/12541] Proxy disimpan: 4485
2025-07-03T19:36:13.9399350Z [11558/12541] Proxy disimpan: 4486
2025-07-03T19:36:13.9523012Z [11561/12541] Proxy disimpan: 4487
2025-07-03T19:36:13.9813933Z [11560/12541] Proxy disimpan: 4488
2025-07-03T19:36:13.9914806Z [11562/12541] Proxy disimpan: 4489
2025-07-03T19:36:13.9983088Z [11567/12541] Proxy disimpan: 4490
2025-07-03T19:36:14.0022150Z [11568/12541] Proxy disimpan: 4491
2025-07-03T19:36:14.0049230Z [11566/12541] Proxy disimpan: 4492
2025-07-03T19:36:14.0050636Z [11563/12541] Proxy disimpan: 4493
2025-07-03T19:36:14.0238395Z [11569/12541] Proxy disimpan: 4494
2025-07-03T19:36:14.1214654Z [11572/12541] Proxy disimpan: 4495
2025-07-03T19:36:14.1400003Z [11578/12541] Proxy disimpan: 4496
2025-07-03T19:36:14.2223807Z [11598/12541] Proxy disimpan: 4497
2025-07-03T19:36:14.2822237Z [11602/12541] Proxy disimpan: 4498
2025-07-03T19:36:14.3653921Z [11574/12541] Proxy disimpan: 4499
2025-07-03T19:36:14.4591214Z [11565/12541] Proxy disimpan: 4500
2025-07-03T19:36:14.6631606Z [11639/12541] Proxy disimpan: 4501
2025-07-03T19:36:14.7706113Z [11576/12541] Proxy disimpan: 4502
2025-07-03T19:36:14.9857699Z [11554/12541] Proxy disimpan: 4503
2025-07-03T19:36:15.1119728Z [11687/12541] Proxy disimpan: 4504
2025-07-03T19:36:15.1508837Z [11688/12541] Proxy disimpan: 4505
2025-07-03T19:36:15.2297371Z [11694/12541] Proxy disimpan: 4506
2025-07-03T19:36:15.2734306Z [11697/12541] Proxy disimpan: 4507
2025-07-03T19:36:15.3106249Z [11699/12541] Proxy disimpan: 4508
2025-07-03T19:36:15.3439141Z [11689/12541] Proxy disimpan: 4509
2025-07-03T19:36:15.3598172Z [11700/12541] Proxy disimpan: 4510
2025-07-03T19:36:15.4717403Z [11698/12541] Proxy disimpan: 4511
2025-07-03T19:36:15.4892476Z [11705/12541] Proxy disimpan: 4512
2025-07-03T19:36:15.4985557Z [11702/12541] Proxy disimpan: 4513
2025-07-03T19:36:15.5626248Z [11707/12541] Proxy disimpan: 4514
2025-07-03T19:36:15.6207441Z [11711/12541] Proxy disimpan: 4515
2025-07-03T19:36:15.7791087Z [11708/12541] Proxy disimpan: 4516
2025-07-03T19:36:15.8114576Z [11713/12541] Proxy disimpan: 4517
2025-07-03T19:36:15.8287985Z [11719/12541] Proxy disimpan: 4518
2025-07-03T19:36:15.8484493Z [11717/12541] Proxy disimpan: 4519
2025-07-03T19:36:15.9251447Z [11726/12541] Proxy disimpan: 4520
2025-07-03T19:36:16.0388246Z [11729/12541] Proxy disimpan: 4521
2025-07-03T19:36:16.0749351Z [11733/12541] Proxy disimpan: 4522
2025-07-03T19:36:16.1359096Z [11735/12541] Proxy disimpan: 4523
2025-07-03T19:36:16.2897426Z [11739/12541] Proxy disimpan: 4524
2025-07-03T19:36:16.4859353Z [11740/12541] Proxy disimpan: 4525
2025-07-03T19:36:16.7022331Z [11744/12541] Proxy disimpan: 4526
2025-07-03T19:36:17.1054946Z [11747/12541] Proxy disimpan: 4527
2025-07-03T19:36:17.2866759Z [11751/12541] Proxy disimpan: 4528
2025-07-03T19:36:17.3345467Z [11750/12541] Proxy disimpan: 4529
2025-07-03T19:36:17.3947813Z [11752/12541] Proxy disimpan: 4530
2025-07-03T19:36:17.4551383Z [11753/12541] Proxy disimpan: 4531
2025-07-03T19:36:17.5229992Z [11754/12541] Proxy disimpan: 4532
2025-07-03T19:36:17.5558902Z [11758/12541] Proxy disimpan: 4533
2025-07-03T19:36:17.6221023Z [11757/12541] Proxy disimpan: 4534
2025-07-03T19:36:17.7351821Z [11763/12541] Proxy disimpan: 4535
2025-07-03T19:36:17.7536471Z [11762/12541] Proxy disimpan: 4536
2025-07-03T19:36:17.7557666Z [11764/12541] Proxy disimpan: 4537
2025-07-03T19:36:17.9169309Z [11768/12541] Proxy disimpan: 4538
2025-07-03T19:36:18.1876176Z [11782/12541] Proxy disimpan: 4539
2025-07-03T19:36:18.4456987Z [11781/12541] Proxy disimpan: 4540
2025-07-03T19:36:18.6389023Z [11794/12541] Proxy disimpan: 4541
2025-07-03T19:36:18.7625630Z [11797/12541] Proxy disimpan: 4542
2025-07-03T19:36:18.9566955Z [11803/12541] Proxy disimpan: 4543
2025-07-03T19:36:19.0523722Z [11807/12541] Proxy disimpan: 4544
2025-07-03T19:36:19.0583751Z [11808/12541] Proxy disimpan: 4545
2025-07-03T19:36:19.2009152Z [11810/12541] Proxy disimpan: 4546
2025-07-03T19:36:19.2035707Z [11817/12541] Proxy disimpan: 4547
2025-07-03T19:36:19.2809585Z [11815/12541] Proxy disimpan: 4548
2025-07-03T19:36:19.2937199Z [11814/12541] Proxy disimpan: 4549
2025-07-03T19:36:19.3041947Z [11820/12541] Proxy disimpan: 4550
2025-07-03T19:36:19.3148077Z [11818/12541] Proxy disimpan: 4551
2025-07-03T19:36:19.3175861Z [11816/12541] Proxy disimpan: 4552
2025-07-03T19:36:19.3366583Z [11823/12541] Proxy disimpan: 4553
2025-07-03T19:36:19.4124350Z [11835/12541] Proxy disimpan: 4554
2025-07-03T19:36:19.4261314Z [11840/12541] Proxy disimpan: 4555
2025-07-03T19:36:19.4725687Z [11832/12541] Proxy disimpan: 4556
2025-07-03T19:36:19.4756354Z [11831/12541] Proxy disimpan: 4557
2025-07-03T19:36:19.5241116Z [11853/12541] Proxy disimpan: 4558
2025-07-03T19:36:19.5301416Z [11845/12541] Proxy disimpan: 4559
2025-07-03T19:36:19.5400510Z [11843/12541] Proxy disimpan: 4560
2025-07-03T19:36:19.5682608Z [11842/12541] Proxy disimpan: 4561
2025-07-03T19:36:19.5711461Z [11854/12541] Proxy disimpan: 4562
2025-07-03T19:36:19.5782621Z [11849/12541] Proxy disimpan: 4563
2025-07-03T19:36:19.6034229Z [11852/12541] Proxy disimpan: 4564
2025-07-03T19:36:19.6159884Z [11848/12541] Proxy disimpan: 4565
2025-07-03T19:36:19.6422270Z [11863/12541] Proxy disimpan: 4566
2025-07-03T19:36:19.6949918Z [11850/12541] Proxy disimpan: 4567
2025-07-03T19:36:19.7056426Z [11868/12541] Proxy disimpan: 4568
2025-07-03T19:36:19.7117366Z [11874/12541] Proxy disimpan: 4569
2025-07-03T19:36:19.7370433Z [11872/12541] Proxy disimpan: 4570
2025-07-03T19:36:19.7474630Z [11856/12541] Proxy disimpan: 4571
2025-07-03T19:36:19.7483132Z [11860/12541] Proxy disimpan: 4572
2025-07-03T19:36:19.7546113Z [11851/12541] Proxy disimpan: 4573
2025-07-03T19:36:19.7590487Z [11857/12541] Proxy disimpan: 4574
2025-07-03T19:36:19.7793966Z [11871/12541] Proxy disimpan: 4575
2025-07-03T19:36:19.7795687Z [11869/12541] Proxy disimpan: 4576
2025-07-03T19:36:19.7843551Z [11880/12541] Proxy disimpan: 4577
2025-07-03T19:36:19.7844688Z [11865/12541] Proxy disimpan: 4578
2025-07-03T19:36:19.7926727Z [11861/12541] Proxy disimpan: 4579
2025-07-03T19:36:19.7998722Z [11873/12541] Proxy disimpan: 4580
2025-07-03T19:36:19.8045500Z [11866/12541] Proxy disimpan: 4581
2025-07-03T19:36:19.8063304Z [11862/12541] Proxy disimpan: 4582
2025-07-03T19:36:19.8241016Z [11876/12541] Proxy disimpan: 4583
2025-07-03T19:36:19.8483735Z [11875/12541] Proxy disimpan: 4584
2025-07-03T19:36:19.8552347Z [11915/12541] Proxy disimpan: 4585
2025-07-03T19:36:19.8831905Z [11922/12541] Proxy disimpan: 4586
2025-07-03T19:36:19.8861443Z [11886/12541] Proxy disimpan: 4587
2025-07-03T19:36:19.8879464Z [11921/12541] Proxy disimpan: 4588
2025-07-03T19:36:19.8890745Z [11914/12541] Proxy disimpan: 4589
2025-07-03T19:36:19.9021216Z [11890/12541] Proxy disimpan: 4590
2025-07-03T19:36:19.9062339Z [11881/12541] Proxy disimpan: 4591
2025-07-03T19:36:19.9063422Z [11882/12541] Proxy disimpan: 4592
2025-07-03T19:36:19.9141397Z [11889/12541] Proxy disimpan: 4593
2025-07-03T19:36:19.9232231Z [11910/12541] Proxy disimpan: 4594
2025-07-03T19:36:19.9318369Z [11916/12541] Proxy disimpan: 4595
2025-07-03T19:36:19.9435088Z [11928/12541] Proxy disimpan: 4596
2025-07-03T19:36:19.9648899Z [11929/12541] Proxy disimpan: 4597
2025-07-03T19:36:19.9705764Z [11901/12541] Proxy disimpan: 4598
2025-07-03T19:36:19.9867219Z [11896/12541] Proxy disimpan: 4599
2025-07-03T19:36:19.9921573Z [11903/12541] Proxy disimpan: 4600
2025-07-03T19:36:20.0028624Z [11935/12541] Proxy disimpan: 4601
2025-07-03T19:36:20.0071645Z [11902/12541] Proxy disimpan: 4602
2025-07-03T19:36:20.0088251Z [11927/12541] Proxy disimpan: 4603
2025-07-03T19:36:20.0169846Z [11904/12541] Proxy disimpan: 4604
2025-07-03T19:36:20.0207147Z [11934/12541] Proxy disimpan: 4605
2025-07-03T19:36:20.0433645Z [11941/12541] Proxy disimpan: 4606
2025-07-03T19:36:20.0510865Z [11940/12541] Proxy disimpan: 4607
2025-07-03T19:36:20.0858841Z [11946/12541] Proxy disimpan: 4608
2025-07-03T19:36:20.0859627Z [11944/12541] Proxy disimpan: 4609
2025-07-03T19:36:20.0893722Z [11920/12541] Proxy disimpan: 4610
2025-07-03T19:36:20.1037391Z [11912/12541] Proxy disimpan: 4611
2025-07-03T19:36:20.1065678Z [11926/12541] Proxy disimpan: 4612
2025-07-03T19:36:20.1203252Z [11932/12541] Proxy disimpan: 4613
2025-07-03T19:36:20.1275237Z [11942/12541] Proxy disimpan: 4614
2025-07-03T19:36:20.1511652Z [11933/12541] Proxy disimpan: 4615
2025-07-03T19:36:20.1676003Z [11939/12541] Proxy disimpan: 4616
2025-07-03T19:36:20.1820823Z [11961/12541] Proxy disimpan: 4617
2025-07-03T19:36:20.1992225Z [11962/12541] Proxy disimpan: 4618
2025-07-03T19:36:20.2520640Z [11964/12541] Proxy disimpan: 4619
2025-07-03T19:36:20.2644783Z [11954/12541] Proxy disimpan: 4620
2025-07-03T19:36:20.2730860Z [11965/12541] Proxy disimpan: 4621
2025-07-03T19:36:20.2836905Z [11968/12541] Proxy disimpan: 4622
2025-07-03T19:36:20.3133022Z [11969/12541] Proxy disimpan: 4623
2025-07-03T19:36:20.3271285Z [11975/12541] Proxy disimpan: 4624
2025-07-03T19:36:20.3459182Z [11973/12541] Proxy disimpan: 4625
2025-07-03T19:36:20.3608804Z [11963/12541] Proxy disimpan: 4626
2025-07-03T19:36:20.3689475Z [11972/12541] Proxy disimpan: 4627
2025-07-03T19:36:20.3720227Z [11981/12541] Proxy disimpan: 4628
2025-07-03T19:36:20.3776807Z [11959/12541] Proxy disimpan: 4629
2025-07-03T19:36:20.4182550Z [11983/12541] Proxy disimpan: 4630
2025-07-03T19:36:20.4277695Z [11987/12541] Proxy disimpan: 4631
2025-07-03T19:36:20.4495266Z [11976/12541] Proxy disimpan: 4632
2025-07-03T19:36:20.4977176Z [11970/12541] Proxy disimpan: 4633
2025-07-03T19:36:20.5142367Z [11986/12541] Proxy disimpan: 4634
2025-07-03T19:36:20.5403168Z [11980/12541] Proxy disimpan: 4635
2025-07-03T19:36:20.5709315Z [11984/12541] Proxy disimpan: 4636
2025-07-03T19:36:20.6004308Z [11992/12541] Proxy disimpan: 4637
2025-07-03T19:36:20.6281900Z [11993/12541] Proxy disimpan: 4638
2025-07-03T19:36:20.7263968Z [12001/12541] Proxy disimpan: 4639
2025-07-03T19:36:20.7441425Z [12000/12541] Proxy disimpan: 4640
2025-07-03T19:36:20.8030134Z [12007/12541] Proxy disimpan: 4641
2025-07-03T19:36:20.8896265Z [12012/12541] Proxy disimpan: 4642
2025-07-03T19:36:20.9244560Z [12014/12541] Proxy disimpan: 4643
2025-07-03T19:36:20.9928205Z [11892/12541] Proxy disimpan: 4644
2025-07-03T19:36:21.0182055Z [12021/12541] Proxy disimpan: 4645
2025-07-03T19:36:21.0357025Z [12033/12541] Proxy disimpan: 4646
2025-07-03T19:36:21.0533954Z [12032/12541] Proxy disimpan: 4647
2025-07-03T19:36:21.0636269Z [12034/12541] Proxy disimpan: 4648
2025-07-03T19:36:21.1010450Z [12025/12541] Proxy disimpan: 4649
2025-07-03T19:36:21.1405665Z [12037/12541] Proxy disimpan: 4650
2025-07-03T19:36:21.2073885Z [12044/12541] Proxy disimpan: 4651
2025-07-03T19:36:21.2296008Z [12040/12541] Proxy disimpan: 4652
2025-07-03T19:36:21.2367963Z [12035/12541] Proxy disimpan: 4653
2025-07-03T19:36:21.2887497Z [12041/12541] Proxy disimpan: 4654
2025-07-03T19:36:21.3283270Z [12053/12541] Proxy disimpan: 4655
2025-07-03T19:36:21.3672638Z [12047/12541] Proxy disimpan: 4656
2025-07-03T19:36:21.3771199Z [12055/12541] Proxy disimpan: 4657
2025-07-03T19:36:21.4355842Z [12060/12541] Proxy disimpan: 4658
2025-07-03T19:36:21.4630557Z [12061/12541] Proxy disimpan: 4659
2025-07-03T19:36:21.5143650Z [12065/12541] Proxy disimpan: 4660
2025-07-03T19:36:21.7295633Z [12067/12541] Proxy disimpan: 4661
2025-07-03T19:36:21.7734406Z [12049/12541] Proxy disimpan: 4662
2025-07-03T19:36:21.8119040Z [12069/12541] Proxy disimpan: 4663
2025-07-03T19:36:22.0043923Z [12072/12541] Proxy disimpan: 4664
2025-07-03T19:36:22.6893783Z [12077/12541] Proxy disimpan: 4665
2025-07-03T19:36:22.8530947Z [12081/12541] Proxy disimpan: 4666
2025-07-03T19:36:22.8731591Z [12082/12541] Proxy disimpan: 4667
2025-07-03T19:36:22.9995504Z [12084/12541] Proxy disimpan: 4668
2025-07-03T19:36:23.0926662Z [12088/12541] Proxy disimpan: 4669
2025-07-03T19:36:23.1148681Z [12086/12541] Proxy disimpan: 4670
2025-07-03T19:36:23.1206860Z [12085/12541] Proxy disimpan: 4671
2025-07-03T19:36:23.2653889Z [12089/12541] Proxy disimpan: 4672
2025-07-03T19:36:23.2914460Z [12094/12541] Proxy disimpan: 4673
2025-07-03T19:36:23.3587992Z [12100/12541] Proxy disimpan: 4674
2025-07-03T19:36:23.3646764Z [12097/12541] Proxy disimpan: 4675
2025-07-03T19:36:23.3674818Z [12091/12541] Proxy disimpan: 4676
2025-07-03T19:36:23.3882831Z [12099/12541] Proxy disimpan: 4677
2025-07-03T19:36:23.4280199Z [12101/12541] Proxy disimpan: 4678
2025-07-03T19:36:23.4400105Z [12102/12541] Proxy disimpan: 4679
2025-07-03T19:36:23.4598382Z [12103/12541] Proxy disimpan: 4680
2025-07-03T19:36:23.4826438Z [12104/12541] Proxy disimpan: 4681
2025-07-03T19:36:23.5400646Z [12108/12541] Proxy disimpan: 4682
2025-07-03T19:36:23.5407869Z [12109/12541] Proxy disimpan: 4683
2025-07-03T19:36:23.5410257Z [12107/12541] Proxy disimpan: 4684
2025-07-03T19:36:23.6145758Z [12116/12541] Proxy disimpan: 4685
2025-07-03T19:36:23.6635889Z [12117/12541] Proxy disimpan: 4686
2025-07-03T19:36:23.6646242Z [12115/12541] Proxy disimpan: 4687
2025-07-03T19:36:23.8331604Z [12123/12541] Proxy disimpan: 4688
2025-07-03T19:36:23.8503186Z [12078/12541] Proxy disimpan: 4689
2025-07-03T19:36:24.0680181Z [12130/12541] Proxy disimpan: 4690
2025-07-03T19:36:24.2547084Z [12134/12541] Proxy disimpan: 4691
2025-07-03T19:36:24.2839264Z [12135/12541] Proxy disimpan: 4692
2025-07-03T19:36:24.2888154Z [12133/12541] Proxy disimpan: 4693
2025-07-03T19:36:24.3159423Z [12139/12541] Proxy disimpan: 4694
2025-07-03T19:36:24.3417118Z [12137/12541] Proxy disimpan: 4695
2025-07-03T19:36:24.3950705Z [12140/12541] Proxy disimpan: 4696
2025-07-03T19:36:24.4123397Z [12146/12541] Proxy disimpan: 4697
2025-07-03T19:36:24.4296335Z [12147/12541] Proxy disimpan: 4698
2025-07-03T19:36:24.4650908Z [12144/12541] Proxy disimpan: 4699
2025-07-03T19:36:24.4660523Z [12150/12541] Proxy disimpan: 4700
2025-07-03T19:36:24.4761598Z [12151/12541] Proxy disimpan: 4701
2025-07-03T19:36:24.5047091Z [12149/12541] Proxy disimpan: 4702
2025-07-03T19:36:24.5081274Z [12152/12541] Proxy disimpan: 4703
2025-07-03T19:36:24.5251193Z [12141/12541] Proxy disimpan: 4704
2025-07-03T19:36:24.5370644Z [12153/12541] Proxy disimpan: 4705
2025-07-03T19:36:24.5528920Z [12160/12541] Proxy disimpan: 4706
2025-07-03T19:36:24.5738955Z [12166/12541] Proxy disimpan: 4707
2025-07-03T19:36:24.6211651Z [12169/12541] Proxy disimpan: 4708
2025-07-03T19:36:24.6441721Z [12172/12541] Proxy disimpan: 4709
2025-07-03T19:36:24.7206351Z [12174/12541] Proxy disimpan: 4710
2025-07-03T19:36:24.7655199Z [12171/12541] Proxy disimpan: 4711
2025-07-03T19:36:24.8478659Z [12179/12541] Proxy disimpan: 4712
2025-07-03T19:36:24.8723523Z [12187/12541] Proxy disimpan: 4713
2025-07-03T19:36:24.8762680Z [12189/12541] Proxy disimpan: 4714
2025-07-03T19:36:24.9312425Z [12192/12541] Proxy disimpan: 4715
2025-07-03T19:36:24.9346986Z [12191/12541] Proxy disimpan: 4716
2025-07-03T19:36:24.9559874Z [12193/12541] Proxy disimpan: 4717
2025-07-03T19:36:24.9593449Z [12196/12541] Proxy disimpan: 4718
2025-07-03T19:36:25.0221712Z [12203/12541] Proxy disimpan: 4719
2025-07-03T19:36:25.0238427Z [12202/12541] Proxy disimpan: 4720
2025-07-03T19:36:25.0478042Z [12208/12541] Proxy disimpan: 4721
2025-07-03T19:36:25.0530703Z [12209/12541] Proxy disimpan: 4722
2025-07-03T19:36:25.1297099Z [12222/12541] Proxy disimpan: 4723
2025-07-03T19:36:25.1339052Z [12218/12541] Proxy disimpan: 4724
2025-07-03T19:36:25.1961858Z [12210/12541] Proxy disimpan: 4725
2025-07-03T19:36:25.2177202Z [12211/12541] Proxy disimpan: 4726
2025-07-03T19:36:25.2294949Z [12213/12541] Proxy disimpan: 4727
2025-07-03T19:36:25.2651085Z [12215/12541] Proxy disimpan: 4728
2025-07-03T19:36:25.2869650Z [12178/12541] Proxy disimpan: 4729
2025-07-03T19:36:25.2919755Z [12226/12541] Proxy disimpan: 4730
2025-07-03T19:36:25.3129578Z [12220/12541] Proxy disimpan: 4731
2025-07-03T19:36:25.3198316Z [12233/12541] Proxy disimpan: 4732
2025-07-03T19:36:25.3494433Z [12234/12541] Proxy disimpan: 4733
2025-07-03T19:36:25.3495861Z [12131/12541] Proxy disimpan: 4734
2025-07-03T19:36:25.3609899Z [12229/12541] Proxy disimpan: 4735
2025-07-03T19:36:25.3792468Z [12235/12541] Proxy disimpan: 4736
2025-07-03T19:36:25.4519616Z [12238/12541] Proxy disimpan: 4737
2025-07-03T19:36:25.4716268Z [12241/12541] Proxy disimpan: 4738
2025-07-03T19:36:25.5669543Z [12243/12541] Proxy disimpan: 4739
2025-07-03T19:36:25.5817036Z [12236/12541] Proxy disimpan: 4740
2025-07-03T19:36:25.6081110Z [12249/12541] Proxy disimpan: 4741
2025-07-03T19:36:25.6192919Z [12239/12541] Proxy disimpan: 4742
2025-07-03T19:36:25.6312942Z [12247/12541] Proxy disimpan: 4743
2025-07-03T19:36:25.6464395Z [12250/12541] Proxy disimpan: 4744
2025-07-03T19:36:25.6918817Z [12251/12541] Proxy disimpan: 4745
2025-07-03T19:36:25.7179627Z [12240/12541] Proxy disimpan: 4746
2025-07-03T19:36:25.7706111Z [12261/12541] Proxy disimpan: 4747
2025-07-03T19:36:25.8240494Z [12269/12541] Proxy disimpan: 4748
2025-07-03T19:36:25.8669262Z [12278/12541] Proxy disimpan: 4749
2025-07-03T19:36:25.9069586Z [12276/12541] Proxy disimpan: 4750
2025-07-03T19:36:25.9236667Z [12287/12541] Proxy disimpan: 4751
2025-07-03T19:36:25.9619346Z [12252/12541] Proxy disimpan: 4752
2025-07-03T19:36:25.9917823Z [12282/12541] Proxy disimpan: 4753
2025-07-03T19:36:26.0206265Z [12292/12541] Proxy disimpan: 4754
2025-07-03T19:36:26.0479986Z [12288/12541] Proxy disimpan: 4755
2025-07-03T19:36:26.0779499Z [12293/12541] Proxy disimpan: 4756
2025-07-03T19:36:26.2060413Z [12298/12541] Proxy disimpan: 4757
2025-07-03T19:36:26.2079650Z [12301/12541] Proxy disimpan: 4758
2025-07-03T19:36:26.3079148Z [12304/12541] Proxy disimpan: 4759
2025-07-03T19:36:26.3108388Z [12299/12541] Proxy disimpan: 4760
2025-07-03T19:36:26.5527338Z [12308/12541] Proxy disimpan: 4761
2025-07-03T19:36:26.5646285Z [12310/12541] Proxy disimpan: 4762
2025-07-03T19:36:26.6611419Z [12316/12541] Proxy disimpan: 4763
2025-07-03T19:36:26.7114319Z [12319/12541] Proxy disimpan: 4764
2025-07-03T19:36:26.7508361Z [12286/12541] Proxy disimpan: 4765
2025-07-03T19:36:26.7859940Z [12320/12541] Proxy disimpan: 4766
2025-07-03T19:36:26.9008787Z [12323/12541] Proxy disimpan: 4767
2025-07-03T19:36:26.9381715Z [12321/12541] Proxy disimpan: 4768
2025-07-03T19:36:27.0186701Z [12325/12541] Proxy disimpan: 4769
2025-07-03T19:36:27.0603475Z [12327/12541] Proxy disimpan: 4770
2025-07-03T19:36:27.1147166Z [12328/12541] Proxy disimpan: 4771
2025-07-03T19:36:27.1208777Z [12329/12541] Proxy disimpan: 4772
2025-07-03T19:36:27.2058891Z [12330/12541] Proxy disimpan: 4773
2025-07-03T19:36:27.2970717Z [12335/12541] Proxy disimpan: 4774
2025-07-03T19:36:27.3062646Z [12332/12541] Proxy disimpan: 4775
2025-07-03T19:36:27.3875907Z [12333/12541] Proxy disimpan: 4776
2025-07-03T19:36:27.5227687Z [12338/12541] Proxy disimpan: 4777
2025-07-03T19:36:27.7922139Z [12343/12541] Proxy disimpan: 4778
2025-07-03T19:36:27.8000088Z [12345/12541] Proxy disimpan: 4779
2025-07-03T19:36:27.8676230Z [12344/12541] Proxy disimpan: 4780
2025-07-03T19:36:27.9474191Z [12346/12541] Proxy disimpan: 4781
2025-07-03T19:36:28.2621121Z [12358/12541] Proxy disimpan: 4782
2025-07-03T19:36:28.9384769Z [12380/12541] Proxy disimpan: 4783
2025-07-03T19:36:28.9668639Z [12376/12541] Proxy disimpan: 4784
2025-07-03T19:36:28.9831350Z [12378/12541] Proxy disimpan: 4785
2025-07-03T19:36:29.0529086Z [12379/12541] Proxy disimpan: 4786
2025-07-03T19:36:29.1214680Z [12381/12541] Proxy disimpan: 4787
2025-07-03T19:36:29.1454575Z [12383/12541] Proxy disimpan: 4788
2025-07-03T19:36:29.1882999Z [12382/12541] Proxy disimpan: 4789
2025-07-03T19:36:29.2622212Z [12385/12541] Proxy disimpan: 4790
2025-07-03T19:36:29.2874185Z [12386/12541] Proxy disimpan: 4791
2025-07-03T19:36:29.3399394Z [12389/12541] Proxy disimpan: 4792
2025-07-03T19:36:29.3546915Z [12395/12541] Proxy disimpan: 4793
2025-07-03T19:36:29.3886222Z [12391/12541] Proxy disimpan: 4794
2025-07-03T19:36:29.4012464Z [12390/12541] Proxy disimpan: 4795
2025-07-03T19:36:29.4094014Z [12393/12541] Proxy disimpan: 4796
2025-07-03T19:36:29.4102185Z [12392/12541] Proxy disimpan: 4797
2025-07-03T19:36:29.5466489Z [12384/12541] Proxy disimpan: 4798
2025-07-03T19:36:29.5610172Z [12399/12541] Proxy disimpan: 4799
2025-07-03T19:36:29.6145403Z [12407/12541] Proxy disimpan: 4800
2025-07-03T19:36:29.6264960Z [12396/12541] Proxy disimpan: 4801
2025-07-03T19:36:29.6333055Z [12411/12541] Proxy disimpan: 4802
2025-07-03T19:36:29.6533950Z [12412/12541] Proxy disimpan: 4803
2025-07-03T19:36:29.7389211Z [12421/12541] Proxy disimpan: 4804
2025-07-03T19:36:29.7454504Z [12409/12541] Proxy disimpan: 4805
2025-07-03T19:36:29.7787635Z [12414/12541] Proxy disimpan: 4806
2025-07-03T19:36:29.8195568Z [12416/12541] Proxy disimpan: 4807
2025-07-03T19:36:29.8415167Z [12418/12541] Proxy disimpan: 4808
2025-07-03T19:36:29.9086018Z [12408/12541] Proxy disimpan: 4809
2025-07-03T19:36:29.9576520Z [12424/12541] Proxy disimpan: 4810
2025-07-03T19:36:29.9655380Z [12425/12541] Proxy disimpan: 4811
2025-07-03T19:36:29.9771709Z [12427/12541] Proxy disimpan: 4812
2025-07-03T19:36:29.9851889Z [12426/12541] Proxy disimpan: 4813
2025-07-03T19:36:29.9940577Z [12429/12541] Proxy disimpan: 4814
2025-07-03T19:36:29.9971951Z [12417/12541] Proxy disimpan: 4815
2025-07-03T19:36:29.9974539Z [12428/12541] Proxy disimpan: 4816
2025-07-03T19:36:30.0135647Z [12430/12541] Proxy disimpan: 4817
2025-07-03T19:36:30.0656410Z [12434/12541] Proxy disimpan: 4818
2025-07-03T19:36:30.1176604Z [12441/12541] Proxy disimpan: 4819
2025-07-03T19:36:30.1372393Z [12448/12541] Proxy disimpan: 4820
2025-07-03T19:36:30.1474802Z [12450/12541] Proxy disimpan: 4821
2025-07-03T19:36:30.1537119Z [12444/12541] Proxy disimpan: 4822
2025-07-03T19:36:30.1860066Z [12442/12541] Proxy disimpan: 4823
2025-07-03T19:36:30.2009093Z [12454/12541] Proxy disimpan: 4824
2025-07-03T19:36:30.2139321Z [12457/12541] Proxy disimpan: 4825
2025-07-03T19:36:30.2166855Z [12447/12541] Proxy disimpan: 4826
2025-07-03T19:36:30.2223918Z [12458/12541] Proxy disimpan: 4827
2025-07-03T19:36:30.2352886Z [12467/12541] Proxy disimpan: 4828
2025-07-03T19:36:30.2407663Z [12449/12541] Proxy disimpan: 4829
2025-07-03T19:36:30.2691075Z [12460/12541] Proxy disimpan: 4830
2025-07-03T19:36:30.2728913Z [12471/12541] Proxy disimpan: 4831
2025-07-03T19:36:30.2758853Z [12453/12541] Proxy disimpan: 4832
2025-07-03T19:36:30.2794051Z [12455/12541] Proxy disimpan: 4833
2025-07-03T19:36:30.2829796Z [12472/12541] Proxy disimpan: 4834
2025-07-03T19:36:30.2908059Z [12470/12541] Proxy disimpan: 4835
2025-07-03T19:36:30.2991431Z [12464/12541] Proxy disimpan: 4836
2025-07-03T19:36:30.3027670Z [12461/12541] Proxy disimpan: 4837
2025-07-03T19:36:30.3079198Z [12466/12541] Proxy disimpan: 4838
2025-07-03T19:36:30.3096491Z [12473/12541] Proxy disimpan: 4839
2025-07-03T19:36:30.3409656Z [12483/12541] Proxy disimpan: 4840
2025-07-03T19:36:30.4909153Z [12495/12541] Proxy disimpan: 4841
2025-07-03T19:36:30.5361976Z [12492/12541] Proxy disimpan: 4842
2025-07-03T19:36:30.5491454Z [12487/12541] Proxy disimpan: 4843
2025-07-03T19:36:30.5558712Z [12481/12541] Proxy disimpan: 4844
2025-07-03T19:36:30.5642637Z [12484/12541] Proxy disimpan: 4845
2025-07-03T19:36:30.5740383Z [12485/12541] Proxy disimpan: 4846
2025-07-03T19:36:30.6117043Z [12502/12541] Proxy disimpan: 4847
2025-07-03T19:36:30.6378303Z [12509/12541] Proxy disimpan: 4848
2025-07-03T19:36:30.6425732Z [12506/12541] Proxy disimpan: 4849
2025-07-03T19:36:30.6589066Z [12508/12541] Proxy disimpan: 4850
2025-07-03T19:36:30.7253263Z [12510/12541] Proxy disimpan: 4851
2025-07-03T19:36:30.7629874Z [12496/12541] Proxy disimpan: 4852
2025-07-03T19:36:30.8533655Z [12528/12541] Proxy disimpan: 4853
2025-07-03T19:36:30.8563807Z [12529/12541] Proxy disimpan: 4854
2025-07-03T19:36:30.8732819Z [12527/12541] Proxy disimpan: 4855
2025-07-03T19:36:30.9170632Z [12499/12541] Proxy disimpan: 4856
2025-07-03T19:36:30.9646821Z [12531/12541] Proxy disimpan: 4857
2025-07-03T19:36:31.0933684Z [12514/12541] Proxy disimpan: 4858
2025-07-03T19:36:31.1029788Z [12522/12541] Proxy disimpan: 4859
2025-07-03T19:36:31.1069911Z [12521/12541] Proxy disimpan: 4860
2025-07-03T19:36:31.1159879Z [12523/12541] Proxy disimpan: 4861
2025-07-03T19:36:31.1559073Z [12524/12541] Proxy disimpan: 4862
2025-07-03T19:36:31.6679805Z [12537/12541] Proxy disimpan: 4863
2025-07-03T19:36:31.8550313Z [12538/12541] Proxy disimpan: 4864
2025-07-03T19:36:34.1194169Z [12500/12541] Proxy disimpan: 4865
2025-07-03T19:36:36.0848988Z Waktu proses: 243.78 detik
2025-07-03T19:36:36.1084215Z ##[group]Run git config --global user.name "Github Actions"
2025-07-03T19:36:36.1084644Z [36;1mgit config --global user.name "Github Actions"[0m
2025-07-03T19:36:36.1085193Z [36;1mgit config --global user.email "actions@github.com"[0m
2025-07-03T19:36:36.1085533Z [36;1mif [ -n "$(git status --porcelain)" ]; then[0m
2025-07-03T19:36:36.1085811Z [36;1m  git add .[0m
2025-07-03T19:36:36.1086028Z [36;1m  git commit -m "Update proxyip"[0m
2025-07-03T19:36:36.1086299Z [36;1m  git push origin Master --force[0m
2025-07-03T19:36:36.1086539Z [36;1melse[0m
2025-07-03T19:36:36.1086794Z [36;1m  echo "No changes detected, skipping commit and push."[0m
2025-07-03T19:36:36.1087086Z [36;1mfi[0m
2025-07-03T19:36:36.1143117Z shell: /usr/bin/bash -e {0}
2025-07-03T19:36:36.1143352Z ##[endgroup]
2025-07-03T19:36:36.2736740Z [Master 90dba81] Update proxyip
2025-07-03T19:36:36.2737124Z  2 files changed, 1888 insertions(+), 1882 deletions(-)
2025-07-03T19:36:37.2558387Z To https://github.com/exball/sing-box-config
2025-07-03T19:36:37.2559326Z    d63ea68..90dba81  Master -> Master
2025-07-03T19:36:37.2624517Z ##[group]Run sleep 10
2025-07-03T19:36:37.2624769Z [36;1msleep 10[0m
2025-07-03T19:36:37.2680651Z shell: /usr/bin/bash -e {0}
2025-07-03T19:36:37.2680881Z ##[endgroup]
2025-07-03T19:36:47.2847016Z ##[group]Run actions/setup-python@v4
2025-07-03T19:36:47.2847295Z with:
2025-07-03T19:36:47.2847486Z   python-version: 3.10
2025-07-03T19:36:47.2847702Z   check-latest: false
2025-07-03T19:36:47.2848009Z   token: ***
2025-07-03T19:36:47.2848206Z   update-environment: true
2025-07-03T19:36:47.2848636Z   allow-prereleases: false
2025-07-03T19:36:47.2848930Z ##[endgroup]
2025-07-03T19:36:47.4494501Z ##[group]Installed versions
2025-07-03T19:36:47.4578936Z Successfully set up CPython (3.10.18)
2025-07-03T19:36:47.4579701Z ##[endgroup]
2025-07-03T19:36:47.4681481Z ##[group]Run python -m pip install --upgrade pip
2025-07-03T19:36:47.4681844Z [36;1mpython -m pip install --upgrade pip[0m
2025-07-03T19:36:47.4682129Z [36;1mpip install requests boto3 pytz[0m
2025-07-03T19:36:47.4682383Z [36;1m[0m
2025-07-03T19:36:47.4682700Z [36;1mecho "Checking if extract_outbound.py exists in extract-outbound directory:"[0m
2025-07-03T19:36:47.4683289Z [36;1mls -la extract-outbound/extract_outbound.py || echo "extract_outbound.py not found"[0m
2025-07-03T19:36:47.4683691Z [36;1m[0m
2025-07-03T19:36:47.4683870Z [36;1mecho "Directory contents:"[0m
2025-07-03T19:36:47.4684102Z [36;1mls -la[0m
2025-07-03T19:36:47.4860876Z shell: /usr/bin/bash -e {0}
2025-07-03T19:36:47.4861103Z env:
2025-07-03T19:36:47.4861355Z   pythonLocation: /opt/hostedtoolcache/Python/3.10.18/x64
2025-07-03T19:36:47.4861794Z   PKG_CONFIG_PATH: /opt/hostedtoolcache/Python/3.10.18/x64/lib/pkgconfig
2025-07-03T19:36:47.4862232Z   Python_ROOT_DIR: /opt/hostedtoolcache/Python/3.10.18/x64
2025-07-03T19:36:47.4862584Z   Python2_ROOT_DIR: /opt/hostedtoolcache/Python/3.10.18/x64
2025-07-03T19:36:47.4862940Z   Python3_ROOT_DIR: /opt/hostedtoolcache/Python/3.10.18/x64
2025-07-03T19:36:47.4863299Z   LD_LIBRARY_PATH: /opt/hostedtoolcache/Python/3.10.18/x64/lib
2025-07-03T19:36:47.4863610Z ##[endgroup]
2025-07-03T19:36:50.2809766Z Requirement already satisfied: pip in /opt/hostedtoolcache/Python/3.10.18/x64/lib/python3.10/site-packages (25.1.1)
2025-07-03T19:36:51.0171886Z Collecting requests
2025-07-03T19:36:51.0707581Z   Downloading requests-2.32.4-py3-none-any.whl.metadata (4.9 kB)
2025-07-03T19:36:51.4735851Z Collecting boto3
2025-07-03T19:36:51.4842531Z   Downloading boto3-1.39.3-py3-none-any.whl.metadata (6.6 kB)
2025-07-03T19:36:51.5330923Z Collecting pytz
2025-07-03T19:36:51.5433552Z   Downloading pytz-2025.2-py2.py3-none-any.whl.metadata (22 kB)
2025-07-03T19:36:51.6451655Z Collecting charset_normalizer<4,>=2 (from requests)
2025-07-03T19:36:51.6558256Z   Downloading charset_normalizer-3.4.2-cp310-cp310-manylinux_2_17_x86_64.manylinux2014_x86_64.whl.metadata (35 kB)
2025-07-03T19:36:51.6841148Z Collecting idna<4,>=2.5 (from requests)
2025-07-03T19:36:51.6975280Z   Downloading idna-3.10-py3-none-any.whl.metadata (10 kB)
2025-07-03T19:36:51.7389038Z Collecting urllib3<3,>=1.21.1 (from requests)
2025-07-03T19:36:51.7489918Z   Downloading urllib3-2.5.0-py3-none-any.whl.metadata (6.5 kB)
2025-07-03T19:36:51.7806200Z Collecting certifi>=2017.4.17 (from requests)
2025-07-03T19:36:51.7913320Z   Downloading certifi-2025.6.15-py3-none-any.whl.metadata (2.4 kB)
2025-07-03T19:36:52.2259393Z Collecting botocore<1.40.0,>=1.39.3 (from boto3)
2025-07-03T19:36:52.2369073Z   Downloading botocore-1.39.3-py3-none-any.whl.metadata (5.7 kB)
2025-07-03T19:36:52.2603181Z Collecting jmespath<2.0.0,>=0.7.1 (from boto3)
2025-07-03T19:36:52.2706478Z   Downloading jmespath-1.0.1-py3-none-any.whl.metadata (7.6 kB)
2025-07-03T19:36:52.2966847Z Collecting s3transfer<0.14.0,>=0.13.0 (from boto3)
2025-07-03T19:36:52.3080553Z   Downloading s3transfer-0.13.0-py3-none-any.whl.metadata (1.7 kB)
2025-07-03T19:36:52.3330968Z Collecting python-dateutil<3.0.0,>=2.1 (from botocore<1.40.0,>=1.39.3->boto3)
2025-07-03T19:36:52.3435515Z   Downloading python_dateutil-2.9.0.post0-py2.py3-none-any.whl.metadata (8.4 kB)
2025-07-03T19:36:52.3821910Z Collecting six>=1.5 (from python-dateutil<3.0.0,>=2.1->botocore<1.40.0,>=1.39.3->boto3)
2025-07-03T19:36:52.3923358Z   Downloading six-1.17.0-py2.py3-none-any.whl.metadata (1.7 kB)
2025-07-03T19:36:52.6430612Z Downloading requests-2.32.4-py3-none-any.whl (64 kB)
2025-07-03T19:36:52.6596666Z Downloading charset_normalizer-3.4.2-cp310-cp310-manylinux_2_17_x86_64.manylinux2014_x86_64.whl (149 kB)
2025-07-03T19:36:52.6803575Z Downloading idna-3.10-py3-none-any.whl (70 kB)
2025-07-03T19:36:52.6939805Z Downloading urllib3-2.5.0-py3-none-any.whl (129 kB)
2025-07-03T19:36:52.7087163Z Downloading boto3-1.39.3-py3-none-any.whl (139 kB)
2025-07-03T19:36:52.7256705Z Downloading botocore-1.39.3-py3-none-any.whl (13.8 MB)
2025-07-03T19:36:52.8075953Z    ━━━━━━━━━━━━━━━━━━━━━━━━━━━━━━━━━━━━━━━━ 13.8/13.8 MB 176.5 MB/s eta 0:00:00
2025-07-03T19:36:52.8181216Z Downloading jmespath-1.0.1-py3-none-any.whl (20 kB)
2025-07-03T19:36:52.8330345Z Downloading python_dateutil-2.9.0.post0-py2.py3-none-any.whl (229 kB)
2025-07-03T19:36:52.8496005Z Downloading s3transfer-0.13.0-py3-none-any.whl (85 kB)
2025-07-03T19:36:52.8627861Z Downloading pytz-2025.2-py2.py3-none-any.whl (509 kB)
2025-07-03T19:36:52.8778651Z Downloading certifi-2025.6.15-py3-none-any.whl (157 kB)
2025-07-03T19:36:52.8905667Z Downloading six-1.17.0-py2.py3-none-any.whl (11 kB)
2025-07-03T19:36:52.9719774Z Installing collected packages: pytz, urllib3, six, jmespath, idna, charset_normalizer, certifi, requests, python-dateutil, botocore, s3transfer, boto3
2025-07-03T19:36:54.0044203Z 
2025-07-03T19:36:54.0073029Z Successfully installed boto3-1.39.3 botocore-1.39.3 certifi-2025.6.15 charset_normalizer-3.4.2 idna-3.10 jmespath-1.0.1 python-dateutil-2.9.0.post0 pytz-2025.2 requests-2.32.4 s3transfer-0.13.0 six-1.17.0 urllib3-2.5.0
2025-07-03T19:36:54.1083799Z Checking if extract_outbound.py exists in extract-outbound directory:
2025-07-03T19:36:54.1099227Z -rwxr-xr-x 1 runner docker 27253 Jul  3 19:32 extract-outbound/extract_outbound.py
2025-07-03T19:36:54.1100483Z Directory contents:
2025-07-03T19:36:54.1114553Z total 184
2025-07-03T19:36:54.1114962Z drwxr-xr-x 8 runner docker  4096 Jul  3 19:32 .
2025-07-03T19:36:54.1115596Z drwxr-xr-x 3 runner docker  4096 Jul  3 19:32 ..
2025-07-03T19:36:54.1116064Z drwxr-xr-x 7 runner docker  4096 Jul  3 19:36 .git
2025-07-03T19:36:54.1116553Z drwxr-xr-x 3 runner docker  4096 Jul  3 19:32 .github
2025-07-03T19:36:54.1117107Z -rw-r--r-- 1 runner docker   439 Jul  3 19:32 .gitignore
2025-07-03T19:36:54.1117649Z -rw-r--r-- 1 runner docker  2558 Jul  3 19:32 README.md
2025-07-03T19:36:54.1118237Z drwxr-xr-x 2 runner docker  4096 Jul  3 19:32 auto-download
2025-07-03T19:36:54.1119116Z -rwxr-xr-x 1 runner docker  3115 Jul  3 19:32 auto-download-boot.sh
2025-07-03T19:36:54.1119762Z -rw-r--r-- 1 runner docker  2890 Jul  3 19:32 auto-download.conf
2025-07-03T19:36:54.1120395Z -rwxr-xr-x 1 runner docker 42385 Jul  3 19:32 auto-download.sh
2025-07-03T19:36:54.1121007Z -rwxr-xr-x 1 runner docker  8339 Jul  3 19:32 check-update.sh
2025-07-03T19:36:54.1121585Z -rw-r--r-- 1 runner docker  6887 Jul  3 19:32 config.json
2025-07-03T19:36:54.1122537Z -rw-r--r-- 1 runner docker  7968 Jul  3 19:32 config.json.bak
2025-07-03T19:36:54.1123151Z drwxr-xr-x 2 runner docker  4096 Jul  3 19:32 extract-outbound
2025-07-03T19:36:54.1123781Z drwxr-xr-x 2 runner docker  4096 Jul  3 19:32 outbound-provider
2025-07-03T19:36:54.1124416Z drwxr-xr-x 3 runner docker  4096 Jul  3 19:32 proxy-scaner
2025-07-03T19:36:54.1125060Z -rwxr-xr-x 1 runner docker  3017 Jul  3 19:32 restart-auto-download.sh
2025-07-03T19:36:54.1125737Z -rw-r--r-- 1 runner docker  6318 Jul  3 19:32 upload_summary.json
2025-07-03T19:36:54.1126335Z -rw-r--r-- 1 runner docker 51634 Jul  3 19:32 workflow.log
2025-07-03T19:36:54.1163095Z ##[group]Run echo "Config file contents:"
2025-07-03T19:36:54.1163676Z [36;1mecho "Config file contents:"[0m
2025-07-03T19:36:54.1164183Z [36;1mcat ./extract-outbound/config.ini[0m
2025-07-03T19:36:54.1164630Z [36;1m[0m
2025-07-03T19:36:54.1164986Z [36;1mecho "Format config file contents:"[0m
2025-07-03T19:36:54.1165525Z [36;1mcat ./extract-outbound/config_format.ini[0m
2025-07-03T19:36:54.1239695Z shell: /usr/bin/bash -e {0}
2025-07-03T19:36:54.1239937Z env:
2025-07-03T19:36:54.1240201Z   pythonLocation: /opt/hostedtoolcache/Python/3.10.18/x64
2025-07-03T19:36:54.1240629Z   PKG_CONFIG_PATH: /opt/hostedtoolcache/Python/3.10.18/x64/lib/pkgconfig
2025-07-03T19:36:54.1241069Z   Python_ROOT_DIR: /opt/hostedtoolcache/Python/3.10.18/x64
2025-07-03T19:36:54.1241439Z   Python2_ROOT_DIR: /opt/hostedtoolcache/Python/3.10.18/x64
2025-07-03T19:36:54.1241802Z   Python3_ROOT_DIR: /opt/hostedtoolcache/Python/3.10.18/x64
2025-07-03T19:36:54.1242189Z   LD_LIBRARY_PATH: /opt/hostedtoolcache/Python/3.10.18/x64/lib
2025-07-03T19:36:54.1242490Z ##[endgroup]
2025-07-03T19:36:54.1316305Z Config file contents:
2025-07-03T19:36:54.1326067Z # Konfigurasi untuk extract_outbound.py
2025-07-03T19:36:54.1326492Z # 
2025-07-03T19:36:54.1326767Z # Format konfigurasi:
2025-07-03T19:36:54.1327128Z # [Komentar/Judul konfigurasi]
2025-07-03T19:36:54.1327687Z # Country_ID= [Kode negara, dipisahkan koma jika lebih dari satu]
2025-07-03T19:36:54.1328265Z # Protocol= [Protokol: vless, trojan]
2025-07-03T19:36:54.1328937Z # Security= [Keamanan: tls, ntls]
2025-07-03T19:36:54.1329364Z # Output_Name= [Nama file output]
2025-07-03T19:36:54.1329727Z #
2025-07-03T19:36:54.1330156Z # Daftar kode negara yang tersedia (diurutkan berdasarkan nama negara):
2025-07-03T19:36:54.1330607Z     # AR (Argentina)       AM (Armenia)         AU (Australia)   
2025-07-03T19:36:54.1330952Z     # AT (Austria)         BE (Belgium)         BR (Brazil)         
2025-07-03T19:36:54.1331305Z     # BG (Bulgaria)        CA (Canada)          CN (China)       
2025-07-03T19:36:54.1331650Z     # CY (Cyprus)          CZ (Czech Republic)  DK (Denmark)       
2025-07-03T19:36:54.1331976Z     # EE (Estonia)         FI (Finland)         FR (France)
2025-07-03T19:36:54.1332299Z     # DE (Germany)         HK (Hong Kong)       HU (Hungary)      
2025-07-03T19:36:54.1332625Z     # IN (India)           ID (Indonesia)       IE (Ireland)        
2025-07-03T19:36:54.1332948Z     # IT (Italy)           JP (Japan)           KZ (Kazakhstan)  
2025-07-03T19:36:54.1333270Z     # KR (South Korea)     LV (Latvia)          LT (Lithuania)     
2025-07-03T19:36:54.1333598Z     # LU (Luxembourg)      MY (Malaysia)        MU (Mauritius)
2025-07-03T19:36:54.1334203Z     # MX (Mexico)          MD (Moldova)         NL (Netherlands) 
2025-07-03T19:36:54.1334640Z     # PH (Philippines)     PL (Poland)          PT (Portugal)       
2025-07-03T19:36:54.1334984Z     # RO (Romania)         RU (Russia)          RS (Serbia)      
2025-07-03T19:36:54.1335343Z     # SG (Singapore)       SK (Slovakia)        ES (Spain)         
2025-07-03T19:36:54.1335660Z     # SE (Sweden)          CH (Switzerland)     TW (Taiwan)
2025-07-03T19:36:54.1335979Z     # TH (Thailand)        TR (Turkey)          UA (Ukraine)      
2025-07-03T19:36:54.1336381Z     # AE (United Arab E)   GB (United Kingdom)  US (United States)  
2025-07-03T19:36:54.1337291Z     # VN (Vietnam)         TF (French Southern Territories)
2025-07-03T19:36:54.1337726Z #
2025-07-03T19:36:54.1337915Z # Daftar protokol yang tersedia:
2025-07-03T19:36:54.1338145Z # vless, trojan
2025-07-03T19:36:54.1338319Z #
2025-07-03T19:36:54.1338679Z # Daftar keamanan yang tersedia:
2025-07-03T19:36:54.1338904Z # tls, ntls
2025-07-03T19:36:54.1339005Z 
2025-07-03T19:36:54.1339073Z #ID vless tls
2025-07-03T19:36:54.1339246Z Country_ID= ID
2025-07-03T19:36:54.1339423Z Protocol= vless
2025-07-03T19:36:54.1339633Z Security= tls
2025-07-03T19:36:54.1339961Z Output_Name= ID vless tls.json
2025-07-03T19:36:54.1340227Z 
2025-07-03T19:36:54.1340356Z #ID vless ntls
2025-07-03T19:36:54.1340895Z Country_ID= ID
2025-07-03T19:36:54.1341219Z Protocol= vless
2025-07-03T19:36:54.1341522Z Security= ntls
2025-07-03T19:36:54.1341841Z Output_Name= ID vless ntls.json
2025-07-03T19:36:54.1342091Z 
2025-07-03T19:36:54.1342210Z #SG vless tls
2025-07-03T19:36:54.1342498Z Country_ID= SG
2025-07-03T19:36:54.1342790Z Protocol= vless
2025-07-03T19:36:54.1343092Z Security= tls
2025-07-03T19:36:54.1343416Z Output_Name= SG vless tls.json
2025-07-03T19:36:54.1343691Z 
2025-07-03T19:36:54.1343809Z #SG vless ntls
2025-07-03T19:36:54.1344095Z Country_ID= SG
2025-07-03T19:36:54.1344380Z Protocol= vless
2025-07-03T19:36:54.1344632Z Security= ntls
2025-07-03T19:36:54.1344816Z Output_Name= SG vless ntls.json
2025-07-03T19:36:54.1344959Z 
2025-07-03T19:36:54.1345037Z #ID SG trojan tls ntls
2025-07-03T19:36:54.1345237Z Country_ID= ID, SG
2025-07-03T19:36:54.1345421Z Protocol= trojan
2025-07-03T19:36:54.1345603Z Security= tls, ntls
2025-07-03T19:36:54.1345811Z Output_Name= ID SG trojan tls ntls.json
2025-07-03T19:36:54.1345992Z 
2025-07-03T19:36:54.1346078Z #KR, JP, US vless tls ntls
2025-07-03T19:36:54.1346296Z Country_ID= KR, JP, US, CN, VT, TH
2025-07-03T19:36:54.1346513Z Protocol= vless
2025-07-03T19:36:54.1346691Z Security= tls, ntls
2025-07-03T19:36:54.1346930Z Output_Name= backup.jsonFormat config file contents:
2025-07-03T19:36:54.1347228Z {
2025-07-03T19:36:54.1347382Z     "vless": {
2025-07-03T19:36:54.1347562Z         "type": "vless",
2025-07-03T19:36:54.1347753Z         "tag": "",
2025-07-03T19:36:54.1347932Z         "server": "",
2025-07-03T19:36:54.1348119Z         "server_port": "",
2025-07-03T19:36:54.1348317Z         "uuid": "",
2025-07-03T19:36:54.1348685Z         "network": "",
2025-07-03T19:36:54.1348893Z         "packet_encoding": "xudp",
2025-07-03T19:36:54.1349123Z         "flow": "",
2025-07-03T19:36:54.1349300Z         "tls": {
2025-07-03T19:36:54.1349478Z             "enabled": "",
2025-07-03T19:36:54.1349674Z             "insecure": "",
2025-07-03T19:36:54.1349884Z             "server_name": ""
2025-07-03T19:36:54.1350086Z         },
2025-07-03T19:36:54.1350256Z         "transport": {
2025-07-03T19:36:54.1350446Z             "headers": {
2025-07-03T19:36:54.1350637Z                 "Host": ""
2025-07-03T19:36:54.1350822Z             },
2025-07-03T19:36:54.1350991Z             "path": "",
2025-07-03T19:36:54.1351179Z             "type": ""
2025-07-03T19:36:54.1351360Z         }
2025-07-03T19:36:54.1351518Z     },
2025-07-03T19:36:54.1351675Z     "trojan": {
2025-07-03T19:36:54.1351857Z         "type": "trojan",
2025-07-03T19:36:54.1352048Z         "tag": "",
2025-07-03T19:36:54.1352219Z         "server": "",
2025-07-03T19:36:54.1352409Z         "server_port": "",
2025-07-03T19:36:54.1352622Z         "password": "",
2025-07-03T19:36:54.1352815Z         "network": "",
2025-07-03T19:36:54.1352997Z         "tls": {
2025-07-03T19:36:54.1353175Z             "enabled": "",
2025-07-03T19:36:54.1353371Z             "insecure": "",
2025-07-03T19:36:54.1353570Z             "server_name": ""
2025-07-03T19:36:54.1353774Z         },
2025-07-03T19:36:54.1353943Z         "transport": {
2025-07-03T19:36:54.1354133Z             "type": "",
2025-07-03T19:36:54.1354318Z             "path": "",
2025-07-03T19:36:54.1354502Z             "headers": {
2025-07-03T19:36:54.1354692Z                 "Host": ""
2025-07-03T19:36:54.1354890Z             }
2025-07-03T19:36:54.1355229Z         },
2025-07-03T19:36:54.1355392Z         "multiplex": {
2025-07-03T19:36:54.1355582Z             "enabled": false
2025-07-03T19:36:54.1355777Z         }
2025-07-03T19:36:54.1355935Z     }
2025-07-03T19:36:54.1356082Z }
2025-07-03T19:36:54.1375616Z ##[group]Run ls -la ./extract-outbound/
2025-07-03T19:36:54.1375950Z [36;1mls -la ./extract-outbound/[0m
2025-07-03T19:36:54.1376189Z [36;1m[0m
2025-07-03T19:36:54.1376540Z [36;1mcd extract-outbound && python extract_outbound.py -o config_format.ini -f config.ini[0m
2025-07-03T19:36:54.1376953Z [36;1mcd ..[0m
2025-07-03T19:36:54.1377137Z [36;1m[0m
2025-07-03T19:36:54.1377326Z [36;1mecho "Checking output files:"[0m
2025-07-03T19:36:54.1377635Z [36;1m# Check JSON files in outbound-provider directory[0m
2025-07-03T19:36:54.1378003Z [36;1mecho "JSON files found in outbound-provider directory:"[0m
2025-07-03T19:36:54.1378754Z [36;1mfind ./outbound-provider -name "*.json" 2>/dev/null | sort || echo "outbound-provider directory not found"[0m
2025-07-03T19:36:54.1379226Z [36;1m[0m
2025-07-03T19:36:54.1379501Z [36;1m# Count total number of JSON files in outbound-provider directory[0m
2025-07-03T19:36:54.1379992Z [36;1mJSON_COUNT=$(find ./outbound-provider -name "*.json" 2>/dev/null | wc -l)[0m
2025-07-03T19:36:54.1380446Z [36;1mecho "Total JSON files in outbound-provider: $JSON_COUNT"[0m
2025-07-03T19:36:54.1380753Z [36;1m[0m
2025-07-03T19:36:54.1380946Z [36;1m# Check if any JSON files were created[0m
2025-07-03T19:36:54.1381224Z [36;1mif [ "$JSON_COUNT" -eq 0 ]; then[0m
2025-07-03T19:36:54.1381585Z [36;1m  echo "WARNING: No JSON files were created in outbound-provider directory!"[0m
2025-07-03T19:36:54.1381935Z [36;1m  exit 1[0m
2025-07-03T19:36:54.1382114Z [36;1mfi[0m
2025-07-03T19:36:54.1433170Z shell: /usr/bin/bash -e {0}
2025-07-03T19:36:54.1433395Z env:
2025-07-03T19:36:54.1433640Z   pythonLocation: /opt/hostedtoolcache/Python/3.10.18/x64
2025-07-03T19:36:54.1434048Z   PKG_CONFIG_PATH: /opt/hostedtoolcache/Python/3.10.18/x64/lib/pkgconfig
2025-07-03T19:36:54.1434444Z   Python_ROOT_DIR: /opt/hostedtoolcache/Python/3.10.18/x64
2025-07-03T19:36:54.1434977Z   Python2_ROOT_DIR: /opt/hostedtoolcache/Python/3.10.18/x64
2025-07-03T19:36:54.1435336Z   Python3_ROOT_DIR: /opt/hostedtoolcache/Python/3.10.18/x64
2025-07-03T19:36:54.1435688Z   LD_LIBRARY_PATH: /opt/hostedtoolcache/Python/3.10.18/x64/lib
2025-07-03T19:36:54.1435983Z ##[endgroup]
2025-07-03T19:36:54.1517497Z total 52
2025-07-03T19:36:54.1517903Z drwxr-xr-x 2 runner docker  4096 Jul  3 19:32 .
2025-07-03T19:36:54.1518649Z drwxr-xr-x 8 runner docker  4096 Jul  3 19:32 ..
2025-07-03T19:36:54.1519120Z -rw-r--r-- 1 runner docker  1003 Jul  3 19:32 README.md
2025-07-03T19:36:54.1519463Z -rw-r--r-- 1 runner docker  2240 Jul  3 19:32 config.ini
2025-07-03T19:36:54.1519809Z -rw-r--r-- 1 runner docker   962 Jul  3 19:32 config_format.ini
2025-07-03T19:36:54.1520185Z -rwxr-xr-x 1 runner docker 27253 Jul  3 19:32 extract_outbound.py
2025-07-03T19:36:54.1520562Z -rw-r--r-- 1 runner docker  3550 Jul  3 19:32 upload_to_r2.py
2025-07-03T19:37:04.4106858Z Format outbound berhasil dimuat dari 'config_format.ini'
2025-07-03T19:37:04.4107497Z Found 6 configuration(s) in file 'config.ini'.
2025-07-03T19:37:04.4107809Z 
2025-07-03T19:37:04.4107989Z Processing configuration 1/6...
2025-07-03T19:37:04.4108249Z 
2025-07-03T19:37:04.4108389Z Menggunakan konfigurasi:
2025-07-03T19:37:04.4108977Z - Negara: ID
2025-07-03T19:37:04.4109284Z - Protokol: vless
2025-07-03T19:37:04.4109580Z - Security: tls
2025-07-03T19:37:04.4109868Z - Output file: ID vless tls.json
2025-07-03T19:37:04.4110405Z Waktu saat ini: 03:36:54 (UTC+8) - Menggunakan https://proxy.ex-vpn.my.id
2025-07-03T19:37:04.4110961Z Fetching vless tls proxies from ID...
2025-07-03T19:37:04.4111357Z Found 7 vless tls proxies from ID
2025-07-03T19:37:04.4111739Z Created directory: outbound-provider
2025-07-03T19:37:04.4112118Z Total proxies collected: 7
2025-07-03T19:37:04.4112633Z Successfully saved all proxies to outbound-provider/ID vless tls.json
2025-07-03T19:37:04.4113566Z 
2025-07-03T19:37:04.4113694Z Summary:
2025-07-03T19:37:04.4114277Z - 🇮🇩 ID Vless TLS: 7 proxies
2025-07-03T19:37:04.4114555Z 
2025-07-03T19:37:04.4114722Z Processing configuration 2/6...
2025-07-03T19:37:04.4115349Z 
2025-07-03T19:37:04.4115513Z Menggunakan konfigurasi:
2025-07-03T19:37:04.4115872Z - Negara: ID
2025-07-03T19:37:04.4116222Z - Protokol: vless
2025-07-03T19:37:04.4116527Z - Security: ntls
2025-07-03T19:37:04.4116752Z - Output file: ID vless ntls.json
2025-07-03T19:37:04.4117128Z Waktu saat ini: 03:36:55 (UTC+8) - Menggunakan https://proxy.ex-vpn.my.id
2025-07-03T19:37:04.4117531Z Fetching vless ntls proxies from ID...
2025-07-03T19:37:04.4117820Z Found 7 vless ntls proxies from ID
2025-07-03T19:37:04.4118088Z Total proxies collected: 7
2025-07-03T19:37:04.4118624Z Successfully saved all proxies to outbound-provider/ID vless ntls.json
2025-07-03T19:37:04.4118946Z 
2025-07-03T19:37:04.4119028Z Summary:
2025-07-03T19:37:04.4119315Z - 🇮🇩 ID Vless NTLS: 7 proxies
2025-07-03T19:37:04.4119491Z 
2025-07-03T19:37:04.4119596Z Processing configuration 3/6...
2025-07-03T19:37:04.4119761Z 
2025-07-03T19:37:04.4119856Z Menggunakan konfigurasi:
2025-07-03T19:37:04.4120074Z - Negara: SG
2025-07-03T19:37:04.4120276Z - Protokol: vless
2025-07-03T19:37:04.4120481Z - Security: tls
2025-07-03T19:37:04.4120696Z - Output file: SG vless tls.json
2025-07-03T19:37:04.4121048Z Waktu saat ini: 03:36:56 (UTC+8) - Menggunakan https://proxy.ex-vpn.my.id
2025-07-03T19:37:04.4121434Z Fetching vless tls proxies from SG...
2025-07-03T19:37:04.4121771Z Added SG proxy from provider: 365 group llc ws tls [proxy]
2025-07-03T19:37:04.4122166Z Added SG proxy from provider: melbikomas uab ws tls [proxy]
2025-07-03T19:37:04.4122594Z Added SG proxy from provider: ovh singapore pte. ltd ws tls [proxy]
2025-07-03T19:37:04.4123015Z Added SG proxy from provider: digitalocean ws tls [proxy]
2025-07-03T19:37:04.4123438Z Added SG proxy from provider: internet utilities na llc ws tls [proxy]
2025-07-03T19:37:04.4123995Z Added SG proxy from provider: oracle corporation ws tls [proxy]
2025-07-03T19:37:04.4124420Z Added SG proxy from provider: oracle public cloud ws tls [proxy]
2025-07-03T19:37:04.4124778Z Found 7 vless tls proxies from SG
2025-07-03T19:37:04.4125047Z Total proxies collected: 7
2025-07-03T19:37:04.4125394Z Successfully saved all proxies to outbound-provider/SG vless tls.json
2025-07-03T19:37:04.4125690Z 
2025-07-03T19:37:04.4125763Z Summary:
2025-07-03T19:37:04.4125995Z - 🇸🇬 SG Vless TLS: 7 proxies
2025-07-03T19:37:04.4126157Z 
2025-07-03T19:37:04.4126257Z Processing configuration 4/6...
2025-07-03T19:37:04.4126428Z 
2025-07-03T19:37:04.4126520Z Menggunakan konfigurasi:
2025-07-03T19:37:04.4126743Z - Negara: SG
2025-07-03T19:37:04.4126936Z - Protokol: vless
2025-07-03T19:37:04.4127138Z - Security: ntls
2025-07-03T19:37:04.4127347Z - Output file: SG vless ntls.json
2025-07-03T19:37:04.4127704Z Waktu saat ini: 03:36:57 (UTC+8) - Menggunakan https://proxy.ex-vpn.my.id
2025-07-03T19:37:04.4128097Z Fetching vless ntls proxies from SG...
2025-07-03T19:37:04.4128624Z Added SG proxy from provider: vultr holdings ws ntls [proxy]
2025-07-03T19:37:04.4129076Z Added SG proxy from provider: ovh singapore pte. ltd ws ntls [proxy]
2025-07-03T19:37:04.4129567Z Added SG proxy from provider: amazon data services singapore ws ntls [proxy]
2025-07-03T19:37:04.4129978Z Added SG proxy from provider: digitalocean ws ntls [proxy]
2025-07-03T19:37:04.4130359Z Added SG proxy from provider: internet utilities na llc ws ntls [proxy]
2025-07-03T19:37:04.4130757Z Added SG proxy from provider: oracle corporation ws ntls [proxy]
2025-07-03T19:37:04.4131166Z Added SG proxy from provider: eons data communications limited ws ntls [proxy]
2025-07-03T19:37:04.4131582Z Added SG proxy from provider: zappie host llc ws ntls [proxy]
2025-07-03T19:37:04.4131889Z Found 8 vless ntls proxies from SG
2025-07-03T19:37:04.4132128Z Total proxies collected: 8
2025-07-03T19:37:04.4132436Z Successfully saved all proxies to outbound-provider/SG vless ntls.json
2025-07-03T19:37:04.4132867Z 
2025-07-03T19:37:04.4132943Z Summary:
2025-07-03T19:37:04.4133167Z - 🇸🇬 SG Vless NTLS: 8 proxies
2025-07-03T19:37:04.4133308Z 
2025-07-03T19:37:04.4133402Z Processing configuration 5/6...
2025-07-03T19:37:04.4133669Z 
2025-07-03T19:37:04.4133758Z Menggunakan konfigurasi:
2025-07-03T19:37:04.4133954Z - Negara: ID, SG
2025-07-03T19:37:04.4134144Z - Protokol: trojan
2025-07-03T19:37:04.4134330Z - Security: tls, ntls
2025-07-03T19:37:04.4134545Z - Output file: ID SG trojan tls ntls.json
2025-07-03T19:37:04.4134881Z Waktu saat ini: 03:36:57 (UTC+8) - Menggunakan https://proxy.ex-vpn.my.id
2025-07-03T19:37:04.4135227Z Fetching trojan tls proxies from ID...
2025-07-03T19:37:04.4135480Z Found 8 trojan tls proxies from ID
2025-07-03T19:37:04.4135723Z Fetching trojan ntls proxies from ID...
2025-07-03T19:37:04.4135977Z Found 7 trojan ntls proxies from ID
2025-07-03T19:37:04.4136224Z Fetching trojan tls proxies from SG...
2025-07-03T19:37:04.4136528Z Added SG proxy from provider: oracle corporation ws tls [proxy]
2025-07-03T19:37:04.4136926Z Added SG proxy from provider: first server limited ws tls [proxy]
2025-07-03T19:37:04.4137274Z Added SG proxy from provider: m1 ltd ws tls [proxy]
2025-07-03T19:37:04.4137627Z Added SG proxy from provider: ovh singapore pte. ltd ws tls [proxy]
2025-07-03T19:37:04.4138032Z Added SG proxy from provider: internet utilities na llc ws tls [proxy]
2025-07-03T19:37:04.4138415Z Added SG proxy from provider: oracle public cloud ws tls [proxy]
2025-07-03T19:37:04.4138912Z Added SG proxy from provider: unknown
2025-07-03T19:37:04.4139158Z Found 7 trojan tls proxies from SG
2025-07-03T19:37:04.4139401Z Fetching trojan ntls proxies from SG...
2025-07-03T19:37:04.4139704Z Added SG proxy from provider: sgp_vultr_cust ws ntls [proxy]
2025-07-03T19:37:04.4140069Z Added SG proxy from provider: oracle corporation ws ntls [proxy]
2025-07-03T19:37:04.4140455Z Added SG proxy from provider: ovh singapore pte. ltd ws ntls [proxy]
2025-07-03T19:37:04.4140912Z Added SG proxy from provider: alibaba cloud (singapore) private limited ws ntls [proxy]
2025-07-03T19:37:04.4141361Z Added SG proxy from provider: alibaba cloud llc ws ntls [proxy]
2025-07-03T19:37:04.4141725Z Added SG proxy from provider: oracle svenska ab ws ntls [proxy]
2025-07-03T19:37:04.4142088Z Added SG proxy from provider: 6 collyer quay ws ntls [proxy]
2025-07-03T19:37:04.4142443Z Added SG proxy from provider: vultr holdings ws ntls [proxy]
2025-07-03T19:37:04.4142743Z Found 8 trojan ntls proxies from SG
2025-07-03T19:37:04.4142979Z Total proxies collected: 30
2025-07-03T19:37:04.4143312Z Successfully saved all proxies to outbound-provider/ID SG trojan tls ntls.json
2025-07-03T19:37:04.4143600Z 
2025-07-03T19:37:04.4143671Z Summary:
2025-07-03T19:37:04.4143892Z - 🇮🇩 ID Trojan TLS: 8 proxies
2025-07-03T19:37:04.4144137Z - 🇮🇩 ID Trojan NTLS: 7 proxies
2025-07-03T19:37:04.4144389Z - 🇸🇬 SG Trojan TLS: 7 proxies
2025-07-03T19:37:04.4144633Z - 🇸🇬 SG Trojan NTLS: 8 proxies
2025-07-03T19:37:04.4144790Z 
2025-07-03T19:37:04.4144878Z Processing configuration 6/6...
2025-07-03T19:37:04.4145113Z Warning: Invalid country codes: VT
2025-07-03T19:37:04.4145355Z These country codes will be ignored.
2025-07-03T19:37:04.4145511Z 
2025-07-03T19:37:04.4145605Z Menggunakan konfigurasi:
2025-07-03T19:37:04.4145820Z - Negara: KR, JP, US, CN, TH
2025-07-03T19:37:04.4146024Z - Protokol: vless
2025-07-03T19:37:04.4146211Z - Security: tls, ntls
2025-07-03T19:37:04.4154284Z - Output file: backup.json
2025-07-03T19:37:04.4154864Z Waktu saat ini: 03:36:59 (UTC+8) - Menggunakan https://proxy.ex-vpn.my.id
2025-07-03T19:37:04.4155483Z Fetching vless tls proxies from KR...
2025-07-03T19:37:04.4155840Z Added KR proxy from provider: oracle corporation ws tls [proxy]
2025-07-03T19:37:04.4156238Z Added KR proxy from provider: korea telecom ws tls [proxy]
2025-07-03T19:37:04.4156626Z Added KR proxy from provider: lg dacom corporation ws tls [proxy]
2025-07-03T19:37:04.4157010Z Added KR proxy from provider: oracle corp uk ltd ws tls [proxy]
2025-07-03T19:37:04.4157551Z Added KR proxy from provider: cyberia ws tls [proxy]
2025-07-03T19:37:04.4157883Z Added KR proxy from provider: lg powercomm ws tls [proxy]
2025-07-03T19:37:04.4158321Z Added KR proxy from provider: dlive ws tls [proxy]
2025-07-03T19:37:04.4158812Z Found 7 vless tls proxies from KR
2025-07-03T19:37:04.4159069Z Fetching vless ntls proxies from KR...
2025-07-03T19:37:04.4159373Z Added KR proxy from provider: lg powercomm ws ntls [proxy]
2025-07-03T19:37:04.4159750Z Added KR proxy from provider: lg hellovision corp. ws ntls [proxy]
2025-07-03T19:37:04.4160127Z Added KR proxy from provider: korea telecom ws ntls [proxy]
2025-07-03T19:37:04.4160519Z Added KR proxy from provider: oracle corporation ws ntls [proxy]
2025-07-03T19:37:04.4160840Z Found 4 vless ntls proxies from KR
2025-07-03T19:37:04.4161092Z Fetching vless tls proxies from JP...
2025-07-03T19:37:04.4161393Z Added JP proxy from provider: worktitans b.v. ws tls [proxy]
2025-07-03T19:37:04.4161768Z Added JP proxy from provider: xtom japan corporation ws tls [proxy]
2025-07-03T19:37:04.4162164Z Added JP proxy from provider: oracle corporation ws tls [proxy]
2025-07-03T19:37:04.4162530Z Added JP proxy from provider: it7 networks inc ws tls [proxy]
2025-07-03T19:37:04.4162892Z Added JP proxy from provider: vultr holdings ws tls [proxy]
2025-07-03T19:37:04.4163250Z Added JP proxy from provider: 3nt solutions llp ws tls [proxy]
2025-07-03T19:37:04.4163685Z Added JP proxy from provider: jurgita jurgaitiene trading as locotorpi ws tls [proxy]
2025-07-03T19:37:04.4164177Z Added JP proxy from provider: imported inetnum object for ocpl-1 ws tls [proxy]
2025-07-03T19:37:04.4164543Z Found 8 vless tls proxies from JP
2025-07-03T19:37:04.4164788Z Fetching vless ntls proxies from JP...
2025-07-03T19:37:04.4165144Z Added JP proxy from provider: techavenue international ltd ws ntls [proxy]
2025-07-03T19:37:04.4165550Z Added JP proxy from provider: 3nt solutions llp ws ntls [proxy]
2025-07-03T19:37:04.4165911Z Added JP proxy from provider: prinode ab ws ntls [proxy]
2025-07-03T19:37:04.4166310Z Added JP proxy from provider: akamai connected cloud / linode ws ntls [proxy]
2025-07-03T19:37:04.4166730Z Added JP proxy from provider: oracle public cloud ws ntls [proxy]
2025-07-03T19:37:04.4167116Z Added JP proxy from provider: alibaba cloud - jp ws ntls [proxy]
2025-07-03T19:37:04.4167501Z Added JP proxy from provider: it7 networks inc ws ntls [proxy]
2025-07-03T19:37:04.4167876Z Added JP proxy from provider: oracle corporation ws ntls [proxy]
2025-07-03T19:37:04.4168281Z Added JP proxy from provider: amazon data services japan ws ntls [proxy]
2025-07-03T19:37:04.4168908Z Found 9 vless ntls proxies from JP
2025-07-03T19:37:04.4169160Z Fetching vless tls proxies from US...
2025-07-03T19:37:04.4169458Z Added US proxy from provider: racknerd llc ws tls [proxy]
2025-07-03T19:37:04.4169814Z Added US proxy from provider: cluster logic inc ws tls [proxy]
2025-07-03T19:37:04.4170216Z Added US proxy from provider: virtual machine solutions llc ws tls [proxy]
2025-07-03T19:37:04.4170630Z Added US proxy from provider: oracle public cloud ws tls [proxy]
2025-07-03T19:37:04.4170997Z Added US proxy from provider: it7 networks inc ws tls [proxy]
2025-07-03T19:37:04.4171310Z Found 5 vless tls proxies from US
2025-07-03T19:37:04.4171555Z Fetching vless ntls proxies from US...
2025-07-03T19:37:04.4171851Z Added US proxy from provider: racknerd llc ws ntls [proxy]
2025-07-03T19:37:04.4172218Z Added US proxy from provider: multacom corporation ws ntls [proxy]
2025-07-03T19:37:04.4172586Z Added US proxy from provider: ovh us llc ws ntls [proxy]
2025-07-03T19:37:04.4172928Z Added US proxy from provider: it7 networks inc ws ntls [proxy]
2025-07-03T19:37:04.4173276Z Added US proxy from provider: cloudflare ws ntls [proxy]
2025-07-03T19:37:04.4173626Z Added US proxy from provider: alibaba cloud - us ws ntls [proxy]
2025-07-03T19:37:04.4173969Z Added US proxy from provider: tzulo ws ntls [proxy]
2025-07-03T19:37:04.4174286Z Added US proxy from provider: vercara ws ntls [proxy]
2025-07-03T19:37:04.4174715Z Found 8 vless ntls proxies from US
2025-07-03T19:37:04.4174962Z Fetching vless tls proxies from CN...
2025-07-03T19:37:04.4175279Z Added CN proxy from provider: hurricane electric llc ws tls [proxy]
2025-07-03T19:37:04.4175704Z Found 1 vless tls proxies from CN
2025-07-03T19:37:04.4175947Z Fetching vless ntls proxies from CN...
2025-07-03T19:37:05.1683562Z Added CN proxy from provider: hurricane electric llc ws ntls [proxy]
2025-07-03T19:37:05.1684386Z Found 1 vless ntls proxies from CN
2025-07-03T19:37:05.1684726Z Fetching vless tls proxies from TH...
2025-07-03T19:37:05.1685093Z Added TH proxy from provider: readyidc ws tls [proxy]
2025-07-03T19:37:05.1685519Z Added TH proxy from provider: readyidc co. ws tls [proxy]
2025-07-03T19:37:05.1685981Z Added TH proxy from provider: true internet co. ws tls [proxy]
2025-07-03T19:37:05.1686387Z Found 3 vless tls proxies from TH
2025-07-03T19:37:05.1686699Z Fetching vless ntls proxies from TH...
2025-07-03T19:37:05.1687098Z Added TH proxy from provider: true internet co. ws ntls [proxy]
2025-07-03T19:37:05.1687498Z Added TH proxy from provider: readyidc ws ntls [proxy]
2025-07-03T19:37:05.1687852Z Added TH proxy from provider: readyidc co. ws ntls [proxy]
2025-07-03T19:37:05.1688177Z Found 3 vless ntls proxies from TH
2025-07-03T19:37:05.1688637Z Total proxies collected: 49
2025-07-03T19:37:05.1689017Z Successfully saved all proxies to outbound-provider/backup.json
2025-07-03T19:37:05.1689292Z 
2025-07-03T19:37:05.1689364Z Summary:
2025-07-03T19:37:05.1689786Z - 🇰🇷 KR Vless TLS: 7 proxies
2025-07-03T19:37:05.1690062Z - 🇰🇷 KR Vless NTLS: 4 proxies
2025-07-03T19:37:05.1690323Z - 🇯🇵 JP Vless TLS: 8 proxies
2025-07-03T19:37:05.1690579Z - 🇯🇵 JP Vless NTLS: 9 proxies
2025-07-03T19:37:05.1690835Z - 🇺🇸 US Vless TLS: 5 proxies
2025-07-03T19:37:05.1691088Z - 🇺🇸 US Vless NTLS: 8 proxies
2025-07-03T19:37:05.1691338Z - 🇨🇳 CN Vless TLS: 1 proxies
2025-07-03T19:37:05.1691595Z - 🇨🇳 CN Vless NTLS: 1 proxies
2025-07-03T19:37:05.1691847Z - 🇹🇭 TH Vless TLS: 3 proxies
2025-07-03T19:37:05.1692113Z - 🇹🇭 TH Vless NTLS: 3 proxies
2025-07-03T19:37:05.1692260Z 
2025-07-03T19:37:05.1692399Z Total proxies collected from all configurations: 108
2025-07-03T19:37:05.1841566Z Checking output files:
2025-07-03T19:37:05.1842181Z JSON files found in outbound-provider directory:
2025-07-03T19:37:05.1860362Z ./outbound-provider/ID SG trojan tls ntls.json
2025-07-03T19:37:05.1860742Z ./outbound-provider/ID vless ntls.json
2025-07-03T19:37:05.1861025Z ./outbound-provider/ID vless tls.json
2025-07-03T19:37:05.1861288Z ./outbound-provider/SG vless ntls.json
2025-07-03T19:37:05.1861544Z ./outbound-provider/SG vless tls.json
2025-07-03T19:37:05.1861797Z ./outbound-provider/Vmess Ntls.json
2025-07-03T19:37:05.1862049Z ./outbound-provider/Vmess Tls.json
2025-07-03T19:37:05.1862299Z ./outbound-provider/backup.json
2025-07-03T19:37:05.1965995Z Total JSON files in outbound-provider: 8
2025-07-03T19:37:05.1999109Z ##[group]Run if [ "$ENABLE_UPLOAD" = "true" ]; then
2025-07-03T19:37:05.1999505Z [36;1mif [ "$ENABLE_UPLOAD" = "true" ]; then[0m
2025-07-03T19:37:05.1999840Z [36;1m  cd extract-outbound && python upload_to_r2.py[0m
2025-07-03T19:37:05.2000133Z [36;1melse[0m
2025-07-03T19:37:05.2000342Z [36;1m  echo "Upload to R2 is disabled"[0m
2025-07-03T19:37:05.2000585Z [36;1mfi[0m
2025-07-03T19:37:05.2056502Z shell: /usr/bin/bash -e {0}
2025-07-03T19:37:05.2056727Z env:
2025-07-03T19:37:05.2056981Z   pythonLocation: /opt/hostedtoolcache/Python/3.10.18/x64
2025-07-03T19:37:05.2057401Z   PKG_CONFIG_PATH: /opt/hostedtoolcache/Python/3.10.18/x64/lib/pkgconfig
2025-07-03T19:37:05.2057810Z   Python_ROOT_DIR: /opt/hostedtoolcache/Python/3.10.18/x64
2025-07-03T19:37:05.2058168Z   Python2_ROOT_DIR: /opt/hostedtoolcache/Python/3.10.18/x64
2025-07-03T19:37:05.2058627Z   Python3_ROOT_DIR: /opt/hostedtoolcache/Python/3.10.18/x64
2025-07-03T19:37:05.2059009Z   LD_LIBRARY_PATH: /opt/hostedtoolcache/Python/3.10.18/x64/lib
2025-07-03T19:37:05.2059309Z   ENABLE_UPLOAD: false
2025-07-03T19:37:05.2060041Z   R2_ACCESS_KEY_ID: ***
2025-07-03T19:37:05.2060410Z   R2_SECRET_ACCESS_KEY: ***
2025-07-03T19:37:05.2060658Z   R2_ACCOUNT_ID: ***
2025-07-03T19:37:05.2060851Z   R2_BUCKET_NAME: cloud
2025-07-03T19:37:05.2061054Z   R2_FOLDER_NAME: sing-box_config
2025-07-03T19:37:05.2061284Z ##[endgroup]
2025-07-03T19:37:05.2132304Z Upload to R2 is disabled
2025-07-03T19:37:05.2179390Z ##[group]Run stefanzweifel/git-auto-commit-action@v5
2025-07-03T19:37:05.2179706Z with:
2025-07-03T19:37:05.2179928Z   commit_message: Update proxy list [automated]
2025-07-03T19:37:05.2180325Z   file_pattern: *.json README.md config.ini config_format.ini outbound-provider/
2025-07-03T19:37:05.2180697Z   commit_user_name: GitHub Actions Bot
2025-07-03T19:37:05.2180957Z   commit_user_email: actions@github.com
2025-07-03T19:37:05.2181255Z   commit_author: GitHub Actions Bot <actions@github.com>
2025-07-03T19:37:05.2181552Z   push_options: --force
2025-07-03T19:37:05.2181756Z   repository: .
2025-07-03T19:37:05.2181946Z   skip_dirty_check: false
2025-07-03T19:37:05.2182159Z   skip_fetch: false
2025-07-03T19:37:05.2182344Z   skip_checkout: false
2025-07-03T19:37:05.2182541Z   disable_globbing: false
2025-07-03T19:37:05.2182747Z   create_branch: false
2025-07-03T19:37:05.2182946Z   create_git_tag_only: false
2025-07-03T19:37:05.2183161Z   internal_git_binary: git
2025-07-03T19:37:05.2183380Z env:
2025-07-03T19:37:05.2183609Z   pythonLocation: /opt/hostedtoolcache/Python/3.10.18/x64
2025-07-03T19:37:05.2184009Z   PKG_CONFIG_PATH: /opt/hostedtoolcache/Python/3.10.18/x64/lib/pkgconfig
2025-07-03T19:37:05.2184395Z   Python_ROOT_DIR: /opt/hostedtoolcache/Python/3.10.18/x64
2025-07-03T19:37:05.2184740Z   Python2_ROOT_DIR: /opt/hostedtoolcache/Python/3.10.18/x64
2025-07-03T19:37:05.2185083Z   Python3_ROOT_DIR: /opt/hostedtoolcache/Python/3.10.18/x64
2025-07-03T19:37:05.2185430Z   LD_LIBRARY_PATH: /opt/hostedtoolcache/Python/3.10.18/x64/lib
2025-07-03T19:37:05.2185721Z ##[endgroup]
2025-07-03T19:37:05.2417610Z Started: bash /home/runner/work/_actions/stefanzweifel/git-auto-commit-action/v5/entrypoint.sh
2025-07-03T19:37:05.2457681Z INPUT_REPOSITORY value: .
2025-07-03T19:37:05.2458113Z INPUT_STATUS_OPTIONS: 
2025-07-03T19:37:05.2459243Z INPUT_FILE_PATTERN: *.json README.md config.ini config_format.ini outbound-provider/
2025-07-03T19:37:05.2607333Z Working tree clean. Nothing to commit.
2025-07-03T19:37:05.2662107Z ##[group]Run echo "Workflow completed successfully!"
2025-07-03T19:37:05.2662484Z [36;1mecho "Workflow completed successfully!"[0m
2025-07-03T19:37:05.2662849Z [36;1mecho "JSON files generated in outbound-provider directory:"[0m
2025-07-03T19:37:05.2663347Z [36;1mfind ./outbound-provider -name "*.json" 2>/dev/null | sort || echo "No JSON files found"[0m
2025-07-03T19:37:05.2663919Z [36;1mecho "Total JSON files: $(find ./outbound-provider -name "*.json" 2>/dev/null | wc -l)"[0m
2025-07-03T19:37:05.2720659Z shell: /usr/bin/bash -e {0}
2025-07-03T19:37:05.2720890Z env:
2025-07-03T19:37:05.2721147Z   pythonLocation: /opt/hostedtoolcache/Python/3.10.18/x64
2025-07-03T19:37:05.2721580Z   PKG_CONFIG_PATH: /opt/hostedtoolcache/Python/3.10.18/x64/lib/pkgconfig
2025-07-03T19:37:05.2721976Z   Python_ROOT_DIR: /opt/hostedtoolcache/Python/3.10.18/x64
2025-07-03T19:37:05.2722329Z   Python2_ROOT_DIR: /opt/hostedtoolcache/Python/3.10.18/x64
2025-07-03T19:37:05.2722732Z   Python3_ROOT_DIR: /opt/hostedtoolcache/Python/3.10.18/x64
2025-07-03T19:37:05.2723097Z   LD_LIBRARY_PATH: /opt/hostedtoolcache/Python/3.10.18/x64/lib
2025-07-03T19:37:05.2723388Z ##[endgroup]
2025-07-03T19:37:05.2795872Z Workflow completed successfully!
2025-07-03T19:37:05.2796383Z JSON files generated in outbound-provider directory:
2025-07-03T19:37:05.2812860Z ./outbound-provider/ID SG trojan tls ntls.json
2025-07-03T19:37:05.2813204Z ./outbound-provider/ID vless ntls.json
2025-07-03T19:37:05.2813486Z ./outbound-provider/ID vless tls.json
2025-07-03T19:37:05.2813752Z ./outbound-provider/SG vless ntls.json
2025-07-03T19:37:05.2814003Z ./outbound-provider/SG vless tls.json
2025-07-03T19:37:05.2814610Z ./outbound-provider/Vmess Ntls.json
2025-07-03T19:37:05.2815059Z ./outbound-provider/Vmess Tls.json
2025-07-03T19:37:05.2815500Z ./outbound-provider/backup.json
2025-07-03T19:37:05.2833460Z Total JSON files: 8
2025-07-03T19:37:05.2872300Z Post job cleanup.
2025-07-03T19:37:05.4476329Z Post job cleanup.
2025-07-03T19:37:05.5783117Z Post job cleanup.
2025-07-03T19:37:05.6737190Z [command]/usr/bin/git version
2025-07-03T19:37:05.6773856Z git version 2.49.0
2025-07-03T19:37:05.6811491Z Copying '/home/runner/.gitconfig' to '/home/runner/work/_temp/17187fa3-7f80-42c9-80c4-69c7447c15c9/.gitconfig'
2025-07-03T19:37:05.6821375Z Temporarily overriding HOME='/home/runner/work/_temp/17187fa3-7f80-42c9-80c4-69c7447c15c9' before making global git config changes
2025-07-03T19:37:05.6822457Z Adding repository directory to the temporary git global config as a safe directory
2025-07-03T19:37:05.6827248Z [command]/usr/bin/git config --global --add safe.directory /home/runner/work/sing-box-config/sing-box-config
2025-07-03T19:37:05.6868788Z [command]/usr/bin/git config --local --name-only --get-regexp core\.sshCommand
2025-07-03T19:37:05.6900496Z [command]/usr/bin/git submodule foreach --recursive sh -c "git config --local --name-only --get-regexp 'core\.sshCommand' && git config --local --unset-all 'core.sshCommand' || :"
2025-07-03T19:37:05.7134287Z [command]/usr/bin/git config --local --name-only --get-regexp http\.https\:\/\/github\.com\/\.extraheader
2025-07-03T19:37:05.7155356Z http.https://github.com/.extraheader
2025-07-03T19:37:05.7167835Z [command]/usr/bin/git config --local --unset-all http.https://github.com/.extraheader
2025-07-03T19:37:05.7198966Z [command]/usr/bin/git submodule foreach --recursive sh -c "git config --local --name-only --get-regexp 'http\.https\:\/\/github\.com\/\.extraheader' && git config --local --unset-all 'http.https://github.com/.extraheader' || :"
2025-07-03T19:37:05.7537588Z Cleaning up orphan processes